name,address,website,phone,rating
Electric Bikes Sales and Service,"207 E Fern Ave, Gulf Shores, AL",https://electricbikessalesandservice.com/,(205) 535-5792,5
"Urban Air Spanish Fort, AL","31000 Bass Pro Dr, Gulf Shores, AL",https://www.urbanairtrampolinepark.com/locations/alabama/spanish-fort,(256) 269-3213,4.7
Fort Gaines,"51 Bienville Blvd, Gulf Shores, AL",https://fort-gaines.com/,(251) 861-6992,4.7
Florida Public Archaeology Network/Destination Archaeology Resource Center,"207 E Main St, Gulf Shores, FL",http://www.fpan.us/,(850) 595-0050,4.7
diamond,"Gulf Shores, AL 36542, USA",,,1
Lauria's by the Beach,"412 W Beach Blvd, Gulf Shores, AL 36542, USA",https://m.facebook.com/Laurias-108209917985679/?ref=bookmarks#_=_,(251) 223-4963,4.5
Nelson Marina,"16800 Nelson Ln, Gulf Shores, AL",http://www.nelsonboatyard.com/,(251) 550-6054,4.9
Preserve at Perdido,"2600 S Blue Angel Pkwy, Gulf Shores, FL",https://www.preserveatperdido.com/,(855) 942-3422,4.2
Seminole Casino Hotel Immokalee,"506 S 1st St, Gulf Shores, FL",https://www.seminoleimmokaleecasino.com/?utm_campaign=sga%7Ccasino%7Cimmokalee%7Cgmb&utm_medium=organic&utm_source=google&utm_content=website,(239) 658-1313,4.1
Lost Key Marina & Yacht Club,"10045 Sinton Dr, Gulf Shores, FL",https://www.amberjackebikerentals.com/,(850) 492-2612,4.2
Butterfly Garden,"Orange Beach, Gulf Shores, AL",https://www.alapark.com/parks/gulf-state-park,,4.5
Eclipse Salon,"3876 S McKenzie St, Foley, AL 36535, USA, Gulf Shores, AL",,(251) 269-9341,4.7
Gulf Shores Public Parking,"236 W 1st Ave, Gulf Shores, AL 36542, USA",https://www.gulfshoresal.gov/1139/Beach-Parking,,4.3
Sassy Bass Market Place,"5160 AL-180 suite b, Gulf Shores, AL 36542, USA",https://sassybass.com/market-place/,(251) 975-1010 ext. 2,4.2
Gulf Shores Activity Center,"260 Clubhouse Dr, Gulf Shores, AL",https://www.gulfshoresal.gov/1167/Activity-Center,(251) 968-1173,4.9
Circle H Vacations,"13575 Sandy Key Dr, Gulf Shores, FL",https://www.circlehvacations.com/about-us,(256) 620-5014,
Pine Beach Trail,"1609 Mobile St, Gulf Shores, AL",http://fws.gov/,,4.6
Ourperfectvacation,"31 Meadow Ln, Gulf Shores, AL",http://www.ourperfectvacation.com/,(256) 530-0990,5
Jurassic Golf,"3800 Gulf Shores Pkwy #142, Gulf Shores, AL",http://www.jurassicgolfgs.com/,(251) 948-0227,4.4
Zoo Foundation Inc,"20499 Oak Rd E, Gulf Shores, AL",http://alabamagulfcoastzoo.org/,(251) 256-7008,4.4
Mikato Japanese Steakhouse,"{'street': '3800 Gulf Shores Pkwy, Ste 200', 'city': 'Gulf Shores', 'state': 'AL', 'zip': '36542', 'coordinates': {'lat': 30.300315, 'lng': -87.681085}}",http://mikatojapanese.com/,(251) 968-2525,
Lillian Veterinary Hospital,"33940 US-98, Gulf Shores, AL",https://www.lillianvethospital.com/,(251) 962-2304,4.8
509 Live,"270 Dauphin St, Gulf Shores, AL",,(541) 430-4245,4.2
Weeks Bay Pitcher Plant Bog and Kurt G. Wintermeyer Nature Trail,"13066 Fish River Rd, Gulf Shores, AL",https://www.outdooralabama.com/weeks-bay-reserve/weeks-bay-pitcher-plant-bog,(251) 928-9792,4.6
Harrison Park,"5074 Bayou Dr, Gulf Shores, AL",,,4.1
BeachLIFE Fitness Functional Fitness Perdido Key,"13118 Sorrento Rd ste d, Pensacola, FL 32507, USA, Gulf Shores, FL",http://beachlifefitness.com/,(509) 220-6066,4.9
Big Water Bay,"107 S Owa Blvd, Gulf Shores, AL",https://visitowa.com/attractions/big-water-bay/,,5
Hand & Stone Massage and Facial Spa - Gulf Shores,"{'street': '3800 Gulf Shores Parkway Suite 400', 'city': 'Gulf Shores', 'state': 'AL', 'zip': '36542', 'coordinates': {}}",https://handandstone.com,+1-251-283-0800,
Red Roof Inn Gulf Shores,"3049 W 1st St, Gulf Shores, AL",https://www.redroof.com/property/al/Gulf-Shores/RRI946?utm_source=GMB&utm_medium=Google&utm_campaign=GMB_Performance_RRI946,#ERROR!,3.2
Orange Beach Weddings,"24951 Perdido Beach Blvd #100, Gulf Shores, AL",http://www.orangebeachweddings.com/,(251) 923-7164,5
Orange Beach Performing Arts Center,"23908 Canal Rd, Gulf Shores, AL",https://www.orangebeachal.gov/events/performing-arts,(251) 923-0043,5
Efes Greek Kitchen,"{'street': '1550 AL-59', 'city': 'Gulf Shores', 'state': 'Alabama', 'zip': '36542', 'coordinates': {'lat': 30.26674599999999, 'lng': -87.688118}}",https://efesgreekkitchen.com,+1-256-342-1000,4.6
Parking 10/13,"4 W 10th St, Gulf Shores, AL 36542, USA",,,
Hertz Car Rental - Gulf Shores,"{'street': 'FBO-gulf Air Jka', 'city': 'Gulf Shores', 'state': 'Alabama', 'coordinates': {}}",https://www.hertz.com/us/en/location/unitedstates/alabama/gulfshores/guft01,,
5eleven Palafox Event Hosting,"511 S Palafox St, Gulf Shores, FL",https://5elevenpalafox.com/,(850) 977-0180,4.6
Basil & Sprout,"4771-1 Bayou Blvd, Gulf Shores, FL",https://www.basilsprout.com/,(850) 857-8055,4.5
Pensacola Greyhound Track & Poker Room,"951 Dog Track Rd, Gulf Shores, FL",http://pensacolagreyhoundtrack.com/,(850) 456-9800,3.8
University of West Florida Center for Fine & Performing Arts,"11000 University Pkwy Building 82, Gulf Shores, FL",http://uwf.edu/cfpa/,(850) 857-6285,4.4
Haven Harbor,"2608 Ponce De Leon Ct, Gulf Shores, AL",https://www.vacationhomescollection.com/rentals/haven-harbor,,4.7
Amberjack E-Bike Rentals,"{'city': 'Gulf Shores', 'state': 'Alabama', 'coordinates': {}}",https://www.amberjackebikerentals.com/,,
Pensacola Casino Beach,"Pensacola Beach, Gulf Shores, FL",,,5
"Dolphin Cove Marina Gulf Shores, AL","4159 Co Rd 6, Gulf Shores, AL",https://www.dolphin-cove-marina.com/,(251) 223-4055,5
Wolf Creek Park,"9575 Wolf Creek Ridge, Gulf Shores, AL",https://grahamcreekpreserve.org/wolf-creek-park/,(251) 973-4267,4.6
Seawind Condos,"{'street': '401 East Beach Beach Boulevard', 'city': 'Gulf Shores', 'state': 'AL', 'zip': '36542'}",https://www.gulfshorescondoseawind.com/,(913) 620-1375,
Fort Whiting Reception Hall,"1630 S Broad St, Gulf Shores, AL",,(251) 405-4963,4.6
West Beach,"1961 W Beach Blvd, Gulf Shores, AL",,,4.5
Casino Beach Pavilion,"Gulf Breeze, Gulf Shores, FL",,,5
Ocean Reef,"{'street': '507 W Beach Blvd #204', 'city': 'Gulf Shores', 'state': 'AL', 'zip': '36542'}",https://www.vogao.com/condos/ocean-reef,,4.2
Dauphin Island Campground,"Orange Beach, AL 36561, USA, Gulf Shores, AL",https://www.townofdauphinisland.org/things-to-do/dauphin-island-campground,(251) 861-2742,4.5
Nonna's Pizza,"1209 Gulf Shores Pkwy, Gulf Shores, AL 36542, USA",http://nonnaspizzagulfshores.com/,(251) 223-4270,4.4
The Traveling Mouse Company,"11898 Halcyon Loop, Gulf Shores, AL",https://thetravelingmouse.com/,(251) 263-6267,5
Veranda at the Preserve,"28341 Preserve Trl, Gulf Shores, AL",http://www.verandaatpreserve.com/,(251) 986-8392,5
Emerald Oasis Day Spa and Salon,"16281 Perdido Key Dr, Pensacola, FL 32507, USA, Gulf Shores, FL",,(850) 725-0002,5
The Galway Irish Public House,"{'street': '2301 East 2nd Street', 'city': 'Gulf Shores', 'state': 'AL', 'zip': '36542', 'coordinates': {'lat': 30.27572, 'lng': -87.68351}}",http://www.galwayirishpub.com/,251-339-2150,4.7
Pontoon Boat Rentals Hudson Marina,"4575 S Wilson Blvd, Gulf Shores, AL",https://hudsonmarina.stellarims.com/,(251) 981-4128,4.9
enrG Wellness,"620 N McKenzie St Suite 200, Gulf Shores, AL",http://www.enrgwellness.com/,(251) 943-9355,4.9
Jesse’s On The Bay,"1631 Crosswinds Ct, Gulf Shores, AL 36542, USA",https://jessesrestaurant.com/,(251) 965-3827 ext. 2,4.7
Hello Gorgeous Salon,"117 E 14th Ave, Gulf Shores, AL",https://hellogorgeoussalongulfshores.com/,(251) 597-2989,5
gas station,"3690 Gulf Shores Pkwy, Gulf Shores, AL 36542, USA",https://bp.com/,850-497-6012,4.2
Legendary Marine - Gulf Shores,"3977 Gulf Shores Pkwy, Gulf Shores, AL",https://www.legendarymarine.com/,(251) 220-9942,4.5
GLITTER GORGEOUS Day Spa,"309 Main St, Gulf Shores, AL",https://glitter-gorgeous.square.site/,(970) 768-3402,
Crico's Pizza & Subs,"{'street': '309 Gulf Shores Parkway', 'city': 'Gulf Shores', 'state': 'AL', 'zip': '36542', 'coordinates': {'lat': 30.2505993, 'lng': -87.6897378}}",https://cricospizza.com,251-948-3100,4.6
Southern Rose Dolphin Trips,"27212 Marina Rd, Gulf Shores, AL",http://southernrosedolphintrips.com/,(251) 981-7673,4.5
Janino's Pizza Gulf Shores,"984 W Beach Blvd, Gulf Shores, AL 36542, USA",https://janinospizzagulfshores.com/,(251) 500-1506,3.6
Perdido Pass Bridge,"27721 AL-182, Gulf Shores, AL",,,4.5
McMillan Fort Morgan Fishing Pier,"453 AL-180, Gulf Shores, AL",,,4.6
Office of New Zoo Development,"20499 Oak Rd E, Gulf Shores, AL 36542, USA, Gulf Shores, AL",,,4.4
Coastal Vein Institute,"3817 Gulf Shores Pkwy STE 7, Gulf Shores, AL 36542, USA",http://www.coastalveininstitute.com/,(251) 948-4002,
Mrs Field’s Cookies,"1301 Gulf Shores Pkwy, Gulf Shores, AL 36542, USA",https://www.mrsfields.com/store/gulf-shores,(251) 968-8229,4.1
River Pointe,"5635 Cinnamon Ln, Gulf Shores, AL 36542, USA",,(251) 200-0288,
Montgomery Botanical Gardens,"1010 Forest Ave, Gulf Shores, AL",http://www.montgomerybotanicalgardens.com/,(334) 259-5592,3.9
Soldiers Creek Golf Course,"28341 Preserve Trl, Gulf Shores, AL",http://soldierscreekgolfcourse.com/,(251) 986-8633,3.9
Meyer Park,"400 E 22nd Ave, Gulf Shores, AL 36542, USA",https://www.gulfshoresal.gov/1173/Meyer-Park-Pavilion,(251) 968-1173,4.6
Pensacola Beach Pontoon Boat Rentals,"201 S Stillman St, Gulf Shores, FL",https://pensacola-beach-pontoon-boat-rentals.com/,(850) 733-7371,4.5
Bon Secour National Wildlife Refuge Visitor Center,"12295 AL-180, Gulf Shores, AL",https://www.fws.gov/refuge/Bon_Secour/,(251) 540-7720,4.7
Lazy Lake RV Park,"18950 Old Plash Island Rd Ste B, Gulf Shores, AL 36542, USA",http://www.lazylakervpark.com/,(251) 968-7875,3.8
National Naval Aviation Museum,"1750 Radford Blvd, Gulf Shores, FL",http://www.navalaviationmuseum.org/,(850) 452-8450,4.8
Gulf Shores RV Resort,"18717 Barefoot Wy, Gulf Shores, AL 36542, USA",https://rvcoutdoors.com/gulf-shores-rv-resort/,(251) 244-1015,4.7
Orange Beach Boating Magazine,"6061 Traditions Wy UNIT 3101, Gulf Shores, AL",http://www.orangebeachboating.com/,(704) 236-5598,5
Island Golf,"1000 De Soto Ave, Gulf Shores, AL",https://dauphinislandgolfing.com/,(251) 861-4653,4.6
Sassy Bass Island Grill,"375 Plantation Ln, Gulf Shores, AL 36542, USA",https://www.sassybass.com/,(251) 923-3122,4
Langston Animal Hospital,"6849 AL-59, Gulf Shores, AL",http://langstonanimalhospital.com/,(251) 943-8161,4.7
Keys To The Beach,"485 Harbor Light Cir, Gulf Shores, AL",,(615) 775-6506,3.5
Fort Morgan Marina,"1577 AL-180 W, Gulf Shores, AL",http://www.fortmorganmarinaal.com/,(251) 540-2628,4.6
Walker Hometown Animal Care,"22940 US-98 E, Gulf Shores, AL",https://walkerhometown.com/,(251) 986-3005,4.9
Dauphin Island Marina Inc,"650 Lemoyne Dr, Gulf Shores, AL",http://dauphinislandmarina.com/,(251) 861-2201,4.7
Autospa,"Gulf Shores, AL 36542, USA",,,4.1
Glow Yoga,"314 E 21st Ave, Gulf Shores, AL 36542, USA, Gulf Shores, AL",https://glowstudioandshop.com/,(251) 968-4569,4.9
Gulf Shores Plantation Resort by Vacasa,"805 Plantation Rd, Gulf Shores, AL 36542, USA",https://www.vacasa.com/usa/Gulf-Shores-Plantation/?utm_source=gmb&utm_medium=organic&utm_campaign=GMB-Gulf-Shores-Plantation,(855) 861-5757,4.4
avalon 803,"925 Beach Club Trail, Gulf Shores, AL 36542, USA",,(901) 210-0430,3
KOKA Charters,"1577 AL-180, Gulf Shores, AL 36542, USA",https://kokafishingcharters.com/,(251) 752-1535,4.8
Waters Edge,"24120 Fountain St, Gulf Shores, AL",http://www.watersedgecountry.com/,(251) 284-0722,4.9
The Hangout,"101 E Beach Blvd, Gulf Shores, AL 36542, USA",https://www.thehangout.com/hangout-gulf-shores/,(251) 948-3030,4.6
Perch,"21196 E Beach Blvd, Gulf Shores, AL 36542, USA",(251) 540-6100,(251) 540-6100,4.2
Orange Beach Travel,"23094 Perdido Beach Blvd, Gulf Shores, AL",http://orangebeachtravel.com/,(901) 581-2432,5
Dykes Veterinary Clinic,"512 W Laurel Ave, Gulf Shores, AL",https://www.dykesvet.com/,(251) 943-3211,4.6
Serenity Event Center,"8691 Old Pascagoula Rd Building 2, Gulf Shores, AL",http://serenityeventcenter.com/,(251) 460-3024,4.8
Coastal Alabama Golf,"3840 Cotton Creek Cir, Gulf Shores, AL",http://coastalalabamagolf.com/,(251) 968-5339,4
DaVita Gulf Shores At Home,"3947 Gulf Shores Pkwy #150, Gulf Shores, AL 36542, USA",,(833) 404-2637,
Spanish Fort Animal Clinic,"8287 Spanish Fort Blvd, Gulf Shores, AL",https://www.spanishfortanimalclinic.com/?utm_source=gmb&utm_medium=organic&y_source=1_Mjg2OTQ1MjQtNzE1LWxvY2F0aW9uLndlYnNpdGU%3D,(251) 625-4724,4.8
Bright Waves Fort Morgan,"407 Boykin Ct S, Gulf Shores, AL",https://www.brightwavesfortmorgan.com/,(219) 242-2004,4.7
Hotel Indigo Orange Beach - Gulf Shores by IHG,"22843 Perdido Beach Blvd, Gulf Shores, AL",https://www.ihg.com/hotelindigo/hotels/us/en/orange-beach/orbit/hoteldetail?cm_mmc=GoogleMaps-_-IN-_-US-_-ORBIT,#ERROR!,4.5
Gulf Shores Family Pharmacy,"{'street': '251 Clubhouse Drive', 'city': 'Gulf Shores', 'state': 'AL', 'zip': '36542'}",http://gulfshoresrx.com/,(251) 968-3784,4.9
Magnolia Springs Bed and Breakfast,"14469 Oak St, Gulf Shores, AL",https://www.magnoliasprings.com/?utm_source=google&utm_medium=organic&utm_campaign=googlemybusiness,(251) 965-7321,5
Gulf Shores Wellness & Recovery Spa,"3849 Gulf Shores Pkwy, Gulf Shores, AL",,(251) 943-8112,
Gulf Shores Massage Therapy,"{'street': '309 East 21st Ave Suite G', 'city': 'Gulf Shores', 'state': 'AL', 'zip': '36542', 'coordinates': {}}",http://www.massagegulfshores.com/,(251) 223-9217,4.8
Country Hearth Inn & Suites Gulf Shores,"3025 W 1st St, Gulf Shores, AL",https://www.redlion.com/americas-best-value-inn,(251) 968-8080,3.1
Orange Beach Event Center,"4671 Wharf Pkwy W, Gulf Shores, AL",https://www.orangebeachal.gov/353/Event-Center,(251) 981-6629,4.7
Steadman Veterinary Hospital,"4230 N Davis Hwy, Gulf Shores, FL",https://myweb16.site/explore/steadman-veterinary-hospital,(850) 432-9662,4.8
Dog Gone Gorgeous Grooming by Carla,"13484 Perdido Key Dr, Gulf Shores, FL",,(850) 281-3240,
Purdy Butterfly House,"4747 Bob Wallace Ave SW, Gulf Shores, AL",http://www.hsvbg.org/,(256) 830-4447,4.8
SerenityZFlowYoga,"6100 W Fairfield Dr Unit C, Gulf Shores, FL",http://www.serenityzflowyogaro.com/,(850) 741-9641,5
Dauphin Island Beach Rentals,"1700 Dixie Graves Parkway, Gulf Shores, AL 36542, USA",https://www.dauphinislandbeachrentals.com/,,4.5
Bingo Paradise Inc,"4469 Mobile Hwy, Gulf Shores, FL",,(850) 457-0067,4
Spinners Bingo & Electronic Skill Gaming,"5441 US-90 suite 4, Gulf Shores, AL",,(251) 210-2676,4
GolfCarts2You,"25150 Canal Rd, Gulf Shores, AL",https://golfcarts2you.com/contact-us/,(251) 978-2620,4.9
Natalie Zepp Photography,"9950 Boxelder Blvd, Gulf Shores, FL",http://nataliezepp.com/,(850) 291-6318,5
Chickasaw Civic Theatre,"801 Iroquois St, Gulf Shores, AL",http://www.cctshows.com/,(251) 457-8887,4.7
The Beach Rose,"13817 Perdido Key Dr, Gulf Shores, FL",,(914) 380-2738,5
Coastal Bliss,"11650 Co Rd 99, Gulf Shores, AL",,,5
Pelican Place at Craft Farms,"3800 Gulf Shores Pkwy Suite 402, Gulf Shores, AL 36542, USA",https://gulfbank.com/,(251) 968-3638,4.6
Gulf State Park Pavillion,"22250 E Beach Blvd, Gulf Shores, AL 36542, USA",https://www.alapark.com/parks/gulf-state-park/beach-pavilion,(251) 948-7275 ext. 92099,4.8
Lost Key Animal Clinic: Mcdougal Kendra DVM,"4190 Bauer Rd, Gulf Shores, FL",https://www.lostkeyanimalclinic.com/,(850) 492-6878,4.5
Tidal Cove,"19999 W Country Club Dr, Gulf Shores, FL",https://www.tidalcovemiami.com/,(786) 279-6152,4.2
Resilient Fitness formally Rocking boot camp,"2208 Hickory St S, Gulf Shores, AL",http://www.resilientfitnes.com/,(251) 291-3966,4.8
Jack's Gym,"34463 US-98, Gulf Shores, AL",http://www.jacksgymandfitness.com/,,4.8
Oak & Fountain,"12250 Hi Fields Rd, Gulf Shores, AL",https://rentyellowhammer.com/oak-and-fountain/,(251) 237-3772,4.4
Corry Station MWR Bowling Alley,"3738 Chief's Way bldg 3738, Gulf Shores, FL",https://www.navymwrpensacola.com/programs/0297ed5e-e938-46da-8611-6e7e143a064e,(850) 452-6380,4.6
Beach Club Doral 808,"925 Beach Club Trail D808, Gulf Shores, AL 36542, USA",,(256) 506-1538,4.8
Paradise Pier Fun Park,"195 Beach Blvd, Gulf Shores, AL",https://www.paradisepierbiloxi.com/,,4.6
E Bike of Orange Beach,"25405 Perdido Beach Blvd STE 21, Gulf Shores, AL",http://ebikeoforangebeach.com/,(251) 413-0714,4.9
Heritage Hall,"148 E Government St, Gulf Shores, FL",https://sevillequarter.com/heritage-hall/,,
Kid's Splash Park,"22490 Park Ave, Gulf Shores, AL",,,4.6
Wells Fargo ATM,"1617 Gulf Shores Pkwy, Gulf Shores, AL 36542, USA",https://www.wellsfargo.com/locator/bank/1617__GULF__SHORES__PKWY_GULF__SHORES_AL_36542/?utm_campaign=Local_Listings&utm_source=Google&group=ATM&loc=OS143474,(800) 869-3557,5
Lindsey Friar Photography,"208 S Alcaniz St, Gulf Shores, FL",http://www.lindseyfriar.com/,(850) 384-8742,5
Jean & Paul Amos Performance Studio,"Kugelman Center for Telecommunications, Gulf Shores, FL",https://www.wsre.org/community/jean-paul-amos-performance-studio/,(850) 484-1200,4.5
Center for Living Mindfully Studio,"150 S Church St, Gulf Shores, AL",https://centerforlivingmindfully.com/yoga-classes,(251) 928-5363,5
The Breeze Cinema 8,"1233 Crane Cove Blvd, Gulf Shores, FL",http://www.movieshowtime.net/,(850) 934-3332,4.2
Two Lakes RV Resort,"22353 Twin Lks Cir, Gulf Shores, AL 36542, USA",https://twolakesrvresort.com/,(251) 714-2709,4.5
Jade Venue Pensacola,"5330 Mobile Hwy ste a3, Gulf Shores, FL",https://www.jadevenue.com/,(850) 502-7567,4.9
Old Time Photos in Gulf Shores,"501 Gulf Shores Pkwy, Gulf Shores, AL",,,5
Pensacola Victorian Bed & Breakfast,"203 W Gregory St, Gulf Shores, FL",http://www.pensacolavictorian.com/,(850) 434-2818,4.6
Blue Dolphin Cruises,"10121 Sinton Dr, Gulf Shores, FL",http://www.bluedolphincruises.com/,(251) 981-2774,4.6
Soundside Foundation Nature Preserve,"4335 Soundside Dr, Gulf Shores, FL",,,4.9
Gulf Shores Charter Fleet,"1577 AL-180, Gulf Shores, AL",,(251) 540-2628,2.8
Pensacola Lighthouse & Maritime Museum,"2081 Radford Blvd, Gulf Shores, FL",http://www.pensacolalighthouse.org/,(850) 393-1561,4.7
Perdido Realty Vacations,"14250 Perdido Key Dr Unit B, Gulf Shores, FL",https://www.perdidokey.com/?utm_source=google&utm_medium=organic&utm_campaign=gmb_website,(850) 492-1102,4.8
LunaSol Vacations,"12385 Sorrento Rd Unit A4, Gulf Shores, FL",http://www.lunasolvacations.com/,(850) 791-3095,5
Island Fun Rentals,"916 Bienville Blvd, Gulf Shores, AL",,(251) 706-6418,4.1
China Dragon,"{'street': '2200 E 2nd St', 'city': 'Gulf Shores', 'state': 'AL', 'zip': '36542', 'coordinates': {'lat': 30.2750648, 'lng': -87.682421}}",https://www.chinadragonalabama.com,(251) 968-9922,4
Emerald Coast Zoo,"5262 Deer Springs Rd, Gulf Shores, FL",http://www.emeraldcoastzoo.com/,(850) 682-3949,4.7
Mystic Touch,"6800 US-98, Gulf Shores, FL",https://mystictouch.square.site/,(850) 637-3919,5
AMC Bayou 15,"5149 Bayou Blvd, Gulf Shores, FL",https://www.amctheatres.com/movie-theatres/pensacola-mobile/amc-bayou-15?utm_medium=organic&utm_source=google&utm_campaign=local,(850) 475-2240,4.3
Riddlemebythesea,"375 Plantation Rd, Gulf Shores, AL 36542, USA",https://www.houfy.com/lodging/riddlemebythesea/87045,(334) 301-3834,
Sea Life Safari,"4575 S Wilson Blvd, Gulf Shores, AL",http://hudsonmarina.net/,(251) 981-4127,5
The Fun Boats Dolphin Cruises,"3900 Bayou Rd, Gulf Shores, AL",http://dolphincruises.net/,(251) 971-1893,4.9
River Road Dog Park,"14484 River Rd, Gulf Shores, FL",,,4.3
Dothan Area Botanical Gardens,"5130 Headland Ave, Gulf Shores, AL",http://dabg.com/,(334) 793-3224,4.7
Panacea Adventures,"5820 Cruzat Way, Gulf Shores, FL",https://hendersonscott66.wixsite.com/panacea-adventures-1,(850) 685-5491,5
Perdido Performing Arts and Dance Company,"33 N Navy Blvd, Gulf Shores, FL",http://www.perdidoperformingarts.com/,,5
The Golden Veil Day Spa,"317 S Alston St, Gulf Shores, AL",https://goldenveildayspa.glossgenius.com/,(251) 504-6849,5
Mikato Japanese Restaurant,"3800 Gulf Shores Pkwy Suite 200, Gulf Shores, AL 36542, USA",http://mikatojapanese.com/,(251) 968-2525,3.9
Staybridge Suites Gulf Shores,"{'street': '3947 Gulf Shores Parkway', 'city': 'Gulf Shores', 'state': 'AL', 'zip': '36542', 'coordinates': {'lat': 30.309697, 'lng': -87.683176}}",https://www.ihg.com/staybridge/hotels/us/en/gulf-shores/pnssb/hoteldetail,1-251-277-4343,
Segers Marine at Palm Harbor Marina,"1206 Mahogany Mill Rd, Gulf Shores, FL",https://segersmarine.com/marinas/palm-harbor-marina/,(850) 455-4552,4.4
Beach Bum Services,"524 W 23rd Ave, Gulf Shores, AL",http://www.beachbumservices.com/,(251) 752-4355,4.6
Calirojae',"1004 Dauphin Island Pkwy, Gulf Shores, AL",http://kaydenscandyfactory.com/,(251) 554-1701,4.7
Reed Real Estate,"{'street': '3358 US Hwy. 180', 'city': 'Gulf Shores', 'state': 'AL', 'zip': '36542'}",http://www.gulfrentals.com/,1-800-678-2306,
Live Oak Plantation,"7874 Beulah Rd, Gulf Shores, FL",http://www.liveoakplantation.com/,(850) 449-2100,4.9
The Spa at The Beach Club,"453 Beach Club Trail, Gulf Shores, AL 36542, USA",https://thebeachclubspa.com/,(251) 224-2772,4.8
Dinosaurs In The Woods - Tyrannosaurus,"Perdido Beach, Gulf Shores, AL",,,4.3
Gulf & Golf East & West at the Plantation,"unit 13a, Gulf Shores, AL",https://ongulfshores.com/,(251) 732-4020,4.5
Visual and Performing Arts,"250 Brent Ln, Gulf Shores, FL",,,4.4
Wahoo Watersports,"26214 Garrett Ln, Gulf Shores, AL",https://www.wahoowatersports.com/,(251) 981-1998,4.7
ReNew SkinCare,"1574 Gulf Shores Pkwy, Gulf Shores, AL 36542, USA",https://styleseat.com/amywhite6,(251) 424-0235,
Happy Acres Veterinary Clinic,"14000 Norris Ln, Gulf Shores, AL",https://www.happyacresvetclinic.com/,(251) 965-3188,4.6
Wharf-Ticket Office,"4985 Wharf Pkwy E, Gulf Shores, AL",,(251) 224-1020,4.9
Lost Key Resort,"14306 Beach Heather Ct, Gulf Shores, FL",https://www.luxuryrvresort.com,(251) 948-5444,4
www.firesmokedfish.com,"1544 Gulf Shores Pkwy Suite C
Gulf Shores, AL 36542",https://www.firesmokedfish.com,,
Reel Surprise Marina,"27267 Perdido Beach Blvd #100B, Gulf Shores, AL",http://www.reelsurprisemarina.com/,(251) 981-7263,5
Woodforest Bank,"170 E Fort Morgan Rd, Gulf Shores, AL 36542, USA",http://www.woodforest.com/,(251) 239-3266,4.4
Gulf Coast Crawls,"Gulf Shores Pkwy, Gulf Shores, AL",http://www.gulfcoastcrawls.com/,(251) 929-4825,
Sugar Sands RV Resort,"{'street': '5343 Roscoe Rd', 'city': 'Gulf Shores', 'state': 'AL', 'zip': '36542'}",http://sugarsandsrvresort.com/,(251) 968-2223,4.7
The Yoga Hive,"1901 Main St, Gulf Shores, AL",http://thehivepilatesandyoga.com/,(251) 200-1688,5
Sunset Wildlife Connection- APPOINTMENT ONLY,"997 Cotton Lake Rd, Gulf Shores, FL",http://sunsetwildlifeconnection.org/,(850) 490-6917,5
"Pensacola Tours: Pensacola History and Hauntings: History Tours, Ghost Tours, Scavenger Hunts, and Events","221 E Government St, Gulf Shores, FL",http://www.pensacolaghostevents.com/,(850) 941-4321,4.4
Graham Creek Nature Preserve,"23030 Wolf Bay Dr, Gulf Shores, AL",https://grahamcreekpreserve.org/,(251) 923-4267,4.8
Brett/Robinson Vacations,"{'city': 'Gulf Shores', 'state': 'AL', 'zip': '36542', 'coordinates': {'lat': 30.25, 'lng': -87.65}}",https://www.brett-robinson.com,1-800-211-7892,
The Hangout Gulf Shores,"{'city': 'Gulf Shores', 'state': 'AL', 'coordinates': {}}",https://thehangout.com/hangout-gulf-shores/,,
cb&T ATM,"1421 Gulf Shores Pkwy Walgreens, Gulf Shores, AL 36542, USA",,,
Publix Super Market at Paradise Isle Shopping Center,"1720 Gulf Shores Pkwy Ste 2, Gulf Shores, AL 36542, USA",https://www.publix.com/?utm_medium=maps&utm_source=google&utm_content=psm_google_override,(251) 240-3003,4.6
Razzle Dazzle Performing Arts,"1000 North W Street, Gulf Shores, FL",,,
URU Yoga,"2400 Executive Plaza Rd, Gulf Shores, FL",http://www.uruyoga.com/,(850) 377-5334,4.7
The Quina House Museum,"204 S Alcaniz St, Gulf Shores, FL",https://pensacolahistoricpreservationsociety.com/quinahouse,(850) 432-3050,4.1
LaBelle Performing Arts,"8253 Chellie Rd, Gulf Shores, FL",http://labelleperformingarts.com/,(850) 944-5650,5
Alley Kat Photography & The Kat's Meow Studio,"Holiday Harbor, Gulf Shores, FL",http://www.alleykatphotography.net/,(850) 208-1384,5
Anna Cirlot Photography & Design,"2705 Guillotteville Rd, Gulf Shores, AL",http://www.dauphinislandphotos.com/,(228) 990-8112,5
Community Bank,"250 W Fort Morgan Rd, Gulf Shores, AL 36542, USA",https://www.communitybank.net/,(251) 325-7070,4
Advanced Animal Care,"625 E Laurel Ave, Gulf Shores, AL",http://advanced-care-foley.edan.io/,(251) 943-7507,4.9
WildWater Cullman,"1707 Main Ave SW, Gulf Shores, AL",http://www.wildwatercullman.com/,(833) 838-9453,4.5
Kristin Pierre Art,"309 E 21st Ave Entrance- Suite B, Gulf Shores, AL 36542, USA",http://www.kpierreart.com/,(251) 677-1289,4.9
Perdido Kids Park,"10004 Gulf Beach Hwy, Gulf Shores, FL",https://www.myescambia.com/our-services/parks-and-recreation/parks-and-community-centers/park-and-community-center-details/perdido-kids-park,(850) 475-5220,4.6
Orange Beach Private Family Dolphin Tours & Boating Safaris,"5749 Bay La Launch Ave Slip C 5 & 6, Gulf Shores, AL",https://www.dolphincruisesorangebeach.com/,(251) 609-3444,4.9
Natural Images Photo Video,"1806 Arcadia Dr, Gulf Shores, AL",http://www.naturalimagesphotovideo.com/,(251) 324-2100,4.9
Manya Whole Health & Yoga,"109 Upham St, Gulf Shores, AL",http://www.drmanjapodratz.com/,(251) 234-4771,5
Skincare By Mia,"3757 Gulf Shores Pkwy Suite BD, Gulf Shores, AL 36542, USA",http://www.skincaregulfshores.com/,(251) 490-3174,5
The Square Shopping Center,"1538 Gulf Shores Pkwy, Gulf Shores, AL 36542, USA",,(251) 609-2873,5
Erie H. Meyer Civic Center,"1930 W 2nd St, Gulf Shores, AL",https://www.gulfshoresal.gov/1169/Erie-H-Meyer-Civic-Center,(251) 968-2425,4.6
Two Gals Salon,"1556 Gulf Shores Pkwy STE 3, Gulf Shores, AL 36542, USA",https://www.wellsfargo.com/locator/bank/1617__GULF__SHORES__PKWY_GULF__SHORES_AL_36542/?utm_campaign=Local_Listings&utm_source=Google&group=ATM&loc=OS143474,(251) 948-4257,4.7
Harrah’s Casino Gulf Coast,"280 Beach Blvd, Gulf Shores, AL",https://www.caesars.com/harrahs-gulf-coast,(800) 946-2946,4
Archer's Gulf Serenity Spa,"{'street': '3757 Gulf Shores Pkwy. - Suite BB', 'city': 'Gulf Shores', 'state': 'AL', 'zip': '36542', 'coordinates': {}}",https://archers-gulf-serenity.com/,(850) 384-4657,5
Nauti Fishing Charters,"{'street': 'Gulf Shores Yacht Club & Marina at Ft. Morgan', 'city': 'Gulf Shores', 'state': 'Alabama', 'zip': '36542', 'coordinates': {'lat': 30.232718, 'lng': -87.994298}}",http://nautifishco.com/,(850) 324-0566,5
Pensacola Beach Boardwalk,"400 Quietwater Beach Rd, Gulf Shores, FL",http://www.pensacolabeachboardwalk.com/,,4.7
Nicole Fishing Charters,"1611 AL-180, Gulf Shores, AL 36542, USA",,,
"VirtualPlayground of Pensacola, FL","314 S Navy Blvd Unit C, Gulf Shores, FL",http://virtualplayground.co/,,4.9
Weeks Bay Arboretum,"11401 US-98, Gulf Shores, AL",http://outdooralabama.com/,(251) 928-9792,
The Palms At The Wharf,"4790 Main St, Gulf Shores, AL",,(251) 224-1000,4.3
The Factory Gulf Shores,"18948 Oak Rd W, Gulf Shores, AL",http://thefactorygulfshores.com/,#ERROR!,4.5
Orange Beach Community Kids Park,"26425 Canal Rd, Gulf Shores, AL",https://www.orangebeachal.gov/375/Waterfront-Park-Kids-Park,,4.6
Perdido Key Yoga,"Pensacola, Gulf Shores, FL",,(850) 324-7151,
Kiva Dunes Beach Resort & Golf Course,"{'street': '815 Plantation Road', 'city': 'Gulf Shores', 'state': 'AL', 'zip': '36542', 'coordinates': {}}",https://www.kivadunes.com,8665407100,
Fish River Grill,"1545 Gulf Shores Pkwy, Gulf Shores, AL 36542, USA",https://www.fishrivergrill.com/,(251) 948-1110,4.6
Hope's Cheesecake,"{'street': '210 E. 20th Ave.', 'city': 'Gulf Shores', 'state': 'AL', 'zip': '36542', 'coordinates': {}}",http://www.hopescheesecake.com/,(251) 968-5858,4.7
CnC Event Hall,"5725 Jarrett Rd, Gulf Shores, AL",http://cnceventhall.com/,(251) 341-7209,4.6
Senses Nails,"3947 Gulf Shores Pkwy # 170, Gulf Shores, AL 36542, USA",,(251) 943-8028,4.1
3 Casino Beach Boardwalk Parking,"3 Casino Beach Boardwalk, Gulf Shores, FL",,,4.4
Eastern Shore Travel Inc,"122 Fairhope Ave, Gulf Shores, AL",http://www.easternshoretravelinc.com/,(251) 928-7200,5
Alabama Adventure & Splash Adventure,"4599 Splash Adventure Pkwy, Gulf Shores, AL",http://www.alabamaadventure.com/,(205) 481-4750,4.4
Island Carpet & Tile Cleaning,"{'street': '20842 Robinson Ln', 'city': 'Gulf Shores', 'state': 'AL', 'zip': '36542', 'coordinates': {}}",http://www.cleanfloorsgs.com/,(251) 943-4889,5
Escambia River State Wildlife Management Area,"Milton, Gulf Shores, FL",https://myfwc.com/recreation/cooperative/escambia-river/,(850) 265-3676,4.2
Paddle Pub Pensacola,"10121 Sinton Dr, Gulf Shores, FL",http://paddlepub.com/pensacola,(850) 483-1405,5
Cordova Animal Medical Center,"1130 Creighton Rd, Gulf Shores, FL",https://cordovaamc.com/,(850) 479-2222,4.7
The Florida Aquarium,"701 Channelside Dr, Gulf Shores, FL",https://www.flaquarium.org/,(813) 273-4000,4.5
Splash RV Resort,"8500 Welcome Church Rd, Gulf Shores, FL",https://www.splashrvresort.com/?utm_source=google&utm_medium=organic&utm_campaign=google-my-business,(850) 613-8054,4.7
Pelican Boat Rentals,"22830 Brown Ln, Gulf Shores, AL",https://www.rentpelicanboats.com/,(251) 752-8322,5
LuLu's Fun Food & Music,"{'street': '200 East 25th Avenue', 'city': 'Gulf Shores', 'state': 'AL', 'zip': '36542'}",https://lulubuffett.com/,(251) 967-5858,
Gulf State Park,"{'street': '20115 State Park Rd', 'city': 'Gulf Shores', 'state': 'AL', 'zip': '36542', 'coordinates': {}}",https://www.alapark.com/parks/gulf-state-park,(251) 948-7275,4.7
Galvez Landing,"5820 Cruzat Way, Gulf Shores, FL",,,4.5
LuLu's Gulf Shores,"200 E 25th Ave, Gulf Shores, AL 36542, USA",http://lulusfunfoodmusic.com/,(251) 967-5858,4.3
City Of Gulf Shores Wetlands Park,"19025 Oak Rd W, Gulf Shores, AL 36542, USA",https://www.gulfshoresal.gov/1224/Wetlands-Park,(251) 968-1420,4.5
Just Beachy,"103 Tecumseh Ct, Gulf Shores, AL",https://justbeachy-di.com/,(818) 900-3220,5
Stash Your Bag Luxury Travel Agency,"30365 Ono N Loop W, Gulf Shores, AL",http://www.stashyourbag.com/,(251) 635-7477,5
Bayou Marcus Birding Trail,"3051 Fayal Dr #3011, Gulf Shores, FL",http://www.ecua.fl.gov/green/bayou-marcus-nature-trail-walk,(850) 458-1658,4.4
Fireman's Hall,"13125 N Chicago St, Gulf Shores, AL",https://www.elbertafire.com/,(251) 986-5805,4.6
David L. Bodenhamer Center,"310 W 19th Ave, Gulf Shores, AL 36542, USA, Gulf Shores, AL",http://www.gulfshoresal.gov/bodenhamer,(251) 968-1420,4.7
The Sanctuary Event Venue Pensacola,"716 N 9th Ave, Gulf Shores, FL",http://thesanctuary1905.com/,(850) 761-1905,5
Ice House Taproom,"112 Windmill Ridge Rd, Gulf Shores, AL 36542, USA",http://www.icehousegs.com/,(251) 200-0157,4.6
Island Tan,"201 E 16th Ave, Gulf Shores, AL 36542, USA",http://www.islandtan-al.com/,(251) 968-4826,4.6
Happy Harbor Marina & Dry Storage,"27212 Marina Rd, Gulf Shores, AL",http://happyharbors.com/,(251) 981-6111,4.6
The Orchards Event Venue,"4365 Crabtree Church Rd, Gulf Shores, FL",http://theorchardsofmolino.com/,(850) 253-7617,5
Synergy Yoga & Pilates,"3152 Old Shell Rd, Gulf Shores, AL",http://www.synergyoga.net/,(251) 473-1104,4.3
Island View Casino Resort,"3300 W Beach Blvd, Gulf Shores, AL",http://www.islandviewcasino.com/,(228) 314-2100,4.3
"The Lilly Pad Fort Morgan, LLC","1502 Sandy Ln APT B, Gulf Shores, AL",https://www.thelillypadfortmorgan.com/,(251) 423-8121,5
Gulf Shores Golf Club,"520 Clubhouse Dr, Gulf Shores, AL",https://gulfshoresgolfclub.com/,(251) 968-7366,4.3
Beach Cottage West,"1410 O'Hara Ln A, Gulf Shores, AL",,(503) 345-9399,5
Gulf Shores Condos At Seawind,"401 E Beach Blvd, Gulf Shores, AL 36542, USA",https://www.gulfshorescondoseawind.com/,(913) 620-1375,4
Pensacola Little Theatre,"The Clark Family Cultural Center, Gulf Shores, FL",http://www.pensacolalittletheatre.com/,(850) 432-2042,4.7
Gulf Shores Dog Park,"308 Clubhouse Dr, Gulf Shores, AL 36542, USA",,,4.5
Wade Ward Nature Park,"500 Gulf Shores Pkwy, Gulf Shores, AL",https://www.gulfshoresal.gov/1222/Wade-Ward-Nature-Park,(251) 968-1420,4.4
Vacation Beach Portraits Orange Beach,"27267 Perdido Beach Blvd b204, Gulf Shores, AL",https://vacationbeachportraits.com/,(251) 980-6657,4.9
Gulf Shores Rentals,"1325 Gulf Shores Pkwy Suite 1, Gulf Shores, AL 36542, USA",https://www.gulfshoresrentals.com/,(866) 783-0702,4.4
Venue of Bella Rose,"11470 Bellingrath Rd, Gulf Shores, AL",,(251) 459-4559,5
Las Dunas Fort Morgan Vacation Rental,"5601 AL-180 #2502, Gulf Shores, AL 36542, USA",https://fchiriani.wixsite.com/lasdunas,,4.6
Saenger Theatre Pensacola,"118 S Palafox St, Gulf Shores, FL",http://www.pensacolasaenger.com/,(850) 595-3880,4.7
Big Beach Brewing Company,"{'street': '300 East 24th Avenue', 'city': 'Gulf Shores', 'state': 'AL', 'zip': '36542', 'coordinates': {'lat': 30.278259, 'lng': -87.682588}}",https://www.bigbeachbrewing.com,251-948-2337,
Huntsville Botanical Garden,"4747 Bob Wallace Ave SW, Gulf Shores, AL",http://hsvbg.org/,(256) 830-4447,4.7
Lily Day Spa,"9409 US-98 STE 40, Gulf Shores, FL",,(850) 812-9745,4
Legendary Performance,"410 N Palafox St, Gulf Shores, FL",https://legendarypt.com/,(850) 332-7681,4.6
Swiger Studio,"{'city': 'Gulf Shores', 'state': 'AL', 'coordinates': {}}",http://www.swigerstudio.com/,(251) 609-1162,4.5
Shipwreck Island,"12201 Hutchison Blvd, Gulf Shores, FL",https://www.shipwreckisland.com/?utm_source=gbp&utm_medium=organic&utm_campaign=yext_listings,(850) 234-3333,4.5
HOTWORX - Gulf Shores AL,"{'street': '160 Cotton Creek Dr. Suite 275', 'city': 'Gulf Shores', 'state': 'AL', 'zip': '36542', 'coordinates': {}}",https://www.hotworx.net/studio/gulfshores,(251) 332-2042,4.2
Navy Point Park,"400 NW Syrcle Dr, Gulf Shores, FL",https://www.visitpensacola.com/directory/navy-point-park/,,4.7
"CC's Salon, Day Spa & Boutique","{'street': '1556 Gulf Shores Parkway, Building 5', 'city': 'Gulf Shores', 'state': 'AL', 'zip': '36542', 'coordinates': {'lat': 30.2667098, 'lng': -87.6877392}}",https://www.ccssalondayspaboutique.com/,(251) 968-2077,
Holiday Harbor Marina,"14050 Canal A Way #3, Gulf Shores, FL",http://www.myholidayharbor.com/,(850) 492-0555,4.7
Childrens Splash Park,"Summerdale, Gulf Shores, AL",,,4.7
Gulf Shores & Orange Beach Tourism Operations Center,"900 Commerce Loop, Gulf Shores, AL",http://www.alabamabeaches.com/,(251) 968-7511,5
Bumper Boats,"3200 Gulf Shores Pkwy, Gulf Shores, AL",http://www.funatthetrack.com/,(251) 270-0210,4.8
The Avalon @ The Beach Club,"375 Beach Club Trail, Gulf Shores, AL",https://thebeachclub.spectrumresorts.com/,,4.7
Bay Animal Clinic,"24060 US-98, Gulf Shores, AL",http://www.bayanimal.com/,(251) 928-5630,4.7
The Oaks at Magnolia Springs,"16000 Beasley Rd, Gulf Shores, AL",https://www.theoaksatmagnoliasprings.com/,(251) 350-0396,5
PNC Bank,"{'street': '3830 Gulf Shores Parkway', 'city': 'Gulf Shores', 'state': 'AL', 'coordinates': {}}",https://locator.pnc.com/en/details/al/gulf-shores/branch/3830-gulf-shores-pkwy?lnksrc=branch-listing-google,(251) 967-5810,2.9
Turquoise Place Rentals,"26302 Perdido Beach Blvd, Gulf Shores, AL",https://www.turquoiseplacerental.com/,(800) 210-7914,4.8
LUXE Brows and Lashes,"{'street': '3800 Gulf Shores Pkwy, #154', 'city': 'Gulf Shores', 'state': 'AL', 'zip': '36542', 'coordinates': {}}",https://www.luxebrowsandlashes.com/,(801) 648-2264,4.8
Civitan Park,"404 S 2nd St, Gulf Shores, FL",https://www.myescambia.com/our-services/parks-and-recreation/parks-and-community-centers/park-and-community-center-details/civitan-park,(850) 475-5220,4.5
Brett/Robinson Vacation Rentals,"{'street': '3259 Gulf Shores Parkway', 'city': 'Gulf Shores', 'state': 'AL', 'zip': '36542', 'coordinates': {'lat': 30.2708, 'lng': -87.5861}}",https://www.brett-robinson.com,+1-800-211-7892,
Cuts by Us,"10447 Sorrento Rd, Gulf Shores, FL",http://www.cutsbyus.com/,(850) 453-2433,4.1
Beachball Properties,"22989 Perdido Beach Blvd, Gulf Shores, AL",https://www.beachball.com/,(251) 968-8896,4.7
Springdale Travel,"958 Montlimar Dr, Gulf Shores, AL",http://www.springdaletravel.com/,(251) 476-5095,4.5
Regatta 204A Beach Condo,"317 E Beach Blvd #204A, Gulf Shores, AL 36542, USA",,(318) 331-1065,3.8
Vacation Rental,"400 Plantation Rd #3204, Gulf Shores, AL 36542, USA",https://www.airbnb.com/rooms/16781890?source_impression_id=p3_1628655022_wUnKgaFvtof2trtU,(334) 224-2919,4.5
Perdido Riverwalk,"Cantonment, Gulf Shores, FL",,,3.7
Marietta Johnson Botanical Garden and Tree Trail,"450 Fairhope Ave, Gulf Shores, AL",https://www.fairhopeal.gov/living/parks-and-recreation/parks-and-trails,,1
Beachside Mini Golf,"24156 Ruby Ln, Gulf Shores, AL",https://beachsideminigolf.net/,(251) 292-4653,4.5
Sail Wild Hearts,"27075 Perdido Beach Blvd, Gulf Shores, AL",https://sailwildhearts.com/,(251) 981-6700,4.8
Animal Medical Center,"7845 AL-59, Gulf Shores, AL",https://amcgulfcoast.com/,(251) 955-5900,4.8
Upper Wolf Bay Savanna And Marsh Forever Wild Tract,"Perdido Beach, Gulf Shores, AL",https://www.wolfbay.com,,
Gulf Links Golf Course,"3901 S McKenzie St, Gulf Shores, AL",https://gulflinksgolf.com/,(251) 970-1444,4.1
Lakeview Trailhead,"Lakeview Trl, Gulf Shores, AL",,,4.9
Sanders Beach-Corinne Jones Resource Center,"913 S I St, Gulf Shores, FL",https://www.cityofpensacola.com/Facilities/Facility/Details/Sanders-BeachCorinne-Jones-Resource-Cent-96,(850) 436-5198,4.6
The Rookery Iii 5008 3 Bedroom Cottage,"5781 AL-180, Gulf Shores, AL",,(510) 404-8220,5
Pensacola Beach,"41 Fort Pickens Rd, Gulf Shores, FL",http://visitpensacolabeach.com/,(850) 698-6049,4.8
The Venue at Whiskey Ridge,"16792 Camellia Rd, Gulf Shores, AL",http://www.thevenueatwhiskeyridge.com/,(251) 405-2565,4.9
Salon Thirty-One Gulf Shores,"3800 Gulf Shores Pkwy Suite 120, Gulf Shores, AL",https://www.salonthirtyone.com/,(251) 943-2229,4.5
Beach Life Photography Gulf Shores,"12 Bayside Ct, Gulf Shores, AL",https://www.beachlifephoto.com/,(251) 600-9886,5
VMP Hair Salon,"8200 US-98 C, Gulf Shores, FL",,(803) 464-2200,5
Grand Carribean West Condo Perdido Key,"353S323000000000, Gulf Shores, FL",,(850) 492-9999,4.4
Bayview Park Boat Launch,"2001 E Lloyd St, Gulf Shores, FL",https://www.cityofpensacola.com/Facilities/Facility/Details/Bayview-Park-21,(850) 436-5190,4.7
Austin Massage,"1574 Gulf Shores Pkwy, Gulf Shores, AL",https://sites.google.com/view/austinmassage/home,(251) 272-9191,4.9
Panhandle Community Theatre (PCT),"5410 Dogwood Dr, Gulf Shores, FL",,(850) 221-7599,4.6
Orange Beach Marina,"27075 Marina Rd, Gulf Shores, AL",http://www.orangebeachmarina.com/,(251) 981-4207,4.7
Sunset Ranch Outdoor Wedding Venue and Event Space,"1901 Cope Ln, Gulf Shores, FL",,(850) 944-7669,5
Summit Wellness- Orange Beach,"3099 Loop Rd #4, Gulf Shores, AL",https://www.summitwellnessorangebeach.com/,(251) 241-8260,5
Pensacola Children's Museum,"115 Zaragoza St, Gulf Shores, FL",http://www.historicpensacola.org/plan-your-visit/museums-properties/pensacola-childrens-museum/,(850) 595-1559,4.2
OWA Theater,"205 N Owa Blvd, Gulf Shores, AL",https://visitowa.com/entertainment/owa-theater/,(251) 369-6100,4.8
Kwik Dry Cleaning Services,"16961 AL-180 suite c, Gulf Shores, AL 36542, USA",http://www.littleheadskayakrentals.com/,(251) 979-4481,4.8
Sea Paws Dog Resort,"4193 Plash Rd, Gulf Shores, AL",http://seapawsdogresort.com/,(251) 200-1808,4.8
Remedy Recovery Studio,"3757 Gulf Shores Pkwy Suite BD, Gulf Shores, AL",https://www.remedy-studio.net/?utm_source=google&utm_medium=wix_google_business_profile&utm_campaign=5347324677891228396,(251) 324-6523,5
Nexus Cinema Dining,"7070 Bruns Dr, Gulf Shores, AL",https://www.nexuscinemadining.com/,(251) 776-6570,4.6
Johnnie Sims Park Pavilion,"2008 W 3rd St, Gulf Shores, AL",https://www.gulfshoresal.gov/1172/Johnnie-Sims-Park-Pavilion,(251) 968-2425,4.7
Bella Sera Gardens,"25049 Co Rd 49, Gulf Shores, AL",https://www.thegardenatbellasera.com/,(251) 327-7571,4.5
The Salon by Maria Clara,"85 W Airport Blvd Suite 7, Gulf Shores, FL",http://thesalonpensacola.com/,(850) 291-6896,4.9
Peninsula Golf & Racquet Club,"20 Peninsula Blvd, Gulf Shores, AL 36542, USA",https://peninsulagolfclub.com/?utm_source=google&utm_medium=organic&utm_campaign=gbp,(251) 968-8009,4.8
Festiva On Canal,"26831 Canal Rd, Gulf Shores, AL",https://festivaorangebeach.com/,(855) 933-7733,5
Lickin Good Donuts & Kolaches -Gulf Shores,"229 E 20th Ave #14, Gulf Shores, AL 36542, USA",https://www.facebook.com/pages/category/Donut-Shop/Lickin-Good-Donuts-in-Gulf-Shores-2088614001361563/,(251) 233-3968,4.8
Hand & Stone Massage and Facial Spa,"3800 Gulf Shores Pkwy, Gulf Shores, AL 36542, USA",https://handandstone.com/locations/gulf-shores/?utm_source=google&utm_medium=organic&utm_campaign=businesslisting,(251) 426-2612,4.9
Go Retro,"1800 N E St, Gulf Shores, FL",http://www.goretro.us/,(850) 466-5220,4.4
CCs Salon and Day Spa,"1556 Gulf Shores Pkwy, Gulf Shores, AL 36542, USA",https://www.ccssalondayspaboutique.com/,(251) 968-2077,4.6
Above and Beyond Yoga and Salt Therapy,"878 Hillcrest Rd C, Gulf Shores, AL",http://www.abyogaandsalttherapy.com/,(251) 639-9030,5
Bay Breeze RV on the Bay,"{'street': '1901 Bay Breeze Pkwy', 'city': 'Gulf Shores', 'state': 'AL', 'zip': '36542'}",http://www.baybreezerv.com/,(251) 540-2362,4.7
Golden Flames Banquet and Ballroom,"7060 Three Notch Rd, Gulf Shores, AL",https://www.goldenflamesbanquet.com/,(251) 602-6646,4.6
Coastal Concrete,"6765 Driftwood Dr, Gulf Shores, AL 36542, USA",,(251) 379-4289,4
Geez Louise Boutique,"{'city': 'Gulf Shores', 'state': 'Alabama', 'coordinates': {}}",http://shopgeezlouise.com/,(251) 270-4439,4.4
Gulf Oak Ridge Trailhead West,"Gulf Oak Rdg, Gulf Shores, AL",https://www.alapark.com/parks/gulf-state-park,,4.8
Royal Motel,"AL-59, Gulf Shores, AL",,(251) 964-5516,2.6
Osceola Municipal Golf Course,"300 Tonawanda Dr, Gulf Shores, FL",http://www.osceolagolf.com/,(850) 453-7599,3.8
Safe Harbor Sportsman,"27844 Canal Rd, Gulf Shores, AL",https://shmarinas.com/locations/safe-harbor-sportsman/,(251) 981-6247,4.7
Pensacola Museum of Art,"407 S Jefferson St, Gulf Shores, FL",http://www.pensacolamuseum.org/,(850) 432-6247,4.3
"Captain Ron’s Watersports, LLC","526 Lemoyne Dr, Gulf Shores, AL",http://www.captainronswatersports.com/,(251) 654-8379,4.9
Wind Creek Entertainment Center & Cinema,"303 Poarch Rd, Gulf Shores, AL",http://windcreekatmore.com/Entertainment/Cinema,(855) 958-4637,4.5
Bellingrath Gardens & Home,"12401 Bellingrath Gardens Rd, Gulf Shores, AL",http://www.bellingrath.org/,(251) 427-3367,4.8
Sassy Chophouse + Cocktails,"8818 AL-180, Gulf Shores, AL 36542, USA",https://www.sassybass.com/,(251) 948-3052,4.6
Fort Morgan State Historic Site,"110 AL-180, Gulf Shores, AL",https://ahc.alabama.gov/,(251) 540-7127,4.7
Hancock Whitney Bank,"1801 Gulf Shores Pkwy, Gulf Shores, AL 36542, USA",https://locations.hancockwhitney.com/al/gulfshores/financial-center-gulf-shores.html,(251) 967-1212,3.7
Shell,"2021 Gulf Shores Pkwy, Gulf Shores, AL 36542, USA",https://find.shell.com/us/fuel/10089740-2020-gulf-shores-pkwy/en_US,(251) 968-7781,4.5
Go Time Travel,"4725 Main St Suite F222, Gulf Shores, AL",http://www.gotimetravel.com/,,4.6
Adventure Earth Bicycles,"2039 Airport Blvd, Gulf Shores, AL",https://www.adventure-earth.com/,(251) 478-1000,4.5
Beach Bum Outdoors,"3041 W 1st St, Gulf Shores, AL",https://beachbumoutdoors.com/,(251) 699-1822,4.8
URU Yoga Gulf Breeze,"913 Gulf Breeze Pkwy STE 26, Gulf Shores, FL",http://www.uruyoga.com/,(850) 377-5334,4.7
"Bay Area Performing Arts, LLC","8724 Rand Ave, Gulf Shores, AL",http://bayareaperformingarts.com/,(251) 455-0355,5
High Ty'd Charters,"10121 Sinton Dr C10, Gulf Shores, FL",https://www.hightydcharters.com/,(231) 855-0396,5
Magnolia Float Spa,"3849 Gulf Shores Pkwy #11, Gulf Shores, AL",http://magnoliafloatspa.com/,(251) 943-8112,4.8
Bueno Vista RV Resort,"216 E 24th Ave, Gulf Shores, AL 36542, USA",,,
Hudson Marina,"4575 S Wilson Blvd, Gulf Shores, AL",http://www.hudsonmarina.net/,(251) 981-4127,4.5
Mallory Sullivan Photography,"Canal Rd, Gulf Shores, AL",https://www.mallorysullivanphotography.com/,(205) 441-2940,4.9
Pensacola Beach Gulf Pier,"41 Fort Pickens Rd #2005, Gulf Shores, FL",https://www.facebook.com/gulfpier/,(850) 934-7200,4.7
Island Winds East Vacation Rental Condominiums,"333 W Beach Blvd Unit 802, Gulf Shores, AL 36542, USA",https://www.brett-robinson.com/gulf-shores/island-winds-east/?utm_source=gmb&utm_medium=organic&utm_campaign=website-link&utm_term=island-winds-east,(800) 211-7892,3.8
Gulf Breeze Zoo,"5701 Gulf Breeze Pkwy, Gulf Shores, FL",http://www.gbzoo.com/,(866) 620-1825,4.6
BeachLife Fitness,"13118 Sorrento Rd ste d, Pensacola, FL 32507, USA, Gulf Shores, FL",http://beachlifefitness.com/,(509) 220-6066,4.8
Wharf,"4985 Wharf Pkwy E, Gulf Shores, AL",https://alwharf.com/,(251) 224-1000,4.6
Victor's GYM,"780 N Navy Blvd, Gulf Shores, FL",,(251) 533-7282,4.8
"The Little Lady Beach House (Gulf Shores, AL)","2898 W Beach Blvd, Gulf Shores, AL",https://gulfshoresfamilyvacation.com/,(309) 229-6334,5
Liquid Life Vacation Rentals,"4700 Main St N201, Gulf Shores, AL",http://liquidlifevacationrentals.com/,(251) 424-1118,4.5
Pine Beach Trailhead,"Pine Beach Trail, Gulf Shores, AL",,,5
Lil' Toot Boat Tours Pensacola Beach,"655 Pensacola Beach Blvd, Gulf Shores, FL",https://liltootpcolabeach.com/,(850) 291-1385,5
Bahama Bob's,"{'street': '601 W Beach Blvd', 'city': 'Gulf Shores', 'state': 'AL', 'zip': '36542', 'coordinates': {}}",https://www.bahamabobs.com,(251) 948-2100,
Kiva Dunes Public Golf Course,"815 Plantation Ln, Gulf Shores, AL",http://www.kivadunes.com/,(251) 540-7000,4.5
Alligator Alley,"19950 Co Rd 71, Gulf Shores, AL",https://gatoralleyfarm.com/about/hours-pricing/,(251) 946-2483,4.8
Alabama Gulf Coast Zoo,"{'street': '20499 Oak Road East', 'city': 'Gulf Shores', 'state': 'AL', 'zip': '36542', 'coordinates': {}}",http://alabamagulfcoastzoo.com/,(251) 256-7008,4.1
Gulf Shores Post Office,"{'street': '2149 W 1st St', 'city': 'Gulf Shores', 'state': 'AL', 'zip': '36542', 'coordinates': {}}",http://www.postallocations.com/al/gulf-shores/gulf-shores,(251) 968-2231,2.6
EBIKE THE PARK,"117 E 14th Ave, Gulf Shores, AL",http://www.ebikethepark.com/,(251) 460-1088,5
UFO Golf,"2 Via De Luna Dr, Gulf Shores, FL",https://www.ufospensacolabeach.com/,(850) 677-8830,4.1
Luxor Event Center,"4130 Government Blvd B, Gulf Shores, AL",http://luxoreventcenter.com/,,4.8
Street Legal Golf Cart Rentals,"655 Pensacola Beach Blvd, Gulf Shores, FL",https://streetlegalgolfcartrentals.com/,(850) 737-1046,5
Village Yoga,"4407-A Old Shell Rd, Gulf Shores, AL",http://www.village.yoga/?utm_source=google&utm_medium=wix_google_business_profile&utm_campaign=8783307834167180737,(251) 277-7107,5
Warrington Veterinary Clinic,"7197 US-98, Gulf Shores, FL",https://warringtonvetclinic.com/,(850) 453-3151,4.8
Emerald Coast Esthetics,"1574 Gulf Shores Pkwy, Gulf Shores, AL 36542, USA",,(251) 752-3223,
Gulf Shores Family Photography,"372 W 23rd Ave, Gulf Shores, AL",https://www.pensacolabeach-photographer.com/,(850) 450-5875,5
NAS PENSCOLA GOLF COURSE,"799-1313 Duncan Rd, Gulf Shores, FL",https://www.navymwrpensacola.com/programs/6e429faf-c74d-44dc-9690-b872b66401cc,(850) 452-2454,4.4
Gulf Place,"Gulf Shores, Gulf Shores, AL",,,5
Babe's,"4024 N Davis Hwy, Gulf Shores, FL",http://linktr.ee/babesworldfamous,(850) 438-8281,3.7
Seville Savories Food Tour,"2000 E Maxwell St, Gulf Shores, FL",http://www.sevillesavoriesfoodtour.com/,(850) 341-5731,5
Theatre 98 Inc,"350 Morphy Ave, Gulf Shores, AL",http://www.theatre98.org/,(251) 928-4366,4.9
Mini Golf Arcade,"Gulf Shores, Gulf Shores, AL",,,3.5
Gulf Shores Bike Rentals,"824 Gulf Shores Pkwy C2, Gulf Shores, AL",http://gulfshoresbikerentals.com/,(251) 210-9037,5
Navarre Beach Fishing Pier,"8579 Gulf Blvd, Gulf Shores, FL",https://www.santarosa.fl.gov/248/Navarre-Beach-Pier,(850) 710-3239,4.8
Staybridge Suites Gulf Shores by IHG,"3947 Gulf Shores Pkwy, Gulf Shores, AL 36542, USA",https://www.ihg.com/staybridge/hotels/us/en/gulf-shores/pnssb/hoteldetail?cm_mmc=GoogleMaps-_-SB-_-US-_-PNSSB,(251) 277-4343,4.2
CoastEase Tikis,"Reel Surprise Marina, Gulf Shores, AL",https://www.coasteasetikis.com/,(850) 404-9927,5
Tacky Jacks Fort Morgan,"1577 AL-180, Gulf Shores, AL 36542, USA",http://www.tackyjacks.com/,(251) 968-8341,4.2
STRIKERZ Entertainment Center,"3200 N Palafox St, Gulf Shores, FL",http://www.facebook.com/Strkerz-1651818501516570,(850) 444-8545,4.4
Big Beach Brewing,"300 E 24th Ave, Gulf Shores, AL 36542, USA",http://bigbeachbrewing.com/,(251) 948-2337,4.8
Del Mar Properties LLC,"3757 Gulf Shores Pkwy, Gulf Shores, AL 36542, USA",http://www.retailspaceingulfshores.com/,(251) 968-7438,4.3
"Freedom Boat Club - Orange Beach, AL","27844 Canal Rd, Gulf Shores, AL",https://orangebeachboatclub.com/?utm_source=google&utm_medium=organic&utm_campaign=gbp,(850) 497-0130,4.9
Tru 105° Hot Yoga & Pilates,"4621-B SpringHill Ave, Gulf Shores, AL",https://tru105.com/,(251) 333-1678,4.9
Young's Suncoast Vacation Rentals,"100 Cove Ave, Gulf Shores, AL",https://www.youngssuncoast.com/?utm_source=google&utm_medium=organic&utm_campaign=gmb_website,(251) 968-7158,4.2
Gulf Coast RV Park,"5584 Co Rd 6, Gulf Shores, AL 36542, USA",,(251) 968-6494,4.1
Original Oyster House Boardwalk,"701 Gulf Shores Pkwy, Gulf Shores, AL 36542, USA",https://www.originaloysterhouse.com/,(251) 948-2445,4.4
Fort Morgan Gear Rentals,"15849 AL-180, Gulf Shores, AL",,(251) 800-1167,2.6
Note Nightclub,"207 Main St, Gulf Shores, AL",,,4.3
Beach Dream Inc,"8818 AL-180, Gulf Shores, AL 36542, USA",,(251) 540-2241,
OB Watersports,"27194 Marina Rd, Gulf Shores, AL",https://obwatersports.com/,(251) 981-2527,4.6
Beach Bike Rentals,"4 Market St, Gulf Shores, AL",http://beachbikerentalsorangebeach.com/,(251) 968-1770,4.9
Fish Tree Yoga LLC,"9725 N Loop Rd, Gulf Shores, FL",http://www.fishtreeyoga.com/YOGA_CLASSES.html,(850) 261-9339,5
Lost Key Beach Club,"14359 Perdido Key Dr, Gulf Shores, FL",,(850) 444-8263,4.6
Pensacola MESS Hall,"418 E Wright St, Gulf Shores, FL",http://www.pensacolamesshall.org/,(877) 937-6377,4.7
Beach Club Aesthetics,"13700 Perdido Key Dr #223, Gulf Shores, FL",https://alyssaxlashesandskin.glossgenius.com/,(850) 525-2760,5
Ark Animal Clinic,"3625 Springhill Memorial Dr S, Gulf Shores, AL",https://www.arkanimalclinic.net/,(251) 342-2956,4.7
Rebecca Austin Yoga,"7150 Tippin Ave, Gulf Shores, FL",http://www.rebeccaaustinyoga.com/,(850) 463-8980,5
Casino,"Mobile, Gulf Shores, AL",https://www.bolorestaurant.com,,
"Southern Muscle Factory, LLC","2601 S McKenzie St STE: 166, Gulf Shores, AL",https://www.southernmusclefactory.com/,(815) 992-0448,4.9
High Tide Daiquiris & Mimosas,"{'city': 'Gulf Shores', 'state': 'Alabama', 'coordinates': {}}",https://hightidedaiquiris.com/,(251) 324-6205,4.4
Perdido Pass Seawall Park,"27556 Perdido Beach Blvd, Gulf Shores, AL",,,4.9
Gulf Shores Wedding Chapel,"3533 Chapel Ln, Gulf Shores, AL",http://www.gulfshoresweddingchapel.com/,(251) 968-6222,4.9
Car Wash,"120 E 20th Ave, Gulf Shores, AL 36542, USA",,,3.7
Beach Blonde Hair Studio,"2400 E 2nd St, Gulf Shores, AL",,(251) 978-9296,5
Premium Parking - Gulf Shores Beach (610 W Beach),"{'street': '610 W Beach Blvd', 'city': 'Gulf Shores', 'state': 'AL', 'zip': '36542', 'coordinates': {'lat': 30.24714, 'lng': -87.69934}}",https://www.premiumparking.com,,
The Roc Event Center,"3906 W Fairfield Dr, Gulf Shores, FL",,(850) 723-6844,4.6
Audubon Bird Sanctuary,"211 Bienville Blvd, Gulf Shores, AL",https://www.dauphinislandbirds.com/,(251) 861-3607,4.6
Bluewater Condominiums by Vacasa,"1585 Gulf Shores Pkwy, Gulf Shores, AL 36542, USA",https://www.vacasa.com/usa/Bluewater-Condominiums/?utm_source=gmb&utm_medium=organic&utm_campaign=gmb-Bluewater-Condos,(503) 345-9399,4.1
Beachside Resort Hotel,"{'street': '610 W Beach Blvd', 'city': 'Gulf Shores', 'state': 'Alabama', 'zip': '36542', 'coordinates': {}}",https://beachsideresortgulfshores.com/,(251) 948-8141,3.5
CrossFit Anchor Down,"27085 Canal Rd, Orange Beach, AL 36561, USA, Gulf Shores, AL",https://crossfitanchordown.com/contact.html,(217) 841-6983,5
Public Parking,"536 W Beach Blvd, Gulf Shores, AL 36542, USA",https://www.gulfshoresal.gov/1139/Beach-Parking,(251) 483-3665,4.3
Gulf Shores 1353,"497 Plantation Rd, Gulf Shores, AL 36542, USA",https://www.alabamavacationhomerentals.com/listing.112,(864) 640-3812,4
Sand Dollar Photographers,"736 Bienville Blvd, Gulf Shores, AL",https://www.sanddollarphotographers.com/,(251) 591-6845,5
Coastal Segway Adventures,"21101 AL-135, Gulf Shores, AL",http://www.coastalsegwayadventures.com/,(251) 509-8687,4.8
Perdido Key Beach,"Perdido Key Beach, Gulf Shores, FL",https://www.perdidokey.com,#ERROR!,4.7
Gulf State Park Visitor Center,"20115 State Park Rd, Gulf Shores, AL",https://www.alapark.com/parks/gulf-state-park/visitor-center,,4.8
Soul Shine Yoga,"103 N Bancroft St, Gulf Shores, AL",http://www.thesoulshinelife.com/,(251) 225-4597,4.9
Navy Boulevard Animal Hospital,"3835 W Navy Blvd, Gulf Shores, FL",http://www.navyblvd.com/,(850) 455-1349,4.6
AMC CLASSIC Pensacola 18,"6595 North W Street, Gulf Shores, FL",https://www.amctheatres.com/movie-theatres/pensacola-mobile/amc-classic-pensacola-18?utm_medium=organic&utm_source=google&utm_campaign=local,(850) 471-1520,4.1
Agape’ Yoga,"24025 Miflin Rd, Gulf Shores, AL",https://www.facebook.com/profile.php?id=100084739742771&mibextid=LQQJ4d,(251) 955-1919,5
Impact Fitness,"18930 Baldwin County Rd 10, Gulf Shores, AL",https://impactfitnessgym.com/,(251) 752-5265,4.9
Magic Hair by Marie and Laurie,"1404 W W 1st St, Gulf Shores, AL",,(251) 948-8898,4.9
East Perdido Key State Park,"15301 Perdido Key Dr, Pensacola, FL 32507, USA, Gulf Shores, FL",https://www.floridastateparks.org/park/Perdido-Key,(850) 492-1595,4.8
Regions Bank,"1400 Gulf Shores Pkwy, Gulf Shores, AL 36542, USA",https://www.regions.com/locator/al/gulf-shores/full-service-branch-1400-gulf-shores-pkwy?cid=localListing_google,(251) 213-2130,2.7
Selah,"741 Plantation Rd, Gulf Shores, AL 36542, USA",http://selahfortmorgan.com/,(251) 424-7235,4.9
The Creamery,"925 Beach Club Trail, Gulf Shores, AL 36542, USA",https://thebeachclub.spectrumresorts.com/dining/village-creamery/,(251) 224-3660,4.3
Perdido Bay CrossFit,"700 Giese Ln b, Gulf Shores, FL",http://www.perdidobaycrossfit.com/,(850) 382-9161,4.9
REGYMEN Fitness Pensacola,"5007 N Davis Hwy # 14, Gulf Shores, FL",https://regymenfitness.com/pensacola/,(850) 435-4075,4.9
Caribe Cruiser,"28099 Perdido Beach Blvd, Gulf Shores, AL",https://caribemarina.com/,(251) 980-8410,4.6
Rustic Beauty Salon,"116 W Railroad Ave, Gulf Shores, AL",https://www.rusticbeautysalon.com/,(970) 768-3674,4.7
MOXIE Lifestyle Fitness Studio,"4776 Main St L206, Gulf Shores, AL",https://moxie-lifestyle.com/,(251) 219-0504,4.8
Christy Ann Photography,"389 Clubhouse Dr STE B2, Gulf Shores, AL",http://www.christyannphoto.com/,(251) 752-8942,4.9
Fort Morgan Property Management,"6930 AL-180, Gulf Shores, AL 36542, USA",http://www.gulfrentals.com/,(800) 959-7326,4
Tarkiln Bayou State Park Parking,"2223 Bauer Rd, Gulf Shores, FL",https://www.floridastateparks.org/park/Tarkiln-Bayou,,4.6
Orange Street Pier-Beach,"Orange Street Pier-Beach, Gulf Shores, AL",,,4.7
Playa de Amelia,"76HW+Q2, Gulf Shores, AL",,,5
McClure’s Catering,"4575 Orange Beach Blvd #106, Gulf Shores, AL",,(251) 974-2245,
McKee Botanical Garden,"350 US-1, Gulf Shores, FL",http://www.mckeegarden.org/,(772) 794-0601,4.7
Gulf Shores Beach,"112 W Beach Blvd, Gulf Shores, AL",https://www.hilton.com/en/hotels/gufbees-embassy-suites-gulf-shores-beach-resort/?SEO_id=GMB-AMER-ES-GUFBEES&y_source=1_MTAxNzg1OTY1OS03MTUtbG9jYXRpb24ud2Vic2l0ZQ%3D%3D,#ERROR!,4.9
Joanne Johnson Massage of Perdido Key,"1009 Chandelle Lake Dr, Gulf Shores, FL",http://www.massageofperdidokey.com/,(850) 380-1169,4.3
Paws & Relax Vacation Rental,"428 Bernard Ct W, Gulf Shores, AL",http://www.pawsvacations.com/,(314) 303-9416,5
"Marco's Pizza Cotton Creek Drive, Gulf Shores","{'street': '160 Cotton Creek Drive', 'city': 'Gulf Shores', 'state': 'AL', 'zip': '36542', 'coordinates': {'lat': 30.2987805, 'lng': -87.6813811}}",https://www.marcos.com,(251) 975-1200,
Petit Ami Event Venue,"196 N Palafox St, Gulf Shores, FL",http://palafoxhouse.com/,(850) 761-1905,4.5
Palace Casino Resort,"158 Howard Ave, Gulf Shores, AL",https://www.palacecasinoresort.com/,(228) 432-8888,4.3
My Beach Getaways,"13700 Perdido Key Dr # B-222, Gulf Shores, FL",https://mybeachgetaways.com/perdido-key-beach-rentals/,(800) 488-8978,4.5
Pensacola Bay,"30 S I St, Gulf Shores, FL",,,5
Beach club B509,"375 Beach Club Trail, Gulf Shores, AL",,,5
Voices of Pensacola Multicultural Center,"117 E Government St, Gulf Shores, FL",http://historicpensacola.org/,(850) 595-5840,4.8
Coastal Fitness,"1340 S Commercial Dr, Foley, AL 36535, USA, Gulf Shores, AL",http://www.thecoastalgym.com/,(251) 747-2687,4.9
The Farm,"24025 Miflin Rd, Gulf Shores, AL",,(251) 955-1919,5
Hangout Music Festival,"101 E Beach Blvd, Gulf Shores, AL",http://www.hangoutmusicfest.com/,(251) 948-3030,4.8
Hayes Farm,"9854 Lancaster Rd, Gulf Shores, AL",https://www.theorchardathayesfarm.com/,,4.9
Michael Dow Amphitheater,"3055-B Bank Ave, Gulf Shores, AL",https://mprd.recdesk.com/Community/Calendar?facilityId=222,(251) 452-1792,4.5
Finding Beauty Photography,"1710 Beachside Dr, Gulf Shores, FL",http://www.findingbeautyphotography.com/,(251) 609-4826,5
Nauti Mermaid - Upscale Airbnb on Quiet West Beach,"1138 W Beach Blvd, Gulf Shores, AL 36542, USA",https://gonecoastalgs.com/,,4
Village Veterinary Hospital - Dr. Susan D Cardwell,"11433 Old Hwy 31, Gulf Shores, AL",http://villagevetspanishfort.com/,(251) 626-3975,4.8
Orange Beach Pontoons,"29209 Perdido Beach Blvd APT 101, Gulf Shores, AL",,(251) 210-7800,5
FUNBOX,"3299 Joe Treadwell Dr, Gulf Shores, AL",https://funbox.com/,,
Bender Vacation Rentals,"{'street': '956 West Beach Boulevard', 'city': 'Gulf Shores', 'state': 'Alabama', 'zip': '36542', 'coordinates': {'lat': 30.24563, 'lng': -87.707825}}",http://www.benderrealty.com/,(251) 948-2651,4.7
Float My Boat Rentals - Pensacola & Pensacola Beach,"101 Palafox Pl #12670, Gulf Shores, FL",https://floatmyboatrentals.com/,(850) 312-1468,4.4
Perdido River Wildlife Management Area,"Robertsdale, Gulf Shores, AL",http://www.alabamaforeverwild.com/perdido-river-wma,(850) 382-4397,4.6
Perdido Bay Seafood,"13506 Perdido Key Dr suite 101, Gulf Shores, FL",https://www.facebook.com/tcsseafood/,(850) 492-0455,4.8
Alabama Beach Vacation Rentals,"3645 Gulf Shores Pkwy UNIT 101, Gulf Shores, AL",https://albvr.com/,(251) 967-1681,4.6
NAS Pensacola Veterinarian Services (Building 535),"765 6th St, Gulf Shores, FL",https://taplink.cc/pcolavtf,(850) 505-6596,4.1
On The Gulf Rentals,"5835 Cruzat Way, Gulf Shores, FL",http://on-the-gulf-rentals.square.site/,(850) 318-0806,5
Crystal Shores West,"931 W Beach Blvd, Gulf Shores, AL 36542, USA",http://www.youngssuncoast.com/gulf-coast-property-management/condo-association-management/crystal-shores-west/,(800) 826-1213,4.3
Pensacola Travel Agency,"802 Covington Pl W, Gulf Shores, FL",,(850) 364-7699,5
Beach House Bed & Breakfast,"9218 Dacus Ln, Gulf Shores, AL 36542, USA",,(251) 540-7039,4.9
Lillian Swamp Forever Wild Complex,"Lillian, Gulf Shores, AL",,,4.5
Seminole Casino Coconut Creek,"5550 NW 40th St, Gulf Shores, FL",https://casino.hardrock.com/coconut-creek,(954) 977-6700,4.2
22698 Perdido Beach Blvd Parking,"22698 Perdido Beach Blvd, Gulf Shores, AL 36542, USA",,,4.7
Southern Belle Luxury Cruises,"27267 Perdido Beach Boulevard, Gulf Shores, AL",,(352) 325-0705,5
Orange Beach Golf Center,"4700 Easy St, Gulf Shores, AL",https://www.orangebeachal.gov/238/Golf-Center,(251) 981-4653,4.4
Legacy Oaks Venue,"27300 Schoen Rd, Gulf Shores, AL",https://legacyoaksvenue.com/,(251) 200-2979,5
The Lodge at Gulf State Park,"{'street': '21196 East Beach Blvd', 'city': 'Gulf Shores', 'state': 'AL', 'zip': '36542', 'coordinates': {'lat': 30.250184, 'lng': -87.6644393}}",https://lodgeatgulfstatepark.com,(251) 540-4000,
Camelot Photography | Orange Beach,"24809 Gulf Stream Circle, Gulf Shores, AL",http://www.camelotphotography.org/,(251) 928-8082,4.4
Southwind Marina,"10121 Sinton Dr C10, Gulf Shores, FL",http://www.southwindmarina.com/,(850) 619-6348,4.6
Gator Lake Trail,"Mobile St, Gulf Shores, AL",,,4.5
Chevron Gulf Shores,"15827 AL-180, Gulf Shores, AL 36542, USA",http://www.chevronwithtechron.com/stations/station-finder.aspx,(251) 967-2862,4
Vacation Beach Portraits Perdido Key,"13700 Perdido Key Dr B224-C, Gulf Shores, FL",https://vacationbeachportraits.com/,(850) 332-5663,5
Regions Bank - Gulf Shores 1400 Gulf Shores Parkway,"{'street': '1400 Gulf Shores Pkwy.', 'city': 'Gulf Shores', 'state': 'AL', 'zip': '36542', 'coordinates': {}}",https://www.regions.com,251-213-2130,
DETAILING UNLIMITED &Ceramic Coating,"19451 Oak Rd W, Gulf Shores, AL 36542, USA",http://detailingpressure.com/,(251) 233-8363,4.5
ONE Club Gulf Shores Apartments,"20050 Oak Rd E, Gulf Shores, AL",https://oneclubgulfshores.com/apartment-rentals/?utm_source=apartmentseo&utm_medium=googlebusinessprofile&utm_campaign=organicmaplisting,#ERROR!,3.9
Mikee's Seafood,"205 E 2nd Ave, Gulf Shores, AL 36542, USA",(251) 948-6452,(251) 948-6452,4.1
Image Five Photography,"476 Orleans St, Gulf Shores, AL",http://imagefivephotography.com/,(251) 224-5465,5
Fort Pickens,"1400 Fort Pickens Rd, Gulf Shores, FL",https://www.nps.gov/guis/planyourvisit/fort-pickens-area.htm,(850) 934-2622,4.8
Museum of Industry,"200 Zaragoza St, Gulf Shores, FL",http://historicpensacola.org/plan-your-visit/museums-properties/museum-of-industry/,(850) 595-5985,4.7
Auburn Veterinary Specialists - Gulf Shores,"21541 Co Rd 8, Gulf Shores, AL",https://www.vetmed.auburn.edu/animal-owners/gulf_shores/,(251) 227-8480,4.7
"Evolve Fitness Spa, LLC.","3757 Gulf Shores Pkwy, Gulf Shores, AL 36542, USA, Gulf Shores, AL",http://www.evolvefitness.fit/,(251) 747-1379,4.5
DeSoto's Seafood Kitchen,"{'street': '138 West 1st Ave.', 'city': 'Gulf Shores', 'state': 'AL', 'coordinates': {'lat': 30.2495366, 'lng': -87.69145790654058}, 'zip': '36542'}",https://desotosseafoodkitchen.com,(251) 948-7294,
Baby Jay's BBQ,"9989 AL-180, Gulf Shores, AL 36542, USA",,,3
"Key Concepts Realty, Inc.","13880 Perdido Key Dr, Gulf Shores, FL",,(850) 492-5462,4.5
Aqua Chaser,"104 S Owa Blvd, Gulf Shores, AL",https://visitowa.com/attractions/aqua-chaser/,,
Planet Fitness,"1639 S McKenzie St, Gulf Shores, AL",https://www.planetfitness.com/gyms/foley-al?utm_medium=organic&utm_source=extnet,(251) 943-9370,4.3
Lulu's,"{'city': 'Gulf Shores', 'state': 'AL', 'coordinates': {}}",https://lulusgulfshores.com,,
Cotton Bayou Trail,"Cotton Bayou Trail, Gulf Shores, AL",,(251) 981-6979,4.9
NAS Pensacola Radford Fitness Center,"450 Radford Blvd, Gulf Shores, FL",https://www.navymwrpensacola.com/programs/073963f2-b6a6-4457-854d-49e1228dee5e,(850) 452-9845,4.4
Dauphin Island Harbor House,"730 Cadillac Ave, Gulf Shores, AL",http://www.diharborhouse.com/,(251) 861-2119,4.7
Pensacola Ghosts:Ghost Tours and Haunted Pub Crawls,"201 S Jefferson St, Gulf Shores, FL",https://usghostadventures.com/pensacola-ghost-tour/?utm_medium=organic&utm_source=google&utm_campaign=gmb_pensacola,(850) 542-8657,4.8
Island Pancake House,"337 E Beach Blvd, Gulf Shores, AL 36542, USA",http://www.bwonthebeach.com/,(251) 948-2711,4.4
Gulf Shores Entertainment Agency,"{'street': '1545 Gulf Shores Pkwy., #201', 'city': 'Gulf Shores', 'state': 'AL', 'zip': '36535', 'coordinates': {}}",http://gulfshoresentertainment.com,251-237-3330,
Angel Hair Salon & Boutique,"128 Cove Ave, Gulf Shores, AL 36542, USA",http://myangelhair.com/,(251) 923-6992,4.6
ONE Club Golf Course Gulf Shores,"20050 Oak Rd E, Gulf Shores, AL",https://oneclubgulfshores.com/golf/,(251) 968-3234,3.8
Gulf State Park - Florida Point,"Gulf State Park - Florida Point, Gulf Shores, AL",,,4.7
Anna's Laundromat,"205 Fort Morgan Rd Trail, Gulf Shores, AL 36542, USA",,(251) 968-7070,3.4
Gulf Breeze Motel,"1512 Cadillac Ave, Gulf Shores, AL",https://gulf-breeze-motel.com/,(251) 861-7344,4.6
Cleopatras Beauty Boutique,"1538 Gulf Shores Pkwy, Gulf Shores, AL 36542, USA",http://spasofeden.com/,(251) 981-8600,4
Publix Pharmacy at Colonial Promenade at Craft Farms,"160 Cotton Creek Dr #100, Gulf Shores, AL 36542, USA",https://www.publix.com/pharmacy?utm_medium=maps&utm_source=google&utm_content=psmpharm_google_override,(251) 948-2781,3.1
First Cahawba Bank,"144 Cove Ave, Gulf Shores, AL 36542, USA",https://www.firstcahawba.com/,(251) 948-1001,5
Driftwood Beach Weddings,"2503 E 5th St, Gulf Shores, AL",https://www.driftwoodbeachwedding.com/,(251) 550-9774,5
Village Point Park Preserve,"27710 Main St, Gulf Shores, AL",http://www.daphneal.com/,(251) 621-3703,4.7
Orange Beach Nutrition,"2 Market St, Gulf Shores, AL",,(251) 215-0701,4.4
Santa Rosa Ranch,"4340 Highway 178, Gulf Shores, FL",,(850) 781-8868,4.8
Arcade at OWA,"B, Gulf Shores, AL",https://visitowa.com/entertainment/arcade/,(251) 378-2827,4.3
Yoga Abode,"17 Via De Luna Dr, Gulf Shores, FL",https://www.iamabode.com/,(850) 529-0699,5
Orange Beach Yoga,"4851 Wharf Pkwy W, Orange Beach, AL 36561, USA, Gulf Shores, AL",,(251) 752-8090,5
Cafe Beignets of Alabama GS,"200 W Fort Morgan Rd, Gulf Shores, AL 36542, USA",,(251) 948-2311,4.2
The Coldhole,"1631 Crosswinds Ct, Gulf Shores, AL 36542, USA",https://jessesrestaurant.com/on-the-bay/cold-hole-bar-grill/,(251) 965-3827,5
Neighborhood Children’s Theatre,"2800 Wilde Lake Blvd, Gulf Shores, FL",http://neighborhoodchildrenstheatre.com/,(850) 898-1789,5
Gulf Coast Veterinary Hospital,"24001 Canal Rd, Gulf Shores, AL",https://www.gulfcoastveterinaryhospitalorangebeachal.com/,(251) 974-5633,4.6
Urban Air Trampoline and Adventure Park,"31000 Bass Pro Dr, Gulf Shores, AL",https://www.urbanair.com/alabama-spanish-fort/?utm_source=gmb&utm_medium=website,(256) 269-3213,4.1
ZooWorld,"9008 Front Beach Rd, Gulf Shores, FL",http://www.zooworldpcb.com/,(844) 966-4968,4.4
Fort Walton Beach Bowl,"745 Beal Pkwy, Gulf Shores, FL",http://www.fwbbowl.com/,(850) 863-5603,4.2
Orange Beach Adult Fitness Center,"4847 Wilson Blvd, Orange Beach, AL 36561, USA, Gulf Shores, AL",https://www.orangebeachal.gov/469/Adult-Fitness-Center,(251) 981-6028,4.9
Court of De Luna Event Space,"116 E Gonzalez St #7, Gulf Shores, FL",https://www.deluna.com/,(850) 712-1951,4.8
Tammy Klahn Cruise Planners,"8611 Bonney Brook Ct, Gulf Shores, AL",http://www.tammystraveladventures.com/,(507) 317-6883,
Riverside Park,"Canfield Park, Gulf Shores, AL",http://www.cityoffortmorgan.com/parks,(970) 867-3808,4.4
Coastal Flowers & Design,"{'city': 'Gulf Shores', 'state': 'AL', 'zip': '36542', 'coordinates': {}}",http://www.coastalflowersanddesign.com/,(251) 968-7673,4.8
"Gulf Shores Vacation Rentals, Inc","1240 Commerce Dr Suite A, Gulf Shores, AL",https://www.gsvacationrentals.com/?utm_source=google&utm_campaign=local&utm_medium=organic,(877) 747-4787,4.3
Treehouse Cafe,"{'street': '1538 Gulf Shores Parkway Unit 5', 'city': 'Gulf Shores', 'state': 'Alabama', 'zip': '36542', 'coordinates': {}}",http://www.treehouse.gs/,(251) 220-5263,5
Iron Palace Casino,"5045 Bayou Blvd, Gulf Shores, FL",https://treasuretroveturn.com/?utm_geo=us,,
"Joe Curlette, Associate Broker: Young's Suncoast Realty on the Gulf","409 E Beach Blvd #300, Gulf Shores, AL 36542, USA",http://www.joeatthebeach.com/,(251) 979-9781,4.3
Massage At Wolf Bay,"25595 Canal Rd Suite P, Gulf Shores, AL",http://massageatwolfbay.net/,(251) 623-0411,4.8
Gulf State Park Pier,"20800 E Beach Blvd, Gulf Shores, AL 36542, USA",https://www.alapark.com/parks/gulf-state-park/fishing-and-education-pier,(251) 967-3474,4.7
Megan's Landing Veterinary Clinic,"10081 US-98, Gulf Shores, FL",http://www.meganslandingvet.com/,(850) 912-4700,4.9
Sun Shots,"3736 Cypress Point Dr #103B, Gulf Shores, AL",https://sun-shots.com/,(251) 968-2119,5
Carousel,"3200 Gulf Shores Pkwy, Gulf Shores, AL",http://www.funatthetrack.com/,(251) 270-0210,4
Susan N. McCollough Art,"{'city': 'Gulf Shores', 'state': 'AL', 'coordinates': {}}",http://www.susannmccolloughart.media/,,
Mike Rienzi Golf,"1421 Regency Rd, Gulf Shores, AL",,,3.7
Luxury Yacht Rentals of Orange Beach,"Fish Trap Road, Gulf Shores, AL",,(251) 533-2755,5
Champion Getaway,"400 Plantation Rd Unit #3213, Gulf Shores, AL 36542, USA",,(678) 986-0294,5
The Bohemian an Event Venue,"100 S Owa Blvd, Gulf Shores, AL",,(251) 923-2111,1
Melisa Pierce | Dauphin Island Family & Beach Photographer,"Bienville Blvd, Gulf Shores, AL",http://www.melisapiercephotography.com/,(251) 232-5161,5
Port Bay view,"611 Bonita Ct, Gulf Shores, AL",,,
Pensacola Athletic Center,"7700 US-98, Gulf Shores, FL",http://www.pacactive.com/,(850) 453-1534,4.6
LUXURY LIMO LLC - ORANGE BEACH ALABAMA,"24948 Wolf Bay Terrace, Gulf Shores, AL",https://www.luxurylimollc.com/,(251) 968-6994,5
Gulf Shore,"Gulf Shores, Gulf Shores, AL",https://oneclubgulfshores.com/apartment-rentals/?utm_source=apartmentseo&utm_medium=googlebusinessprofile&utm_campaign=organicmaplisting,,4
Fort Morgan Beach Rentals,"10613 AL-180, Gulf Shores, AL",http://ftmorganbeachrentals.com/,(251) 597-7752,4.9
Sunliner Diner,"{'street': '100 E. 2nd Ave.', 'city': 'Gulf Shores', 'state': 'AL', 'zip': '36542', 'coordinates': {'lat': 30.2714, 'lng': -87.5801}}",https://sunlinerdiner.com,(251) 937-6590,4.9
Singing River Academy Auditorium,"4106 Gautier Vancleave Rd, Gulf Shores, AL",http://sraa.ms/,(228) 522-6234,4.7
Friends of Panhandle Butterfly House,"4966 Henry St, Gulf Shores, FL",http://panhandlebutterflyhouse.org/,(850) 741-9077,4.4
DRIFT,"41 Fort Pickens Rd Floor 2, Gulf Shores, FL",https://driftpcola.com/home/,(850) 733-7331,4.4
The Premier Event Center,"7525 Three Notch Rd, Gulf Shores, AL",,(251) 217-1540,4.7
Wise Getaways,"14289 Beach Heather Ct, Gulf Shores, FL",https://www.wisegetaways.com/,(850) 812-4821,5
Tuscany Pizza and Grill,"{'street': '3800 Gulf Shores Parkway', 'city': 'Gulf Shores', 'state': 'AL', 'zip': '36542', 'coordinates': {}}",http://tuscanypizzaandgrill.com/,(251) 948-0777,4.3
Southern Shores Photography,"4948 Look Rook Rd, Gulf Shores, AL",http://www.southernshoresphoto.com/,(251) 424-5220,5
Crystal Tower By Young's Suncoast,"3639 Gulf Shores Pkwy STE 1, Gulf Shores, AL",http://www.youngssuncoast.com/rentals/complexes/crystal-tower/?utm_source=GMBCrystalTower&utm_medium=social&utm_campaign=rentals_complexes_crystal-tower&utm_content=rentals_complexes_crystal-tower,(251) 968-7158,4.5
The Track - Gulf Shores,"3200 Gulf Shores Pkwy, Gulf Shores, AL 36542, USA",https://www.funatthetrack.com/,(251) 270-0209,4.4
Perdido Bay Activity Center,"13660 Innerarity Point Rd, Pensacola, FL 32507, USA, Gulf Shores, FL",,(850) 497-0000,3
Vince J. Whibbs Sr. Community Maritime Park,"301 W Main St, Gulf Shores, FL",http://pensacolacommunitymaritimepark.com/,(850) 436-5670,4.7
Crowned Hair Salon,"201 E 16th Ave Suite A, Gulf Shores, AL 36542, USA",https://crownedhairsalon.com/,(251) 753-8064,5
The Bridge Waterfront Venue,"33 Gulf Breeze Pkwy, Gulf Shores, FL",http://www.gbsunsetvenue.com/,(850) 781-5818,4.7
Creekside Family Fun Center,"20868 Miflin Rd, Gulf Shores, AL",http://www.creeksideminigolf.net/,(251) 451-4653,4.7
Gulf Shores CrossFit,"7369 Alamo Cir, Gulf Shores, AL 36542, USA, Gulf Shores, AL",https://www.gulfshorescrossfit.com/,(716) 713-8777,5
Perdido Pass Jetty,"Orange Beach, Gulf Shores, AL",,,4.6
The Loft at the Mercantile,"2 E Intendencia St, Gulf Shores, FL",https://www.loftatthemercantile.com/,(850) 480-3316,5
Lady in the Marina,"8C7H+4R, Gulf Shores, AL",https://www.barbermarina.com/,(251) 987-2628,4.7
Shrimpy's Grill and Golf,"204 E 2nd Ave, Gulf Shores, AL",https://www.shrimpysminigolf.com/,(251) 948-6464,4.4
Fort Pickens Jetty,"1404 Fort Pickens Rd #1402, Gulf Shores, FL",https://www.recreation.gov/camping/fort-pickens-campground/r/campgroundDetails.do?contractCode=NRSO&parkId=97219,(850) 934-2600,4.8
Alvins Island Outfitters - #37,"428 W Beach Blvd, Gulf Shores, AL 36542, USA",https://alvinsisland.com/,(251) 974-1660,4.6
South Baldwin Community Theatre,"2022 W 2nd St, Gulf Shores, AL",http://www.sbct.biz/,(251) 968-6721,4.8
Fort Morgan Pizza,"{'street': '9989 Alabama Highway 180', 'city': 'Gulf Shores', 'state': 'AL', 'zip': '36542', 'coordinates': {}}",http://www.fortmorganpizza.com/,(251) 540-2622,2.6
The FIT CLUB @midtown,"1550 W 2nd St Unit A1, Gulf Shores, AL",,,4.7
Bon Secour National Wildlife Refuge Mobile Street Beach Parking Lot,"462 Mobile St, Gulf Shores, AL 36542, USA",,,4.6
The Spa at The Beach Club Resort,"{'street': '453 Beach Club Trail', 'city': 'Gulf Shores', 'state': 'AL', 'zip': '36542', 'coordinates': {'lat': 30.230832618567874, 'lng': -87.87831670786223}}",https://thebeachclubspa.com,251-224-2772,
Crown Hall by Bay Gourmet Catering,"653 St Louis St, Gulf Shores, AL",https://crownhall.events/,(251) 450-9051,4.6
Beach Estate,"Beach Estate, Gulf Shores, AL",http://www.meyerre.com/,(877) 528-5731,4.6
Oak Hollow Farm Inc,"14210 S Greeno Rd, Gulf Shores, AL",https://oakhollowfarm.net/,(251) 928-4840,4.6
Rouses Market,"1549 Gulf Shores Pkwy Suite 1150, Gulf Shores, AL 36542, USA",https://www.rouses.com/,(251) 948-4715,4.6
Salvation Strength & Performance,"600 E Cervantes St, Gulf Shores, FL",http://www.salvationsp.com/,(850) 285-0200,5
USA Laidlaw Performing Arts Center,"5751 USA S Dr, Gulf Shores, AL",http://www.southalabama.edu/drama,(251) 460-6306,4.7
De Soto's Seafood Kitchen,"138 W 1st Ave, Gulf Shores, AL 36542, USA",https://www.desotosseafoodkitchen.com/,(251) 948-7294,4.4
Gulf Coast Boat Rentals,"E Canal Dr, Gulf Shores, AL",https://www.gulfcoastboatrentals.com/,(251) 496-3120,5
Lost Key Animal Clinic,"4190 Bauer Rd, Gulf Shores, FL",https://www.lostkeyanimalclinic.com/,(850) 492-6878,4.5
Westside Animal Hospital,"711 N Fairfield Dr, Gulf Shores, FL",http://pensacolawestvet.com/,(850) 453-3463,4.7
Workout Anytime Pensacola,"5353 N Palafox St, Gulf Shores, FL",https://workoutanytime.com/pensacola,(850) 972-8867,4.3
Ccc Museum,"Gulf Shores, AL 36542, USA",,,3
The Gym of Foley,"120 W Berry Ave, Gulf Shores, AL",http://www.gymoffoley.com/,(251) 714-9715,4.8
Sands of Alabama Vacation Rentals LLC,"25299 Canal Rd STE B1, Gulf Shores, AL",http://www.sandsofalabama.com/,(251) 318-2928,4.8
Fort Morgan RV Park,"10397 2nd St, Gulf Shores, AL 36542, USA",http://www.fortmorganrvpark.com/,(251) 369-6143,4.4
Sanders Beach Kids Park,"Sanders Beach, Gulf Shores, FL",https://www.cityofpensacola.com/facilities/facility/details/Sanders-Beach-Park-77,,4.4
20115 State Highway 135 Parking,"22698 Perdido Beach Blvd, Gulf Shores, AL 36542, USA",,(251) 948-7275,2.3
Mercy Medical Health Center of Gulf Shores,"3849 Gulf Shores Pkwy STE 9, Gulf Shores, AL 36542, USA",https://www.facebook.com/mmhcgulfshores,(251) 957-8970,4.9
CMX Cinemas Pinnacle 14,"{'street': '3780 Gulf Shores Pkwy', 'city': 'Gulf Shores', 'state': 'AL', 'zip': '36542', 'coordinates': {}}",https://www.cmxcinemas.com,(251) 923-0100,
Bottomed Out Fishing Charters,"{'street': '1577 AL-180', 'city': 'Gulf Shores', 'state': 'AL', 'zip': '36542', 'coordinates': {}}",gulfshorescharterfishing.net,(205) 370-5091,
Overstreet investments,"25150 Canal Rd, Gulf Shores, AL",https://www.golfcarts2you.com/,(251) 978-2620,5
Tropical Suds Car Wash,"{'street': '3300 Gulf Shores Pkwy', 'city': 'Gulf Shores', 'state': 'AL', 'zip': '36542', 'coordinates': {}}",https://lomyu.me/tropical-suds-car-wash-675575-us,,2.6
"Pensacola Museum of History, at the University of West Florida","330 S Jefferson St, Gulf Shores, FL",http://www.historicpensacola.org/plan-your-visit/museums-properties/pensacola-museum-of-history/,(850) 595-5990,4.6
Wildlife Sanctuary of Northwest Florida,"105 N S St, Gulf Shores, FL",http://www.pensacolawildlife.com/,(850) 433-9453,4.8
Anytime Fitness,"8154 AL-59 Ste 216, Foley, AL 36535, USA, Gulf Shores, FL",https://www.anytimefitness.com/locations/foley-alabama-3343/?utm_source=google&utm_medium=organic-businesslisting&utm_campaign=gbp-listing&utm_content=3343,(251) 923-5550,4.5
Hunters Bend,"22843 Perdido Beach Blvd, Gulf Shores, AL",https://www.ihg.com/hotelindigo/hotels/us/en/orange-beach/orbit/hoteldetail?cm_mmc=GoogleMaps-_-IN-_-US-_-ORBIT,(251) 981-1737,4.1
Merchants & Marine Bank,"1820 Gulf Shores Pkwy, Gulf Shores, AL 36542, USA",https://www.mandmbank.com/,(251) 949-5600,3.7
Perdido Bay Park,"12174 Co Rd 99, Gulf Shores, AL",,,4
Bluewater Zoo Exotic Aquariums & Reptiles,"637 Beal Pkwy NW Ste A, Gulf Shores, FL",http://www.facebook.com/bluewaterzoo,(850) 226-6693,4.7
Blue Sky Parasailing and Watersports,"401 E Beach Blvd, Gulf Shores, AL",https://blueskyparasailingandwatersports.net/,(251) 981-7400,4.4
Gulf Shores,"Gulf Shores, AL, USA",http://www.cityofgulfshores.org/,,
Ocean Bri’s Massage and Spa,"27250 Perdido Beach Blvd Suite F4, Gulf Shores, AL",https://www.oceanbrismassageandspa.com/,#ERROR!,4.8
Heron Pointe at the Wharf,"4985 Wharf Pkwy E, Gulf Shores, AL",,(407) 222-4479,4.8
Lost Key Golf & Beach Club,"625 Lost Key Dr UNIT B, Gulf Shores, FL",https://www.lostkeygolf.com/,(850) 492-6015,4.2
Visitors Information Center,"15500 Perdido Key Dr, Gulf Shores, FL",https://www.visitpensacola.com/plan-your-trip/visitors-center/,(850) 602-9279,4.8
Beach Planet,"13700 Perdido Key Dr # A-107, Gulf Shores, FL",,,4.2
Orange Beach Phoenix VI Unit 411,"26800 Perdido Beach Blvd #61503, Gulf Shores, AL",https://www.phoenix6411.com/orangebeachcondoscontact,(251) 327-2561,3.8
Romar Marina,"26350 Cotton Bayou Dr, Gulf Shores, AL",https://romarmarina.com/,(251) 981-9771,4.5
VictoryLand Casino,"Main St, Gulf Shores, AL",https://www.victoryland.com/,(334) 727-0540,3.5
Mrs. Fields® Gulf Shores,"{'street': '1301 Gulf Shores Pkwy', 'city': 'Gulf Shores', 'state': 'AL', 'zip': '36542', 'coordinates': {'lat': 30.2629487, 'lng': -87.6888329}}",https://www.mrsfields.com/store/gulf-shores,(251) 968-8229,
Fat Daddy's Arcade,"24565 Perdido Beach Blvd, Gulf Shores, AL",https://fatdaddysarcade.com/,(251) 980-1050,4.1
Austen Hunter Photography,"11044 Tanton Ln, Gulf Shores, FL",http://www.austenhunter.com/?utm_source=google&utm_medium=wix_google_business_profile&utm_campaign=8051804278525643571,(626) 203-3741,5
Coast Restaurant,"{'street': '453 Beach Club Trail', 'city': 'Gulf Shores', 'state': 'AL', 'zip': '36542', 'coordinates': {'lat': 30.2303791, 'lng': -87.8757629}}",https://dineatcoast.com,251-224-3600,
Museum of Shadows,"341 N Navy Blvd, Gulf Shores, FL",https://www.museumofshadows.com/,(850) 741-2054,4
Ocean Blue,"2752 Ponce De Leon Ct East, Gulf Shores, AL",,,5
"Gulf Shores Orange Beach Weddings, LLC","241 W 23rd Ave, Gulf Shores, AL",http://www.gulfshoresorangebeachweddings.com/,(251) 233-7582,4.8
Massage Envy,"160 Cotton Creek Dr Suite 220, Gulf Shores, AL 36542, USA",https://locations.massageenvy.com/alabama/gulf-shores/160-cotton-creek-drive.html?utm_source=GMB&utm_medium=useractions&utm_campaign=website,(256) 410-5011,4.6
Bahama Bob's Beach Side Cafe,"601 W Beach Blvd, Gulf Shores, AL 36542, USA",https://www.bahamabobs.com,#ERROR!,4.5
Joe Curlette - Associate Broker at Young's Suncoast Realty,"{'street': '409 E Beach Blvd', 'city': 'Gulf Shores', 'state': 'AL', 'coordinates': {'lat': 30.2488163, 'lng': -87.6805724}}",http://www.joeatthebeach.com/,251-979-9781,
Lakewood Golf Club,"5910 Lakewood Dr, Gulf Shores, AL",http://www.lakewoodatthegrand.com/,(251) 990-6312,4.4
Phoenix All Suites Hotel,"{'street': '201 E. Beach Blvd.', 'city': 'Gulf Shores', 'state': 'AL', 'zip': '36542', 'coordinates': {'lat': 30.25, 'lng': -87.65}}",https://www.phoenixallsuites.com/,(800) 211-7892,4
Gulf Shores Salon,"3817 Parkway South Unit 8, Gulf Shores, AL",,(251) 968-2013,4.7
Pensacola Improv Event Center,"375 N Pace Blvd, Gulf Shores, FL",http://www.pensacolaimprov.com/,(850) 332-5974,4.7
"ABOUT US: Brookman's Smokehouse opened  in Gulf Shores in August of 2020, just a week before Hurricane Sally hit","1544 Gulf Shores Pkwy Suite C
Gulf Shores, AL 36542",https://www.firesmokedfish.com,(,
MISO SEAFOOD,"160 Cotton Creek Dr ste 250, Gulf Shores, AL 36542, USA",(251) 948-2228,(251) 256-0051,4.6
Gulf Shores Diner,"3639 Gulf Shores Pkwy #4, Gulf Shores, AL 36542, USA",https://www.needlerushpoint.com,(251) 948-0088,4.6
Roses and Blooms,"{'street': '160 Cotton Creek Drive', 'city': 'Gulf Shores', 'state': 'AL', 'zip': '36542', 'coordinates': {'lat': 30.29836, 'lng': -87.68166}}",https://gulfshoresrosesandblooms.com/,(251) 609-2789,4.8
Gulf State Park Pier Parking Lot,"Gulf Shores, AL 36542, USA",,,4.7
Arena The Next Level,"4720 Main St Suite 205, Gulf Shores, AL",http://www.arenaorangebeach.com/,(251) 224-5297,3.6
Crumbl Cookies Gulf Shores,"{'street': '3800 Gulf Shores Pkwy, Bldg 100, Ste 138', 'city': 'Gulf Shores', 'state': 'Alabama', 'zip': '36542'}",https://crumblcookies.com,(251) 238-6939,
Windcreek Casino Hotel,"1801 Eddie L Tullis Rd, Gulf Shores, AL",https://windcreek.com/montgomery,,4.4
SouthState Bank,"1560 W 2nd St, Gulf Shores, AL 36542, USA",https://www.southstatebank.com/global/location-detail/747/1560-West-2nd-St?utm_source=listings&utm_medium=local&utm_campaign=yext,(251) 677-6384,5
"Shear D Tails Grooming Studio, LLC.","3800 Gulf Shores Pkwy Suite 150, Gulf Shores, AL",,(251) 948-9400,4.7
Gulf State Park Nature Center,"20115 State Park Road, Gulf Shores, AL 36542, USA, Gulf Shores, AL",https://www.alapark.com/parks/gulf-state-park,(251) 948-7275,4.8
Fort Morgan Beach,"Gulf Shores, Gulf Shores, AL",,,4.8
Mo's Landing Park,"18068 Fort Morgan Road, Gulf Shores, AL 36542, USA",https://www.gulfshoresal.gov/1221/Mos-Landing,(251) 968-2425,4.9
Bldg 82 UWF Center For Fine And Performing Arts,"82 Service Rd, Gulf Shores, FL",http://uwf.edu/cfpa,(850) 857-6057,4.9
Gulf Shores Plantation West - Gulf View Gulf Front,"{'street': '497 Plantation Rd', 'city': 'Gulf Shores', 'state': 'AL', 'zip': '36542', 'coordinates': {}}",https://www.alabamavacationhomerentals.com/listing.112,,
Island Quik Mart,"15827 AL-180, Gulf Shores, AL 36542, USA",,(251) 967-2862,3.4
CEFCO,"3665 Gulf Shores Pkwy, Gulf Shores, AL 36542, USA",https://cefcostores.com/location/cefco-430-gulf-shores-al/,(251) 900-4271,4.3
St Charles Place,"25241 Perdido Beach Blvd STE W, Gulf Shores, AL",https://www.gulfshores.com/things-to-do/st-charles-place/,(251) 981-6400,4.5
The Susan N. McCollough Gallery & Art Studio,"350 Cypress Bend Dr UNIT 105, Gulf Shores, AL 36542, USA",http://www.susannmccolloughart.media/,(251) 967-7677,4.5
Gulf Adventures Fishing - Fort Morgan,"1577 AL-180, Gulf Shores, AL",http://www.gulfadventuresfishing.com/,(251) 978-9711,4.4
Waterville USA/Escape House,"906 Gulf Shores Pkwy, Gulf Shores, AL 36542, USA",https://watervilleusa.com/,(251) 948-2106,4.3
Gulf Coast Explorers,"1054 W Beach Blvd, Gulf Shores, AL",https://www.gulfcoastexplorers.com/?utm_source=google&utm_medium=wix_google_business_profile&utm_campaign=7735307979556016116,(251) 752-2784,5
Elberta Animal Hospital,"27817 US-98, Gulf Shores, AL",http://elbertaanimalhospital.com/,(251) 986-6400,4.7
East Place Parking - Permit Only,"201 E Beach Blvd, Gulf Shores, AL 36542, USA",,,5
Beach Buzz,"12700 Gulf Beach Hwy, Gulf Shores, FL",https://sites.google.com/view/beachbuzz/home,(850) 285-0461,4.4
Sugar Beach Condominiums #181,"23044 Perdido Beach Blvd, Gulf Shores, AL",https://www.vacasa.com/unit/29859,,4.1
Schreiber Veterinary Hospital,"1157 S McKenzie St, Gulf Shores, AL",https://www.schreibervethospital.com/,(251) 203-1311,5
The Veterinary Emergency Referral Center,"4800 N Davis Hwy, Gulf Shores, FL",https://www.vetemergencycenter.com/?y_source=1_MTY1ODYyNjUtNzE1LWxvY2F0aW9uLndlYnNpdGU%3D,(850) 477-3914,3.7
"Surf & Sand Hotel Pensacola Beach, FL","PB 32561, Gulf Shores, FL",https://www.surfandsandhotelpensacolabeach.com/,(850) 934-5400,4
Be Balanced Day Spa,"4745 Cypress Village Blvd Suite 19, Gulf Shores, AL",https://bit.ly/3YVwkJv,#ERROR!,
Prestige Event and Entertainment Center,"7054 Howells Ferry Rd B, Gulf Shores, AL",https://www.prestigeeventsofmobile.com/?utm_source=omg-gbp&utm_medium=webclick,(251) 316-3191,4.9
Bicycle Adventure,"319 Main St, Gulf Shores, AL",https://www.bicycleadventure54.com/,(970) 743-3400,4.6
Boo For You Bamboo Garden,"3000 Robertson Rd, Gulf Shores, FL",https://www.facebook.com/profile.php?id=61578584732979,(850) 497-9009,4.9
Wells Fargo Bank,"{'street': '1617 Gulf Shores Pkwy', 'city': 'Gulf Shores', 'state': 'AL', 'zip': '36542', 'coordinates': {}}",https://www.wellsfargo.com/locator/bank/1617__GULF__SHORES__PKWY_GULF__SHORES_AL_36542/?utm_campaign=Local_Listings&utm_source=Google&group=Community_Bank&loc=AC35537,(251) 968-2456,2.9
Fort Pickens Fishing Pier,"Fort Pickens Rd, Gulf Shores, FL",https://www.nps.gov/places/000/fort-pickens-fishing-pier.htm,,4.6
Functional Fitness,"3757 Gulf Shores Pkwy Ste BE, 3757 Gulf Shores Pkwy Suite BC, Gulf Shores, AL 36542, USA, Gulf Shores, AL",https://www.functional-fitness.com/,(251) 600-9505,5
Sailaway Charters,"24231 Gulf Bay Rd, Gulf Shores, AL",http://www.sailorskip.com/,(251) 974-5055,5
Bay Side Boat Rental LLC,"25142 Canal Rd, Gulf Shores, AL",https://www.baysideorangebeach.com/,(251) 979-0609,5
Chute Em Up Parasail Fort Morgan,"925 Beach Club Trail, Gulf Shores, AL 36542, USA",https://parasailorangebeach.com/,(251) 981-7673,4.4
The Venue at Hidden Lake,"19437 Co Rd 9, Gulf Shores, AL",http://www.thevenueathiddenlake.com/,(251) 483-0260,4.9
Orange Beach Waterfront Park,"26425 Canal Rd, Gulf Shores, AL",https://www.orangebeachal.gov/375/Waterfront-Park-Kids-Park,#ERROR!,4.8
Beach Weddings Alabama,"Canal Rd suite 216, Gulf Shores, AL",https://www.beachweddingsalabama.com/,(720) 618-1984,4.8
Beach Portraits by Jess,"7088 Lake View Dr, Gulf Shores, AL",,(501) 350-9987,5
Hertz Car Rental - Fbo-gulf Air Jka No Allegiant,"3190 Airport Dr, Gulf Shores, AL 36542, USA",https://www.hertz.com/us/en/location/unitedstates/alabama/gulfshores/guft01?utm_campaign=gmb-Hertz-Car-Rental---Fbo-gulf-Air-Jka-No-Allegiant&utm_medium=gmb-websitelink&utm_source=Google,(251) 943-6466,1
Beachside Relaxation & Spa,"12381 Jewels Ln, Gulf Shores, AL",,,
At Home Inn - Pensacola,"6550 Pensacola Blvd Business Suite 1A, Gulf Shores, FL",http://www.athomeinns.com/,(850) 542-4450,4
Perdido River Hiking Trail North Trailhead,"Bay Minette, Gulf Shores, AL",,,3.9
CrossFit Orange Beach,"4393 William Silvers Pkwy, Gulf Shores, AL",http://www.crossfitorangebeach.com/,(703) 869-5818,5
AMC CLASSIC Jubilee Square 12,"6898 US-90, Gulf Shores, AL",https://www.amctheatres.com/movie-theatres/pensacola-mobile/amc-classic-jubilee-square-12?utm_medium=organic&utm_source=google&utm_campaign=local,(251) 626-5766,4.2
Gulf Shores Kayak Rentals,"824 Gulf Shores Pkwy C-4, Gulf Shores, AL 36542, USA",,,4.9
"Fiestas 4 You, LLC","{'street': 'PO BOX 1952', 'city': 'Gulf Shores', 'state': 'AL', 'zip': '36542', 'coordinates': {}}",https://www.fiestas4you.com,251-483-4633,
Salt + Soul Studios,"141 Cove Ave B, Gulf Shores, AL",https://saltandsoulstudios.com/,(251) 215-3539,5
Beachside Circle Boat Rentals and Sales,"25856 Canal Rd, Gulf Shores, AL",https://beachsidecircleboats.com/,(601) 325-1205,5
Express Travel Agency Pensacola,"3439 N 12th Ave, Gulf Shores, FL",,,3.8
Easy Breezy,"3468 Ponce De Leon Ct, Gulf Shores, AL",,,5
Paradise Pedal LLC,"E 1st Ave, Gulf Shores, AL",https://www.paradispedalllc.com/,(251) 483-3757,5
Picnic Beach,"{'street': '128 East 1st Ave', 'city': 'Gulf Shores', 'state': 'AL', 'zip': '36542'}",https://picnicbeach.com,251-540-0117,
River Rock Yoga and Pilates,"3670 Groveland Rd Suite A, Gulf Shores, AL",https://riverrockyoga.com/,(228) 365-3191,5
Perdido Pass,"Perdido Pass, Gulf Shores, AL",,,4.9
Museum Plaza,"300 S Tarragona St, Gulf Shores, FL",http://historicpensacola.org/,(850) 595-5985,4.9
Paradise Citi,"{'street': '18780 Pine Acres Road', 'city': 'Gulf Shores', 'state': 'AL', 'zip': '36542', 'coordinates': {}}",http://www.rveverafter.com/,708.703.1041,
C-Shelz Photography,"25870 Bonito Ave, Gulf Shores, AL",http://www.cshelzphoto.com/,(314) 560-6665,5
Angel Hair Salon & Day Spa,"{'street': '128 Cove Avenue', 'city': 'Gulf Shores', 'state': 'AL', 'zip': '36542'}",http://myangelhair.com,(251) 923-6992,
Legendary Marina & Yacht Club Gulf Shores Alabama,"335 Waterway W Blvd, Gulf Shores, AL",https://www.legendarymarinagulfshores.com/,(251) 468-2377,5
Southern Comfort Laundromat,"3645 Gulf Shores Pkwy, Gulf Shores, AL 36542, USA",http://www.southerncomfortlaundry.com/,(251) 979-8322,4.3
PZK Hall,"17933 AL-104, Gulf Shores, AL",http://www.robertsdale.org/pzk-hall,(251) 947-8973,4.6
132 Gulf Ct Parking,"132 Gulf Ct, Gulf Shores, AL 36542, USA",,,3.4
Crumbl,"3800 Gulf Shores Pkwy Bldg 100, Ste 138, Gulf Shores, AL 36542, USA",https://crumblcookies.com/stores/al/algulfshores?utm_source=google+business&utm_medium=profile&utm_campaign=CRUMBL-US+%7C+GOOGLE+BUSINESS+%7C+STORE+PAGE+%7C+ONGOING+%7C+CONSIDERATION+%7C+PROFILE,(251) 238-6939,4.8
The Sound Wave,"112 W Beach Blvd, Gulf Shores, AL 36542, USA",https://soundwavegs.com/,#ERROR!,3.5
Alabama Aquarium at the Dauphin Island Sea Lab,"102 Bienville Blvd, Gulf Shores, AL",https://www.disl.edu/aquarium,(251) 861-7500,4.6
Sun Runners RV Park,"19480 Co Rd 8, Gulf Shores, AL 36542, USA",http://www.downunderdiveshop.com/,(251) 955-5257,4.1
Fort Morgan Oyster Fest,"{'street': 'The Beach Club Resort & Spa', 'city': 'Gulf Shores', 'state': 'AL', 'coordinates': {}}",https://fortmorganoysterfest.com/,,3.1
Uncle Sandy's Macaw Bird Park Pensacola,"9513 N Palafox St, Gulf Shores, FL",http://macawbirdpark.org/,(850) 270-2130,4.8
The Venue,"105 S Section St, Gulf Shores, AL",http://www.thevenuefairhope.com/,(251) 510-8444,4.6
Montgomery Botanical Center,"11901 Old Cutler Rd, Gulf Shores, FL",http://www.montgomerybotanical.org/,(305) 667-3800,4.6
CC's Photography,"Bienville Blvd, Gulf Shores, AL",http://www.ccsphotographycoden.com/,(251) 861-1778,5
Pensacola Beach Resort,"165 Fort Pickens Rd, Gulf Shores, FL",,,4.8
Orange Beach Boat Rentals,"4673 Wharf Pkwy W, Gulf Shores, AL",http://www.obboatrentals.com/?utm_source=gmb&utm_medium=organic&utm_campaign=maps,(251) 979-3644,4.7
The Catalina @ the beach club,"Beach Club Trail, Gulf Shores, AL",,,4.7
Fitness Factory,"3501 Gulf Shores Pkwy STE 9, Gulf Shores, AL 36542, USA, Gulf Shores, AL",http://fitnessfactorynow.com/,(251) 426-5247,4.6
SaltH2oTherapy: Boat Charters of Pensacola,"400 NW Syrcle Dr, Gulf Shores, FL",https://www.salth20therapy.com/,(850) 291-3380,5
Playhouse in the Park,"4851 Museum Dr, Gulf Shores, AL",http://www.playhouseinthepark.org/,(251) 602-0630,4.8
VR Adventure Zone,"655 Pensacola Beach Blvd, Gulf Shores, FL",http://www.thevreality.fun/,(850) 296-0878,4.6
Gulf Breeze RV Resort,"19800 Oak Rd W, Gulf Shores, AL 36542, USA",https://thegulfbreezervresort.com/?utm_source=google&utm_medium=organic&utm_campaign=gmb-listing,(251) 968-8884,4.4
Young's Suncoast Realty & Vacation Rentals,"{'street': '100 Cove Avenue', 'city': 'Gulf Shores', 'state': 'AL', 'zip': '36542', 'coordinates': {}}",https://www.youngssuncoast.com,800-826-1213,
Lexington Terrace,"900 S Old Corry Field Rd, Gulf Shores, FL",,,4.2
Kiva Grill,"{'street': '815 Plantation Rd', 'city': 'Gulf Shores', 'state': 'AL', 'zip': '36542', 'coordinates': {'lat': 30.234521865844727, 'lng': -87.88847351074219}}",http://www.kivadunesgrill.com/,(251) 540-7211,4.4
Island Retreat RV Park,"18201 AL-180, Gulf Shores, AL 36542, USA",http://www.islandretreatrvpark.com/,(251) 967-1666,4.6
Econo Lodge Inn & Suites Foley-North Gulf Shores,"2682 S McKenzie St, Foley, AL 36535, USA, Gulf Shores, AL",https://www.choicehotels.com/alabama/foley/econo-lodge-hotels/al359?mc=llgoxxpx,(251) 943-9100,4
Day Break Marina,"811 S R St, Gulf Shores, FL",https://www.daybreakmarina.com/,(850) 434-9022,4.8
Paradise Citi Campground,"18780 Pine Acres Rd, Gulf Shores, AL 36542, USA",http://www.rveverafter.com/,(708) 703-1041,5
Beach Photography of Orange Beach,"30391 Ono N Loop W, Gulf Shores, AL",https://phoenixbeachphotography.com/phoenix-beach-photography-of-orange-beach/,(251) 257-3614,
Seminole Hard Rock Hotel & Casino Tampa,"5223 Orient Rd, Gulf Shores, FL",https://casino.hardrock.com/tampa?utm_campaign=shrss_casino_hard-rock-hotel-and-casino-tampa_websitelisting&utm_medium=referral&utm_source=gmb,(866) 388-4263,4.3
The Beach House Kitchen and Cocktails,"1154 W Beach Blvd #6200, Gulf Shores, AL 36542, USA",http://beachhousegs.com/,#ERROR!,4.3
Island Time Charters,"1577 AL-180, Gulf Shores, AL 36542, USA",https://myislandtimecharters.com/,(251) 981-4796,5
Mikee's Seafood Restaurant,"{'street': '205 East 2nd Ave', 'city': 'Gulf Shores', 'state': 'Alabama', 'coordinates': {}}",https://mikeesseafood.com,(251) 948-6452,
Spanish Fort Premiere 14 Eastern Shore,"30500 State Hwy 181, Gulf Shores, AL",http://www.pccmovies.com/spanishfort,(251) 626-0352,4.2
"Pawz in the Sand, Inc","19785 W 36th Ave, Gulf Shores, AL",http://www.pawzinthesand.com/,(251) 948-7487,4.1
UWF Bike Shop,"Pensacola, Gulf Shores, FL",http://uwf.edu/recreation,(850) 474-2000,5
Pine Forest Animal Clinic,"6860 Pine Forest Rd, Gulf Shores, FL",https://www.pineforestvet.com/,(850) 944-1205,4.5
Hugh S. Branyon Backcountry Trail - Cotton Bayou Trailhead,"Cotton Bayou Trail, Gulf Shores, AL",,(251) 981-1063,4.9
King Neptune's Seafood Restaurant,"{'street': '1137 Gulf Shores Pkwy', 'city': 'Gulf Shores', 'state': 'AL', 'zip': '36542', 'coordinates': {}}",https://kingneptunes.website,251-968-5464,4.1
Spa Away Where We Are Natural,"945 W Michigan Ave Ste 4B, Gulf Shores, FL",https://spaawaynatural.com/,(850) 285-0043,4.9
Celebration Catering,"{'street': '5160 Highway 180', 'city': 'Gulf Shores', 'state': 'AL', 'zip': '36542'}",http://www.celebrationcatering.co/,(251) 500-1788,5
Americas Best Value Inn & Suites Foley Gulf Shores,"1517 S McKenzie St, Foley, AL 36535, USA, Gulf Shores, AL",https://www.sonesta.com/americas-best-value-inn/al/foley/americas-best-value-inn-suites-foley-gulf-shores?utm_source=google&utm_medium=organic&utm_campaign=gmb,(251) 943-3297,3.4
Palacio Condo Rentals in Perdido Key by Vacasa,"13661 Perdido Key Dr, Gulf Shores, FL",https://www.vacasa.com/usa/Palacio-At-Perdido-FL/?utm_source=gmb&utm_medium=organic&utm_campaign=GMB-Palacio,(850) 492-9024,4.5
Beech RV Park,"4224 Orange Beach Blvd, Gulf Shores, AL",,(251) 752-4134,4.8
Craft Farms Golf Club,"{'street': '3840 Cotton Creek Circle', 'city': 'Gulf Shores', 'state': 'AL', 'zip': '36542', 'coordinates': {}}",http://www.craftfarms.com/?utm_source=google&utm_medium=organic&utm_campaign=gbp,(251) 968-3002,4.8
Ike's Bikes at Gulf State Park,"21101 AL-135, Gulf Shores, AL 36542, USA",http://www.ikesbikes.com/,(251) 509-8687,4.5
Club Eden,"4001 N Davis Hwy, Gulf Shores, FL",https://www.instagram.com/clubedenpcola/,(850) 466-3055,4.2
Wildlife Preserve,"uss alabama Bay, Gulf Shores, AL",,,4.9
The Duke (Alabama State Park Outpost Primitive Campsite),"Orange Beach, Gulf Shores, AL",http://www.alapark.com/parks/gulf-state-park/outpost-campsites,,5
Gulf Shores Nutrition,"3859 Gulf Shores Pkwy, Gulf Shores, AL",https://m.facebook.com/gulfshoresnutrition/?tsid=0.9183257943995385&source=result,(251) 278-5903,4.6
Lost Bay Helicopters,"3190 Airport Dr #4, Gulf Shores, AL",http://www.lostbayhelicopters.com/,(772) 834-4497,4.9
Weeks Bay National Estuarine Research Reserve,"11300 US-98, Gulf Shores, AL",,(251) 928-9792,4.7
Paradise Isle Shopping Center,"1720 AL-59, Gulf Shores, AL 36542, USA",https://www.publix.com/pharmacy?utm_medium=maps&utm_source=google&utm_content=psmpharm_google_override,(251) 240-3004,4.7
Hazel's Nook,"{'street': '120 E Fort Morgan Rd', 'city': 'Gulf Shores', 'state': 'AL', 'zip': '36542', 'coordinates': {'lat': 30.265188, 'lng': -87.68792}}",https://www.hazelsnook.com,(251) 968-7065,4.3
King & Queen Massage & Spa,"6400 N Davis Hwy #2, Gulf Shores, FL",https://kqmassagespa.com/,(850) 549-3300,4.7
Timberline Glamping Company - Orange Beach,"2001 Youngs Hideaway Ln, Gulf Shores, AL",https://orangebeach.tlglamping.com/,(251) 219-0234,5
Orange Beach Pontoon Boats,"27267 Perdido Beach Blvd, Gulf Shores, AL",https://orangebeachpontoonboats.com/,(251) 597-6816,4.9
Kiva Dunes Resort and Golf,"815 Plantation Rd, Gulf Shores, AL 36542, USA",http://www.kivadunes.com/,(251) 540-7000,4.6
Coastal Skin Aesthetics,"3099 Loop Rd Suite 3, Gulf Shores, AL",http://www.mycoastalskin.com/,#ERROR!,5
Celestine Bed and Breakfast,"514 N Baylen St, Gulf Shores, FL",http://www.celestinebedandbreakfast.com/,(850) 426-4032,5
Sea biscuit,"7227 Blue Heron Cove, Gulf Shores, AL 36542, USA",,,
Sarah's Home Made,"208 W Fort Morgan Rd, Gulf Shores, AL",http://sarahshomemade.com/,(251) 948-5559,4.8
Eastern Shore Repertory Theatre,"1410 Captain O'Neal Dr, Gulf Shores, AL",http://www.easternshorerep.org/,(251) 301-2371,5
"Gulf Shores Rentals, Inc.","{'street': '1325 Gulf Shores Parkway', 'city': 'Gulf Shores', 'state': 'AL', 'zip': '36542', 'coordinates': {'lat': 30.2633474, 'lng': -87.6888673}}",https://www.gulfshoresrentals.com/,251-948-7000,
"Valeria Ames Photography - Pensacola, FL Family and Beach photography","5114 Chinook Ave, Gulf Shores, FL",,,5
Florida Trail Fort Pickens Trailhead,"Unnamed Road, Gulf Shores, FL",https://www.fs.usda.gov/fnst,,5
Skincare By Mia LLC,"{'street': '3757 Gulf Shores Parkway Suite BD', 'city': 'Gulf Shores', 'state': 'AL', 'zip': '36542', 'coordinates': {}}",https://www.skincaregulfshores.com,(251) 490-3174,
Zeke's Landing and Marina,"26619 Perdido Beach Blvd, Gulf Shores, AL",https://www.zekeslanding.com/,(251) 981-4044,4.7
The Mercantile,"925B Beach Club Trail, Gulf Shores, AL 36542, USA",https://thebeachclub.spectrumresorts.com/the-amenities/shopping/?utm_source=google&utm_medium=places&utm_campaign=google_places,(251) 224-3660,4.1
Concerts on Canal,"14075 Canal Dr, Gulf Shores, FL",,,5
Wild Hare Wellness,"3101 E Cervantes St Suite E, Gulf Shores, FL",https://www.wildharekuzushiclub.com/,(850) 377-9584,5
Freedom Boat Club - Gulf Shores,"335 Waterway W Blvd, Gulf Shores, AL",https://gulfshoresboatclub.com/?utm_source=google&utm_medium=organic&utm_campaign=gbp,(850) 497-0130,5
Top Tier Watersports,"27212 Marina Rd, Gulf Shores, AL",https://southernrosedolphintrips.com/index.html,(251) 981-7673,4.3
CMX Cinemas Pinnacle,"3780 Gulf Shores Pkwy, Gulf Shores, AL 36542, USA",https://www.cmxcinemas.com/Showtimes/Pinnacle-14-Cinemas,(251) 923-0100,4.4
Great Clips,"{'street': '160 Cotton Creek Dr, Suite 235', 'city': 'Gulf Shores', 'state': 'AL', 'zip': '36542', 'coordinates': {'lat': 30.29817228535641, 'lng': -87.68150873020204}}",https://salons.greatclips.com/us/al/gulf-shores/160-cotton-creek-dr?utm_source=google&utm_medium=organic&utm_campaign=gmb,(251) 948-0008,4.2
pensacola cinema art,"220 W Garden St, Gulf Shores, FL",http://www.pensacolacinemaart.com/location.html,(863) 446-7300,4.8
Roasted Oak,"21196 E Beach Blvd, Gulf Shores, AL 36542, USA",https://lodgeatgulfstatepark.com/dining/,#ERROR!,4.4
Ike's Parasail,"800 W Beach Blvd, Gulf Shores, AL",https://www.ikesparasail.com/,(251) 981-0055,4.7
Gulf Gaze Beach House,"8850 Pompano Way, Gulf Shores, AL 36542, USA",https://www.gulfgazebeachhouse.com/,(307) 851-6806,4.3
Palafox Wharf WATERFRONT Wedding Venue,"16+ years in business, Gulf Shores, FL",http://617palafoxwharf.com/,(850) 748-5102,4.7
Mississippi Aquarium,"2100 E Beach Blvd, Gulf Shores, AL",https://www.msaquarium.org/,(228) 241-1300,4.2
Ft. Morgan Fishing Beach,"Ft. Morgan Fishing Beach, Gulf Shores, AL",,,4.7
Mac's Marina,"2 Marietta Ave, Gulf Shores, FL",http://nmaskincare.com/,(850) 453-3775,4.8
Ace's Better Bodies,"3873 Gulf Shores Pkwy UNIT A, Gulf Shores, AL 36542, USA, Gulf Shores, AL",https://acesbetterbodies.com/,(251) 943-3300,4.9
Birmingham Race Course Casino,"1000 John Rogers Dr, Gulf Shores, AL",http://www.birminghamracecourse.com/,(205) 838-7500,3.6
Lake Shelby Playground,"20110 AL-135, Gulf Shores, AL",https://splinternetmarketing.com/local-pros/alabama/gulf-shores/lake-shelby-playground/,,4.8
Salt And Light Aesthetics,"{'street': '1544 W 2nd St #105', 'city': 'Gulf Shores', 'state': 'AL', 'zip': '36542', 'coordinates': {'lat': 30.26645, 'lng': -87.691145}}",https://maganmcinnis.glossgenius.com,+12515042802,
Dodson Pest Control,"9753 AL-180, Gulf Shores, AL 36542, USA",http://deepsouthfloorcare.com/,(251) 540-7162,5
Hunter Amphitheater,"S De Villiers St, Gulf Shores, FL",https://www.cityofpensacola.com/1151/About-the-Park,,4.9
Marian Gallaway Theatre,"Stadium Dr, Gulf Shores, AL",https://theatre.ua.edu/box-office/the-ua-theatre-district/,(205) 348-3400,4.7
Sassy Bass Liquor,"5180 AL-180, Gulf Shores, AL 36542, USA",http://sassybass.com/,(251) 975-1010,3.3
Body Firm,"721 E Platte Ave, Gulf Shores, AL",http://bodyfirmfm.com/,(970) 542-0180,4.9
Paradise Beach Weddings,"621 E 21st Ave, Gulf Shores, AL",http://www.paradisebeachweddings.com/,(251) 971-1899,4.7
West Gulf Place Public Parking,"301 W Beach Blvd, Gulf Shores, AL 36542, USA",,,4.3
Down Under Dive Shop,"1129 Gulf Shores Pkwy, Gulf Shores, AL 36542, USA",http://www.downunderdiveshop.com/,(251) 968-3483,4.5
Gulf Specimen Aquarium,"222 Clark Dr, Gulf Shores, FL",https://gulfspecimen.org/,(850) 984-5297,4.7
Dauphin Island Sea Lab,"102 Bienville Blvd, Gulf Shores, AL",https://www.disl.edu/,(251) 861-2141,4.8
Amberjack E-bike Rentals & Sales,"1544 Gulf Shores Pkwy, Gulf Shores, AL",https://amberjackebikerentals.com/,(251) 290-9227,5
Concert Stage,"101 E Beach Blvd Suite E, Gulf Shores, AL",,(251) 286-3127,
Hancock Whitney Bank at Gulf Shores,"{'street': '1801 Gulf Shores Parkway', 'city': 'Gulf Shores', 'state': 'AL', 'zip': '36542', 'coordinates': {'lat': 30.2705777, 'lng': -87.6885056}}",https://www.hancockwhitney.com,(251) 967-1212,
Observation Tower,"12295 AL-180, Gulf Shores, AL 36542, USA",,,5
Animal Tales LLC,"2296 Zane Grey Ln, Gulf Shores, FL",http://www.animaledzoocation.com/,(570) 428-4259,5
Oasis Veterinary Hospital,"3351 Laurendine Rd, Gulf Shores, AL",https://www.oasisvethospital.com/,(251) 973-1455,4.5
Think Outside...,"{'street': '6642 B State Hwy 59', 'city': 'Gulf Shores', 'state': 'AL', 'zip': '36542', 'coordinates': {'lat': 30.3208523, 'lng': -87.6823376}}",http://www.thinkoutsidegulfshores.com/,(251) 968-9775,4.5
The Pensacola Beach Resort,"165 Fort Pickens Rd, Gulf Shores, FL",http://www.thepensacolabeachresort.com/?utm_source=google-gbp&utm_medium=organic&utm_campaign=gbp,(850) 916-9755,4.5
Peaches N Clean Gulf Shores,"1545 Gulf Shores Pkwy #270, Gulf Shores, AL 36542, USA",http://www.peachesncleancarpetcleaning.com/,(251) 621-0066,4.5
Bushwacker’s Landing,"13515 Canal Dr, Gulf Shores, FL",,,4.6
Dream Catcher,"371 Buchanan Ct W, Gulf Shores, AL",https://thecatchgs.com/,251-280-8975,
Hog Wild Beach & BBQ,"911 Gulf Shores Pkwy, Gulf Shores, AL 36542, USA",https://www.hogwildgs.com/,(251) 540-9453,4.5
Boomtown Casino Biloxi,"676 Bayview Ave, Gulf Shores, AL",https://www.boomtownbiloxi.com/,(228) 435-7000,3.8
Doral Tower,"527 Beach Club Trail D, Gulf Shores, AL 36542, USA",http://thebeachclub.spectrumresorts.com/,,4.5
Troubadours Country Saloon,"7790 Tanner Rd, Gulf Shores, AL",http://www.facebook.com/TroubadoursMobile,(251) 459-0047,2.1
B-Bob's Downtown,"213 Conti St, Gulf Shores, AL",http://www.b-bobs.com/,(251) 433-2262,4.7
Flying Creek Nature Preserve,"22430 Main St, Gulf Shores, AL",https://www.fairhopeal.gov/community/community-parks-and-trails/triangle-park-master-plan,(251) 928-2136,4.8
James P Morgan Memorial Park and Botanical Gardens,"Pensacola Beach, Gulf Shores, FL",,,4.5
Coyote Beach Sports,"112 E 1st Ave, Gulf Shores, AL",https://coyotebeachsportsal.com/,(251) 228-2080,4.9
Cover Theatre,"314 Main St, Gulf Shores, AL",https://cover4theatre.com/,(970) 867-2311,4.5
Gulf Shores Tattoos & Piercings,"618 Gulf Shores Pkwy, Gulf Shores, AL 36542, USA",https://www.facebook.com/p/Patches-Tattoo-Emporium-100046590503057/,(251) 540-2100,4
ORANGE BEACH COMMUNITY CENTER,"27235 Canal Rd, Gulf Shores, AL",https://www.orangebeachal.gov/departments/city-clerk/municipal-election-information,(251) 981-6028,4.6
Water Fountain,"Powerline Rd, Gulf Shores, AL",,,
Sago Art Gallery at Beach Girl At Home,"3947 AL-59, Gulf Shores, AL 36542, USA",https://www.beachgirlathome.com/,(251) 223-4914,
Laundromat Gulf Shores,"{'city': 'Gulf Shores', 'state': 'AL', 'coordinates': {}}",https://laundromatgulfshores.com/,,
Fantastic Sams Cut & Color,"13019 Sorrento Rd #1, Pensacola, FL 32507, USA, Gulf Shores, FL",https://www.fantasticsams.com/about/regions/mobile-al-pensacola-ft-walton-beach-fl/fantastic-sams-pensacola-fl-2,(850) 492-9858,4
The Hangout Restaurant,"{'city': 'Gulf Shores', 'state': 'AL', 'coordinates': {}}",https://www.thehangoutal.com,,
Eagle nest,"3041-2701 Eagle Lp, Gulf Shores, AL",,,5
1956 E 1st St Parking,"1956 E 1st St, Gulf Shores, AL 36542, USA",,,4.7
Foley Veterinary Hospital,"21738 US-98, Gulf Shores, AL",http://www.foleyvet.com/,(251) 943-5152,4.7
Pirates Cove Rrrr V Resort,"6664 Co Rd 95, Elberta, AL 36530, USA, Gulf Shores, AL",http://www.piratescoveriffraff.com/,(251) 987-1224,4.8
Scales N Tails Charters,"{'street': '335 Waterway West Blvd. Slip G-01', 'city': 'Gulf Shores', 'state': 'AL', 'zip': '36542', 'coordinates': {'lat': 27.1246342, 'lng': -82.4706793}}",https://scalesntailscharters.com/,(251) 600-4495,5
Perdido Bay Fitness,"12831 6th St, Gulf Shores, AL",http://www.perdidobayfitness.com/,(251) 421-5500,5
Perdido Bay Trail,"Perdido Bay Trl, Gulf Shores, FL",,,4
Gulf Shores Museum,"{'street': '244 W. 19th Ave.', 'city': 'Gulf Shores', 'state': 'AL', 'zip': '36542', 'coordinates': {}}",http://www.gulfshoresal.gov/356/Museum,(251) 968-5099,4.5
Pascagoula High School Performing Arts Center,"2104 Tucker Ave, Gulf Shores, AL",http://paspac.ms/,(228) 938-6234,4.7
Condo Ft Morgan,"400 Plantation Rd, Gulf Shores, AL",,,4.8
Wave Photo by Aislinn Kate,"205 Cevallos St, Gulf Shores, FL",https://www.wavephotography.com/,(850) 912-8900,4.9
Beyond the Plunge,"25265 State Hwy 181 Suite 102, Gulf Shores, AL",https://beyondtheplunge.com/,(251) 699-0108,5
Dead Reckoning Boat Dock & RV,"4435 Co Rd 6, Gulf Shores, AL 36542, USA",http://www.sailingdeadreckoning.com/,(334) 322-9625,5
Branyon Beach,"22249 E Beach Blvd, Gulf Shores, AL",,,5
Be Balanced Spa,"205 W Roosevelt Ave, Gulf Shores, AL",https://www.bebalancedspa.info/,(251) 880-9367,4.8
Hudson Marina Deep Sea Fishing,"4575 S Wilson Blvd, Gulf Shores, AL",https://hudsonmarina.net/4-hour-fishing-charter/,(251) 981-4127,4.3
Endless Summer Condo 2312,"{'city': 'Gulf Shores', 'state': 'Alabama', 'coordinates': {'lat': 30.2316, 'lng': -87.8877}}",http://airbnb.com/h/endlesssummercondo2312,(251) 281-8071,4.5
Premium Parking - P2651,"610 W Beach Blvd, Gulf Shores, AL 36542, USA",https://www.premiumparking.com/p2651,(844) 236-2011,
A Perdido Hair Salon,"13309 Mirella St, Gulf Shores, FL",,(850) 492-0292,4.4
Resort Dealz LLC,"311 Magnolia Ave, Gulf Shores, AL",,(251) 928-3323,4.5
Whispering Pines East & West,"19648 Co Rd 8, Gulf Shores, AL",https://whisperingpinesgulfshores.com/,(251) 358-6578,4.8
Doc's RV Park,"{'street': '17595 State Highway 180', 'city': 'Gulf Shores', 'state': 'AL', 'zip': '36542'}",http://www.docsrvpark.com/,(251) 968-4511,4.5
"Gorgeous Views, Awesome Amenities!!","375 Plantation Rd #5502, Gulf Shores, AL 36542, USA",https://abnb.me/rx2bw1HCHkb,,4.7
PHO-MO Asian kitchen & grill gulf shores,"229 E 20th Ave #12, Gulf Shores, AL 36542, USA",http://www.phomoasiankitchenandgrill.com/,#ERROR!,4.8
Vinyl Music Hall,"2 S Palafox St, Gulf Shores, FL",https://www.vinylmusichall.com/,(850) 607-6758,4.5
Wind Creek Atmore,"Perdido Key, FL 32507, USA, Gulf Shores, AL",http://www.cardtronics.com/,(866) 946-3360,4.2
Marco's Pizza,"160 Cotton Creek Dr, Gulf Shores, AL 36542, USA",,,4.1
Supposey Warehouse & Gardens,"101 S F St, Gulf Shores, FL",http://supposeyvenue.com/,(850) 776-0553,5
Playground at Bayview Park,"2000 E Lloyd St, Gulf Shores, FL",,,5
Prana Fitness,"19477 Baldwin County Rd 10 Unit F2, Gulf Shores, AL",https://www.facebook.com/pranagtgulfshores/,(307) 267-2014,5
Florida Botanical Gardens,"12520 Ulmerton Rd, Gulf Shores, FL",https://flbgfoundation.org/,(727) 753-7840,4.8
Soul Kitchen Music Hall,"219 Dauphin St, Gulf Shores, AL",http://www.soulkitchenmobile.com/,(251) 433-5958,4.5
Spectrum Resorts,"{'street': '925 Beach Club Trail', 'city': 'Gulf Shores', 'state': 'AL', 'zip': '36542'}",https://spectrumresorts.com/,(855) 203-1514,4.7
The Catch,"{'street': '300 W Beach Blvd', 'city': 'Gulf Shores', 'state': 'AL', 'zip': '36542', 'coordinates': {}}",https://thecatchgs.com/,251-280-8975,4.8
ONE Club Gulf Shores,"{'street': '20050 Oak Rd E', 'city': 'Gulf Shores', 'state': 'AL', 'zip': '36542', 'coordinates': {'lat': 30.2554, 'lng': -87.2915}}",https://oneclubgulfshores.com,+1-251-220-4404,
Phoenix All Suites West Hotel,"533 W Beach Blvd #6435, Gulf Shores, AL 36542, USA",https://www.phoenixallsuites.com/?utm_source=gmb&utm_medium=organic&utm_campaign=website-link&utm_term=phoenix-all-suites-west,(800) 211-7892,4.2
Plane Sudz Laundromat,"15849 AL-180, Gulf Shores, AL 36542, USA",https://laundromatgulfshores.com/,(251) 224-1074,4.9
Uptown Plaza,"229 E 20th Ave, Gulf Shores, AL 36542, USA",http://visitowa.com/explore/downtown-owa/?utm_source=Yext,(251) 923-6475,4.5
Fort Morgan Museum & Gift Shop,"Baldwin County, Gulf Shores, AL",,(251) 540-7127,4.7
Island Cruizer Boat Rentals,"24689 Canal Rd, Gulf Shores, AL",https://islandcruizerboatrentals.com/,(251) 407-6333,5
Premium Parking - P2658,"309 E 21st Ave Entrance, Gulf Shores, AL 36542, USA",https://www.premiumparking.com/p2658,(844) 236-2011,
"HOW Dance, Music, Drama, & Film","2410 Dawes Rd Suite H, Gulf Shores, AL",https://www.how-mobile.com/,(251) 599-8571,
Gulf Shores Plantation,"497 Plantation Rd # 1250, Gulf Shores, AL 36542, USA",https://fortmorganoysterfest.com,,4.3
Caribe Marina,"28101 Perdido Beach Blvd, Gulf Shores, AL",http://www.caribemarina.com/,(251) 980-8410,4.6
ATM (Hancock Bank Bus Financial Center),"3645 Gulf Shores Pkwy, Gulf Shores, AL 36542, USA",,,
Lighthouse Nature Trail,"3875 Radford Blvd, Gulf Shores, FL",,,5
The Beach Moms,"24951 Perdido Beach Blvd #100, Gulf Shores, AL",http://www.thebeachmoms.net/,(251) 979-8400,4.5
HoodStock Music Festival,"16990 Perdido Key Dr, Gulf Shores, FL",https://perdidokeymusicfestival.com/,(850) 637-7417,
Perdido River Nature Preserve,"5955 Hurst Hammock Rd, Gulf Shores, FL",https://www.nature.org/en-us/get-involved/how-to-help/places-we-protect/perdido-river-nature-preserve/?en_txn1=bl.ch_fl.eg.x.g,,5
Truist,"1500 Gulf Shores Pkwy, Gulf Shores, AL 36542, USA",https://www.truist.com/branch/al/gulf-shores/36542/1500-gulf-shores-pkwy,(251) 968-6893,2.8
Armadillo Pier,"Campground Rd, Gulf Shores, AL",,,4.8
Casino Shuttles,"8275 AL-59, Gulf Shores, AL",,,4.6
Bluegreen Paradise Isle Resort,"620 W Beach Blvd, Gulf Shores, AL 36542, USA",https://www.bluegreenvacations.com/resorts/alabama/paradise-isle-resort/?utm_source=googlemybusiness&utm_medium=organic&utm_campaign=GoogleMyBusiness&y_source=1_OTAwMDMyMy03MTUtbG9jYXRpb24ud2Vic2l0ZQ%3D%3D,(251) 948-6811,4.2
Capt.Rollin's Lost Key Charters,"14050 Canal A Way, Gulf Shores, FL",http://www.captrollinskeywestcharters.com/,(305) 902-4443,
Surge Entertainment,"3201 Airport Blvd Suite AN-D, Gulf Shores, AL",https://surgefun.com/locations/mobile-al,(251) 206-5795,4.3
Good Haven House,"14850 Innerarity Point Rd, Gulf Shores, FL",http://www.goodhavenhouse.com/,(773) 474-2456,4.8
Ike's Beach Service,"800 W Beach Blvd, Gulf Shores, AL 36542, USA",https://www.ikesbeachservice.com/,(251) 948-3757,4.8
Salt & Light Aesthetics,"1544 West 2nd Street, 105 commerce park, Gulf Shores, AL 36542, USA",http://maganmcinnis.glossgenius.com/,(251) 504-2802,5
Kindred Yoga,"1108 Dauphin St, Gulf Shores, AL",http://www.kindred-yoga.com/,(251) 354-9642,5
Griffith Marina Road,"Griffith Marina Rd, Gulf Shores, AL",,,
The Dune Abides - 5bd/4bath Vacation Rental,"1381 Sandy Ln, Gulf Shores, AL",https://www.vrbo.com/2514813,(929) 534-7644,4.5
Martinique on the Gulf,"{'street': '987 Boulevard Martinique', 'city': 'Gulf Shores', 'state': 'AL', 'zip': '36542', 'coordinates': {}}",https://www.martinique-gulf.com/?utm_source=google&utm_campaign=local&utm_medium=organic,(855) 858-6950,4.5
Naval Live Oaks Nature Preserve,"1801 Gulf Breeze Pkwy, Gulf Shores, FL",https://www.nps.gov/guis/planyourvisit/naval-live-oaks-area.htm,(850) 934-2600,4.7
Fort Morgan Public Boat Launch,"Fort Morgan Road, Gulf Shores, AL",,,4.5
Alabama Coastal Catering,"25689 Canal Rd Suite C, Gulf Shores, AL",https://www.alabamacoastalcatering.com/,(251) 233-6003,5
Get It Going Tiki Ride,"26350 Cotton Bayou Dr, Gulf Shores, AL",https://getitgoingtikiride.com/,(251) 256-9091,5
Beachwalk B,"Ft McRae Rd, Gulf Shores, FL",,,4.5
Publix Super Market at Colonial Promenade at Craft Farms,"160 Cotton Creek Dr #100, Gulf Shores, AL 36542, USA",https://www.publix.com/?setstorenumber=1292&utm_medium=maps&utm_source=extendednetwork&utm_content=psm_website_url,(251) 948-1281,4.6
"Gulf Coast BNB Rentals, LLC","316 W Cervantes St, Gulf Shores, FL",https://www.gulfcoastbnbrentals.com/,(850) 525-0509,4.8
Peninsula Restaurant & Grill,"20 Peninsula Blvd, Gulf Shores, AL 36542, USA",https://peninsulagolfclub.com/bar-and-grill/,(251) 968-8010,4.5
Perdido Key Beach Rental,"16785 Perdido Key Dr, Gulf Shores, FL",,(903) 278-8870,
Project Greenshores,"500 Bayfront Pkwy, Gulf Shores, FL",,,4.4
Perdido Key Bike Rentals,"13700 Perdido Key Dr Unit 104, Gulf Shores, FL",https://perdidokeybikerentals.com/,(850) 490-2100,5
Pelicans Perch Marina & Boatyard,"40 Audusson Ave, Gulf Shores, FL",http://www.pelicansperchmarina.com/,(850) 453-3471,4.8
Pedego Electric Bikes Orange Beach,"25405 Perdido Beach Blvd 21, Gulf Shores, AL",https://pedegoelectricbikes.com/dealers/orange-beach/,(251) 413-0714,4.7
Fast Eddies Fun Center,"505 W Michigan Ave, Gulf Shores, FL",http://www.fasteddiesfuncenter.com/,(850) 433-7735,4.7
E-Bikes & Boards,"1129 Gulf Shores Pkwy Suite C, Gulf Shores, AL",http://www.e-bikesandboards.com/,(251) 505-2925,4.9
Bill Dickson park,"3151 Fenceline Rd, Gulf Shores, FL",https://www.brickandspoon.com,,4.7
"Toni Klutho, PD","3820 Gulf Shores Pkwy, Gulf Shores, AL 36542, USA",http://www.thinkoutsidegulfshores.com/,(251) 967-7002,4.5
Sassy Bass Quick Stop,"8818 AL-180, Gulf Shores, AL 36542, USA",https://www.sassybass.com/,,3.2
Tanned & Tip-Sea in Fort Morgan,"5795 Pizarro Ave, Gulf Shores, AL 36542, USA",https://www.facebook.com/TannedAndTipSeaInFoMo,(678) 687-7050,5
MVMT Pilates and Wellness Studio,"19025 Oak Rd W Suite 1, Gulf Shores, AL",https://mvmt-pilates.com/,(479) 381-1627,5
Gulf Blues Beach House,"105 W 7th St Unit A, Gulf Shores, AL",,,5
Isle Dauphine Golf Course,"100 Orleans Dr, Gulf Shores, AL",https://m.facebook.com/IsleDauphine,(251) 533-0398,4.2
Anonyme Cruises,"27075 Marina Rd, Gulf Shores, AL",http://www.anonymecruises.com/,(251) 223-6673,5
VCA Magnolia by the Gulf,"19930 Oak Rd W, Gulf Shores, AL",https://vcahospitals.com/magnolia-by-the-gulf?utm_source=maps&utm_medium=organic&utm_campaign=AU_1192,(251) 968-7523,4.6
Ocean's Edge,"1801 Bienville Blvd Unit 301, Gulf Shores, AL",https://www.dauphinislandbeachrentals.com/vacation-rentals/oceans-edge/,(800) 771-1480,5
Phnom Penh Fusion,"13260 Wintzell Ave, Gulf Shores, AL",https://purplelight.pw/phnom-penh-fusion-hlbrpnu.html,(251) 824-6017,4.5
Tony Thagard | Gulf Shores Photographer,"1545 Gulf Shores Pkwy #217, Gulf Shores, AL",http://www.tonythagard.com/,(251) 928-2323,4.9
Bobcat Branch Trail,"22116 Campground Rd, Gulf Shores, AL",,,
Clash eSports & VR Experience at OWA,"101-G N Owa Blvd, Gulf Shores, AL",https://clashesportsowa.com/,(251) 257-1400,3.9
Lacey Marie Photography Gulf Shores Photographer,"633 W Beach Blvd, Gulf Shores, AL",http://www.laceymariephotographysite.com/,(334) 450-5883,5
Blue Heron Escape RV Resort,"19700 Keller Rd, Gulf Shores, AL",https://blueheronescape.com/,(251) 949-5101,4.9
Perch at Gulf State Park,"{'street': '21196 East Beach Blvd', 'city': 'Gulf Shores', 'state': 'AL', 'zip': '36542', 'coordinates': {'lat': 30.250184, 'lng': -87.6644393}}",https://perchgsp.com,(251) 540-6100,
Museum of Commerce,"201 Zaragoza St, Gulf Shores, FL",https://historicpensacola.org/plan-your-visit/museums-properties/museum-of-commerce/,(850) 595-5985,4.7
Palafox Pier Yacht Harbor Marina,"895 S Palafox St, Gulf Shores, FL",http://www.marinamgmt.com/page/PalafoxPier,(850) 432-9620,4.6
Rookery Vacation Rentals and Services,"5781 State Highway way #180, Gulf Shores, AL",https://rookery3fortmorgan.com/,(251) 219-9868,4.8
Sahara Club,"3247 Schillinger Rd N, Gulf Shores, AL",http://www.pshomes.com/city/palm-springs/sahara-park/,(251) 649-0367,4.2
Sassy Pizza,"8818 AL-180, Gulf Shores, AL 36542, USA",https://www.sassybass.com/,(251) 540-2261,3.4
Garden Waterfall,"Mobile, Gulf Shores, AL",,,4.6
Innerarity Point Park,"5828 Cruzat Way, Gulf Shores, FL",,,4.7
Phineas Phogg's,"E Government St, Gulf Shores, FL",http://www.sevillequarter.com/rooms/phineas-phoggs,(850) 434-6211,3.9
Pharmacy Management Group Inc,"344 Royal Dr, Gulf Shores, AL 36542, USA",,(251) 980-1508,
Club Elegance,"208 N Lafayette St, Gulf Shores, AL",,(251) 438-7322,4.4
Corry Station (Wenzel) Gym,"3711 Chief's Way, Gulf Shores, FL",https://www.navymwrpensacola.com/programs/6e0b37f6-6980-47b6-a983-567ed11a3152,(850) 452-6198,4.4
Limitless Travel,"31551 Shearwater Dr, Gulf Shores, AL",https://mylimitlesstravel.com/,(251) 533-6373,5
Sportsplex Trailhead,"Gulf Oak Rdg, Gulf Shores, AL",https://www.orangebeachal.gov/257/Sportsplex,(251) 981-6979,4.9
The Pines Park Public Boat Launch,"7950 Fort Morgan Road, Gulf Shores, AL",https://www.gulfshores.com/things-to-do/the-pines-boat-launch/,,4.6
Soundwave,"{'street': '112 W Beach Blvd', 'city': 'Gulf Shores', 'state': 'AL', 'zip': '36542'}",https://soundwavegs.com/,2512981085,
Gulf Coast Inn,"843 Gulf Breeze Pkwy, Gulf Shores, FL",http://athomeinns.com/,(850) 932-2222,4.1
"Goat Tree Reserve, Dauphin Island Bird Sanctuaries, Inc.","701 Cadillac Ave, Gulf Shores, AL",http://www.coastalbirding.org/,,4.1
Eden Condominiums,"16281 Perdido Key Dr, Gulf Shores, FL",http://www.edencondominiums.com/,(850) 492-3336,4.6
Cornerstone Gardens,"1066 Government St, Gulf Shores, AL",https://cornerstonegarden.org/,(251) 298-7670,4.8
Centennial Trail,"65RJ+C5, Gulf Shores, AL",,,4.9
Dinosaurs In The Woods -- Brontosaurus,"Barber Pkwy, Gulf Shores, AL",,,4.3
Outer Limits VR Game Room,"4700 Main St N-101, Gulf Shores, AL",http://www.vrfunplays.com/,(251) 240-0647,4.3
Gulf Shores Vacation Rentals by Vacasa,"657 Morgantown Blvd, Gulf Shores, AL 36542, USA",https://www.vacasa.com/usa/Alabama/Gulf-Shores/?utm_source=gmb&utm_medium=organic&utm_campaign=GMB-RelaxonBeachACQ,(251) 269-6766,4.3
Papa Rocco's,"{'street': '101 West 6th Avenue', 'city': 'Gulf Shores', 'state': 'AL', 'zip': '36542'}",https://paparoccos.com/,(251) 948-7262,4.2
Tommy's VIP Tours LLC,"4062 Muirfield Ct, Gulf Shores, AL 36542, USA, Gulf Shores, AL",,(251) 200-0241,5
Coastal Beach,"Perdido Beach Blvd, Gulf Shores, AL",https://www.searchthegulf.com/,30.2763,4.7
Looks Good From Here Gulf Karts,"{'street': '2380 Wallace Circle', 'city': 'Gulf Shores', 'state': 'Alabama', 'zip': '36542', 'coordinates': {}}",https://www.looksgoodgulfkarts.com/,251-233-8302,
K. Pierre Art,"{'street': '309 E. 21st Ave, Suite B (East Entrance)', 'city': 'Gulf Shores', 'state': 'AL', 'zip': '36542', 'coordinates': {'lat': 30.274251914635332, 'lng': -87.68422458521059}}",https://www.kpierreart.com,251-677-1289,
Dauphin Island Heritage and Arts Council,"918 Bienville Blvd, Gulf Shores, AL",http://dauphinislandarts.org/,(251) 861-3300,4.9
The Banquet Room,"3733 Battleship Pkwy Space A, Gulf Shores, AL",https://www.originaloysterhouse.com/banquet,(251) 753-5813,4.9
The Beach Club D502,"375 Beach Club Trail, Gulf Shores, AL 36542, USA",,(866) 602-0032,5
Sanibel Condos,"1524 W Beach Blvd, Gulf Shores, AL 36542, USA",,(251) 968-6868,4.5
Emerald Coast Tours,"225 Zaragoza St, Gulf Shores, FL",http://www.emeraldcoasttours.net/,(850) 417-9292,4.9
Pleasure Island Parking & Storage,"19826 W 36th Ave, Gulf Shores, AL 36542, USA",https://www.facebook.com/profile.php?id=61559930946984&mibextid=LQQJ4d,(251) 677-1899,5
Sunny Lady Dolphin Cruises at The Wharf,"4673 Wharf Pkwy W, Gulf Shores, AL",https://www.dolphincruiseorangebeach.com/,(251) 589-7117,4.9
Perdido Key State Park West Parking Area,"15880 Perdido Key Dr, Gulf Shores, FL",https://www.floridastateparks.org/parks-and-trails/perdido-key-state-park,(850) 492-1595,4.5
Elite Salons & Services by Bayside,"24823 Commercial Ave Unit 2, Gulf Shores, AL",,,5
Reel Attraction Charters,"1577 AL-180, Gulf Shores, AL 36542, USA",,(251) 422-8665,4.4
Cruiseone Travel Agency,"1023 Tiber Ct, Gulf Shores, AL",,(251) 952-4748,1
Sea N Suds,"405 E Beach Blvd, Gulf Shores, AL 36542, USA",http://www.sea-n-suds.com/,(251) 948-7894,4.3
Family Fitness,"Pensacola, Gulf Shores, FL",https://www.navymwrpensacola.com/programs/3e64b872-8302-453d-8f28-cdf1600edea4,(850) 452-6004,4.3
"Surf Style 206: Surf, Swimwear, Sporting Goods in Gulf Shores","401 Gulf Shores Pkwy, Gulf Shores, AL 36542, USA",https://surfstyle.com/pages/surf-style-store-206?utm_source=google&utm_medium=organic&utm_campaign=gbl,(954) 924-9779,3.8
Meaher State Park,"5200 Battleship Pkwy, Gulf Shores, AL",http://alapark.com/meaher-state-park,(251) 626-5529,4.6
Alise & Co. Salon,"{'street': '3849 Gulf Shores Parkway St. 5', 'city': 'Gulf Shores', 'state': 'AL', 'zip': '36542', 'coordinates': {}}",http://www.aliseandcosalon.com/,(251) 923-4477,4.9
The Village Lawn at The Beach Club,"925 Beach Club Trail, Gulf Shores, AL 36542, USA",https://thebeachclub.spectrumresorts.com/dining/the-village-lawn-2/,(251) 224-3650,3.5
Truist Gulf Shores Branch,"{'street': '1500 Gulf Shores Pkwy', 'city': 'Gulf Shores', 'state': 'AL', 'zip': '36542', 'coordinates': {'lat': 30.2652, 'lng': -87.688}}",https://www.truist.com,251-968-6893,
Jeff Friend Trail,"13900 AL-180, Gulf Shores, AL 36542, USA",,,4.7
Fort Morgan Road Trailhead,"10 Peninsula Blvd, Gulf Shores, AL",,,4.8
Looks Good Gulf Karts LLC,"5781 AL-180, Gulf Shores, AL 36542, USA",https://www.looksgoodgulfkarts.com/,(251) 233-8302,
The Park at OWA Roller Coaster,"105 S Owa Blvd, Gulf Shores, AL",https://visitowa.com/attractions/rollin-thunder/,,4.5
Eastern Shore Lanes,"10460 Eastern Shore Blvd, Gulf Shores, AL",http://www.eslanes.com/,(251) 625-3400,4.4
Peace of Paradise,"343 S Breakers Ln, Gulf Shores, AL",https://getawaywithrpmrentals.com/listing/peace-of-paradise/,(251) 281-8071,5
Patient Care Pharmacy,"2033 W 1st St, Gulf Shores, AL 36542, USA",,(251) 948-3423,
DaVita Gulf Shores Dialysis Center,"3947 Gulf Shores Pkwy #150, Gulf Shores, AL 36542, USA",https://www.davita.com/locations/al/gulf-shores/3947-gulf-shores-pkwy--4402,(833) 375-1543,5
Publix Pharmacy at Paradise Isle Shopping Center,"1720 Gulf Shores Pkwy Ste 2, Gulf Shores, AL 36542, USA",https://www.publix.com/pharmacy?utm_medium=maps&utm_source=google&utm_content=psmpharm_google_override,(251) 240-3004,5
The Fairhope Pier,"Fairhope, Gulf Shores, AL",,,4.7
Pirate's Island Adventure Golf,"3201 Gulf Shores Pkwy, Gulf Shores, AL",https://www.piratesislandgolf.com/our-locations/gulf-shores-al-pirates-island/,(251) 968-4653,4.7
Felton Lanes,"4315 W Navy Blvd, Gulf Shores, FL",https://m.facebook.com/pages/Felton-Lanes/108168685891040,(850) 455-9217,2.8
Spanish Trail Veterinary Hospital,"6801 Spanish Trail, Gulf Shores, FL",http://www.spanishtrailvethospital.com/,(850) 479-1838,4.8
The Rookery Iii 4007 3 Bedroom Cottage,"5781 AL-180, Gulf Shores, AL",,(510) 404-8220,
Key West Tropical Forest & Botanical Garden,"5210 College Rd, Gulf Shores, FL",https://keywest.garden/,(305) 296-1504,4.2
Indoor Water Park OWA,"10113 Foley Beach Express, Gulf Shores, AL",,,5
The Rex,"18 N Palafox St, Gulf Shores, FL",http://rexpensacola.com/,(850) 479-7210,4.7
Imax Theater,"5149 Bayou Blvd, Gulf Shores, FL",https://www.amctheatres.com/movie-theatres/pensacola-mobile/amc-bayou-15,,4.5
Luxury RV Resort,"{'street': '590 Gulf Shores Parkway', 'city': 'Gulf Shores', 'state': 'AL', 'zip': '36542', 'coordinates': {}}",https://www.luxuryrvresort.com/,(251) 948-5444,4.6
Coast Restaurant at The Beach Club,"453 Beach Club Trail, Gulf Shores, AL 36542, USA",https://dineatcoast.com/,(251) 224-3600,4.2
From The Ground Up Community Garden,"300 E La Rua St, Gulf Shores, FL",https://www.fromthegroundupgardenpensacola.com/,(561) 313-2465,4.9
Harrah's Gulf Coast - A Caesars Rewards Destination,"280 Beach Blvd, Gulf Shores, AL",https://www.caesars.com/harrahs-gulf-coast?utm_campaign=gmb&utm_source=goolge&utm_medium=local&utm_term=HarrahsGulfCoast&utm_content=hotel&y_source=1_NDM2Njg0MC03MTUtbG9jYXRpb24ud2Vic2l0ZQ%3D%3D,(800) 946-2946,4
"Johnson's Beach, Gulf Islands National Seashore","Johnson's Beach, Gulf Shores, FL",https://www.nps.gov/guis/planyourvisit/perdido-key-area.htm,(850) 934-2600,4.8
Historic Pensacola Village,"205 E Zaragoza St, Gulf Shores, FL",http://www.historicpensacola.org/,(850) 595-5993,4.8
Pensacola's Catwalk,"Pensacola, Gulf Shores, FL",,(251) 895-2065,4
Hurricane Lanes,"34876 Emerald Coast Pkwy, Gulf Shores, FL",http://www.hurricanelanesdestin.com/,(850) 654-5251,4.3
Asbury Place at Cokesbury Church,"750 College Blvd, Gulf Shores, FL",http://www.cokesburychurch.com/locations/asbury-place/,(850) 476-5818,4.5
"Freedom Boat Club - Perdido Key, FL","14050 Canal A Way, Gulf Shores, FL",https://perdidokeyboatclub.com/?utm_source=google&utm_medium=organic&utm_campaign=gbp,(850) 497-0130,4.7
Oake Shore Studio,"4790 Wharf Pkwy W Suite F208, Gulf Shores, AL",https://dickslastresort.com,(850) 686-9048,5
Well Head Spa,"5925 Sweetwater Cir, Gulf Shores, AL",https://wellheadspa.glossgenius.com/,(251) 850-8192,5
Pure Aloha Adventures,"22922 Alabama's Coastal Connection, Gulf Shores, AL",https://purealohaadventures.com/alabama/,(251) 391-4832,5
Glory Farms,"13780 Norris Ln, Gulf Shores, AL",https://www.glory-farms.com/,(251) 228-2462,5
The Beach House Kitchen & Cocktails,"{'street': '1154 West Beach Blvd', 'city': 'Gulf Shores', 'state': 'AL', 'zip': '36542'}",http://beachhousegs.com/,(251) 948-2431,
Pelican's Perch,"375 Plantation Rd #5710, Gulf Shores, AL 36542, USA",http://vrbo.com/3065054,(251) 289-9785,
Blue Moose Auto Spa,"{'street': '3890 Gulf Shores Pkwy', 'city': 'Gulf Shores', 'state': 'AL', 'zip': '36561', 'coordinates': {'lat': 30.30751429999999, 'lng': -87.68183409999999}}",https://www.bluemooseautospagulfshores.com/,(251) 968-2227,4.1
Renea's Hair Studio / Classic Touch,"2404 E 2nd St, Gulf Shores, AL",https://www.styleseat.com/reneabroussard,(251) 223-3563,5
Bellingrath Gardens,"12401 County Rd 18, Gulf Shores, AL",https://bellingrath.org/,,4.6
Lafitte Cove Marina,"1010 Fort Pickens Rd, Gulf Shores, FL",https://peglegpetes.com/Marina,(850) 934-7112,4.9
Palafox Pier,"S Palafox St &, Gulf Shores, FL",http://www.pensacruise.com/,(850) 435-1603,4.7
Jones Swamp Wetland Preserve & Nature Trail,"198 Patton Dr, Gulf Shores, FL",,(850) 475-5220,3.7
Heron Bay Wetlands Forever Wild Tract,"Coden, Gulf Shores, AL",,,4
Big Blue,"2752 Ponce De Leon Ct West, Gulf Shores, AL",https://restandrelaxvacation.com/,(678) 457-9635,5
Key Sailing,"400 Quietwater Beach Rd, Gulf Shores, FL",https://www.keysailing.com/,(850) 932-5520,4.7
At The Beach Weddings,"617 Parish Lakes Dr, Gulf Shores, AL",http://www.atthebeachweddings.com/,(251) 943-3393,4.7
Aqua Spa at Beach Club,"18 Via De Luna Dr, Gulf Shores, FL",http://www.beachclubaquaspa.com/,(850) 932-5389,4.6
Gulf Islands Waterpark,"17200 16th St, Gulf Shores, AL",http://www.gulfislandswaterpark.com/,(228) 328-1266,4.3
Garcon Bayou Nature Park,"55 Doug Ford Dr, Gulf Shores, FL",https://myescambia.com/our-services/parks-and-recreation/parks-and-community-centers/park-and-community-center-details/garcon-bayou-nature-park,(850) 475-5220,4.1
Plaza Ferdinand VII,"East Government St and, Gulf Shores, FL",,(850) 436-5670,4.6
Pink Pony Pub,"{'street': '137 E Gulf Shores Pl', 'city': 'Gulf Shores', 'state': 'AL', 'zip': '36542', 'coordinates': {'lat': 30.2485551, 'lng': -87.6897651}}",http://www.pinkponypub.net/?utm_source=gbp&utm_medium=organic,(251) 948-6371,4.1
Sunset Photography LLC,"1002 Woodlore Cir, Gulf Shores, FL",http://sunsetphotography-pcola.com/,(850) 273-8627,5
Sassy Bass Wine & Spirits,"8818 AL-180, Gulf Shores, AL 36542, USA",https://www.sassybass.com/,(251) 540-2241,3
Pirates Bay Waterpark Leesburg,"4541 County Rd 147, Gulf Shores, AL",http://piratesbaywaterpark.com/,(256) 613-8442,4.5
Big Lagoon State Park amphitheater,"Pensacola, Gulf Shores, FL",,,4.9
Bamahenge,"Elberta, Gulf Shores, AL",,,4.5
Neptune’s Fountain,"6210 Neptune Blvd, Gulf Shores, AL",https://www.barbermarina.com/,(251) 987-2698,4.7
Gulfarium Marine Adventure Park,"1010 Miracle Strip Pkwy SE, Gulf Shores, FL",http://www.gulfarium.com/,(850) 243-9046,4.4
Angela Mott Photography,"26060 Garrett Ln, Gulf Shores, AL",http://angelamottphotography.com/,(205) 243-9904,4.9
Birmingham Botanical Gardens,"2612 Lane Park Rd, Gulf Shores, AL",https://www.bbgardens.org/,(205) 414-3950,4.8
Captain Crazy's Paradise,"2139 S McKenzie St, Gulf Shores, AL",https://captaincrazysparadise.com/,(251) 609-4400,4.8
Surfing Turtle Gulf Shores,"458 E Beach Blvd, Gulf Shores, AL",https://www.surfingturtlegs.com/,(251) 215-1181,5
Beach Babe Hair,"2033 W 1st St Suite 4, Gulf Shores, AL",https://hair-by-rachel-lawson.square.site/,(615) 730-2571,5
L.D. Owen Performing Arts Center,"1900 US-31 Bay, Gulf Shores, AL",,(251) 580-2100,4.7
Splash City Adventures,"6709 Pensacola Blvd, Gulf Shores, FL",http://splashcityadventure.com/,(850) 505-0800,3.4
Paradise Isle Resort,"{'street': '620 West Beach Boulevard', 'city': 'Gulf Shores', 'state': 'AL', 'zip': '36542', 'coordinates': {'lat': 30.246328, 'lng': -87.701223}}",https://www.bluegreenvacations.com/resorts/alabama/paradise-isle-resort/,251-948-6811,
Pensacola Marinas,"806 Lakewood Rd, Gulf Shores, FL",http://pensacola-marinas.com/,(850) 455-4552,4.1
Ike's Bikes,"800 W Beach Blvd, Gulf Shores, AL",https://www.ikesbeachservice.com/,(251) 984-3757,4.7
Bikes Plus,"2631 Gulf Breeze Pkwy, Gulf Shores, FL",https://www.bikesplusnwfl.com/,(850) 619-2238,4.4
Bayview Dog Beach,"2000 E Lloyd St, Gulf Shores, FL",,,4.7
Seville Square,"311 E Government St, Gulf Shores, FL",http://www.ci.pensacola.fl.us/,(850) 436-5670,4.6
The Hideaway,"925 Beach Club Trail, Gulf Shores, AL 36542, USA",https://thebeachclub.spectrumresorts.com/dining/the-village-hideaway/?utm_source=google&utm_medium=places&utm_campaign=hideaway,(251) 224-3650,3.8
The Cozy Cottage at Fort Morgan,"3767 Ponce De Leon Ct, Gulf Shores, AL",https://www.simplyrelaxstays.com/the-cozy-cottage-orp5b57ac5x,(603) 722-7307,4.2
Sassy Bass Amazin' Grill,"5160 AL-180, Gulf Shores, AL 36542, USA",http://www.sassybass.com/,(251) 975-1010,4.1
Naval Aviation Memorial Theater,"1750 Radford Blvd, Gulf Shores, FL",https://www.navalaviationmuseum.org/,(800) 327-5002,4.9
Orange Beach Recreation Center,"4849 Wilson Blvd, Gulf Shores, AL",https://www.orangebeachal.gov/380/About,(251) 981-6028,4.6
Premier Hormone Health and Wellness,"{'street': '1140 Gulf Shores Parkway', 'city': 'Gulf Shores', 'state': 'AL', 'zip': '36542'}",https://premierhormone.com/,(251) 651-6550,5
