name,address,website,url,phone,rating
Pink Pelican Art Gallery,"24823 Canal Rd, Orange Beach, AL 36561, USA, Gulf Shores, AL",,,(251) 219-0050,5
Vampire Penguin Perdido Key,"14110 Perdido Key Dr, Gulf Shores, FL",https://www.vampirepenguinpensacola.com/,,(850) 377-4139,4.8
Books on Main,"302 Main St, Gulf Shores, AL",http://www.thebooksonmain.com/,,(970) 370-2094,5
The Greenhouse Garden Center,"20272 AL-59, Gulf Shores, AL",http://www.greenhousegc.com/,,(251) 978-2050,4.9
Black Cafe and Bookstore,"3498 Doctor M.L.K. Jr Dr, Gulf Shores, FL",http://www.blackcafeandbooks.com/,,(850) 262-9344,4.8
Eastern Shore Plaza,"10200 Eastern Shore Blvd, Gulf Shores, AL",http://www.easternshorecentre.com/,,(251) 625-0060,4.4
Alvin's Island - Gulf Shores #19,"100 W Beach Blvd, Gulf Shores, AL",http://www.alvinsisland.com/,,#ERROR!,4.7
Backstage Boutique,"5100 N 9th Ave Space A109, Gulf Shores, FL",https://thebackstageboutique.com/,,(850) 607-0292,4.8
The Orange Beach Store,"25777 Perdido Beach Blvd, Gulf Shores, AL",https://theorangebeachstore.com/,,(251) 981-0988,4.4
Odd Bob's,"14809 AL-59, Foley, AL 36535, USA, Gulf Shores, AL",http://oddbobs.com/,,(251) 943-6349,4.6
Emporium@C - Coastal Gifts & More - Orange Beach,"25405 Perdido Beach Blvd #11, Gulf Shores, AL",http://www.emporiumatc.com/,,(251) 981-8444,4.7
Irwin Square,"806 S McKenzie St, Gulf Shores, AL",,,,4.4
Alvin's Island - Orange Beach #22,"24949 Perdido Beach Blvd, Gulf Shores, AL",http://www.alvinsisland.com/,,#ERROR!,4.7
Eastern Shore Cycles,"6845 US-90 #102, Gulf Shores, AL",https://www.thebike-shop.com/,,(251) 626-0079,5
University Town Plaza,"7171 N Davis Hwy, Gulf Shores, FL",https://wpgus.com/property/university-town-plaza/,,(614) 621-9000,4.2
Panhandle Exotics,"37 N Navy Blvd, Gulf Shores, FL",http://www.panhandleexotics.com/,,(850) 542-4410,4.4
"American Legacy Co, The Trump Store AL","3859 Gulf Shores Pkwy STE 4, Gulf Shores, AL",https://americanlegacycothetrumpstoreal.com/,,(251) 200-7624,3.5
Helzberg Diamonds,"5100 N 9th Ave Space G709, Gulf Shores, FL",https://www.helzberg.com/store?storeId=0256&utm_source=GMBlisting&utm_medium=organic,,(850) 477-3173,4.9
Beré Jewelers,"5033 N 12th Ave, Gulf Shores, FL",https://www.berejewelers.com/,,(850) 477-6818,4.9
Pet Nation,"1898 Andorra St, Gulf Shores, FL",http://www.petnation.org/,,(850) 936-8201,4.4
Stone Jewelers,"8621 Lillian Hwy, Gulf Shores, FL",https://stonejewelers8621.wixsite.com/8504551177,,(850) 455-1177,4.5
Ron Jon Surf Shop - Orange Beach,"22723 Perdido Beach Blvd, Gulf Shores, AL",https://www.ronjonsurfshop.com/store/orange-beach-alabama,,(251) 981-8008,4.5
Bungalows,"4776 Wharf Pkwy W #110, Gulf Shores, AL",,,#ERROR!,3.6
"Alvin's Island - Orange Beach, AL #780","27433 Perdido Beach Blvd, Gulf Shores, AL",http://www.alvinsisland.com/,,#ERROR!,4.7
Sundog Books,"89 Central Square, Gulf Shores, FL",http://www.sundogbooks.com/,,(850) 231-5481,4.6
Warrington Shopping Center,"4051 Barrancas Ave, Gulf Shores, FL",,,,4.2
Arts of Dauphin Island,"1101 Bienville Blvd, Gulf Shores, AL",http://artsofdauphinisland.org/?utm_source=gmb&utm_medium=referral,,(251) 272-9099,4.7
The Occasional Wife Estate Sale Store,"13440 Perdido Key Dr, Gulf Shores, FL",https://theoccasionalwife.com/,,(850) 208-1245,4.4
Elebash Jewelry Co,"36 Palafox Pl, Gulf Shores, FL",http://www.elebashs.com/,,(850) 432-5136,4.9
Drift Boutique,"960 E 9 Mile Rd #5, Gulf Shores, FL",https://www.facebook.com/DriftPensacolaFL/,,(850) 332-5126,4.7
The Wharf Marina,"23101 Canal Rd, Orange Beach, AL 36561, USA, Gulf Shores, AL",https://alwharf.com/?utm_source=GBP&utm_medium=organic&utm_campaign=website,,(251) 224-1000,5
Souvenir City,"217 Gulf Shores Pkwy, Gulf Shores, AL",https://souvenircityob.com/,,(251) 948-7280,4.3
PNC Fish and More,"320 Racetrack Rd NE, Gulf Shores, FL",https://www.facebook.com/pncfishandmore,,(850) 374-3817,4.9
Utopia,"4830 Main St, Gulf Shores, AL",,,(251) 981-1116,4.5
KAY Jewelers,"5100 N 9th Ave Unit C - 327, Gulf Shores, FL",https://stores.kay.com/fl/pensacola/364?cid=seo-listings,,(850) 477-5677,4.4
Changing Tides Jewelry,"7150 Tippin Ave #10165, Gulf Shores, FL",http://www.changingtidesjewelry.com/,,,4.5
A Fish Store,"3960 W Navy Blvd Ste 19, Gulf Shores, FL",http://afishstore.com/,,(850) 898-3409,4.6
Andy Andrews | Wisdom Harbour Studios,"4751 Main St F213, Orange Beach, AL 36561, USA, Gulf Shores, AL",http://andyandrews.com/,,(251) 981-5005,5
Books-A-Million,"2524 S McKenzie St, Foley, AL 36535, USA, Gulf Shores, FL",https://www.booksamillion.com/?utm_source=google&utm_medium=organic&utm_campaign=gmb-383,,(251) 436-1002,4.5
Charm Boutique,"1545 Gulf Shores Pkwy, Gulf Shores, AL",https://shopcharmboutique.com/,,(251) 948-3500,4.8
Posh Pets Boutique,"AT COSMOS COURTYARD COSMO'S RESTAURANT, Gulf Shores, AL",http://www.sweetpeasposhpets.com/,,(251) 948-0147,5
Gulfarium Gift Shop,"1010 Miracle Strip Pkwy SE, Gulf Shores, FL",http://www.gulfarium.com/,,(850) 243-9046,4.1
bealls,"3800 Gulf Shores Pkwy Ste 300 300, Gulf Shores, AL",https://stores.bealls.com/al/gulfshores/clothing-store-880.html?utm_source=GMBlisting&utm_medium=organic,,(251) 201-7978,4.3
Cordova Mall,"5100 N 9th Ave, Gulf Shores, FL",https://www.simon.com/mall/cordova-mall,,(850) 477-5355,4.4
Magnolia Meat & Grocery,"20733 Miflin Rd, Gulf Shores, AL",http://magnoliameatandgrocery.com/,,(251) 943-6016,4.6
Herbalife - Key Nutrition,"10437 Sorrento Rd Suite 204, Gulf Shores, FL",,,(850) 293-8484,4.8
Beach House Boutique,"3800 Gulf Shores Pkwy #320, Gulf Shores, AL 36542, USA, Gulf Shores, AL",http://shopthebeachlife.com/,,(251) 948-7467,3.4
Lucca,"4776 Main St #101, Gulf Shores, AL",https://shoplucca.com/,,(251) 224-4370,3.2
Trading Co.Orange Beach,"24891 Perdido Beach Blvd, Gulf Shores, AL",,,,4.1
CC's Boutique Gulf Shores,"1556 Gulf Shores Pkwy, Gulf Shores, AL",https://ccsboutiquegulfshores.com/,,(251) 968-2077,5
The Book Inn inc.,"15 S Section St, Gulf Shores, AL",,,(251) 928-3664,4.5
Good Dog Boutique,"2601 S McKenzie St #256, Gulf Shores, AL",,,(251) 228-1034,4.4
Paradise Island Souvenirs,"13700 Perdido Key Dr #110, Gulf Shores, FL",,,,4.4
Rack Room Shoes,"2601 S McKenzie St Spc A, Foley, AL 36535, USA, Gulf Shores, AL",https://www.rackroomshoes.com/store/156?utm_source=google&utm_medium=local&utm_campaign=localmaps&utm_content=156,,(251) 971-2525,3.9
Perdido Key Souviners and More,"13700 Perdido Key Dr unit 107, Gulf Shores, FL",,,(850) 497-0868,2.8
Trek Bicycle Store of Pensacola,"701 E Cervantes St, Gulf Shores, FL",https://www.trekstoregulfcoast.com/,,(850) 912-6858,4.9
Follett's Pensacola State College Bookstore,"1000 College Blvd, Gulf Shores, FL",https://www.bkstr.com/pensacolastatestore/home?cm_mmc=OrganicSearch-_-GoogleMyBusiness-_-Google-_-325,,(850) 484-1507,4
Salt Mercantile,"25122 Perdido Beach Blvd, Orange Beach, AL 36561, USA, Gulf Shores, AL",http://www.shopsaltnow.com/,,(251) 981-7258,4.6
Commons,"25910 Canal Rd, Orange Beach, AL 36561, USA, Gulf Shores, FL",http://pcci.edu/,,,4.4
Springdale,"3250 Airport Blvd, Gulf Shores, AL",https://properties.brixmor.com/p/retail-real-estate/Mobile-AL-36606/springdale?utm_source=gmb&utm_medium=Yext,,(610) 215-7939,4.1
Friends of WFPL - Downtown Library Book Store,"Book Store, Gulf Shores, FL",https://www.facebook.com/FriendsOfWFPL,,(850) 436-5060,4.9
Fleet Feet,"236 W Garden St suite 1, Gulf Shores, FL",http://www.fleetfeetpensacola.com/,,(850) 332-7723,4.9
Pieces Boutique,"25814 Canal Rd #9, Gulf Shores, AL",http://www.piecesbtq.com/,,(251) 689-3918,5
Pro Cycle Fairhope,"510 Fairhope Ave, Gulf Shores, AL",http://www.procycleandtri.com/,,(251) 929-7060,4.6
Disko Lemonade Yoga,"120 S Jefferson St, Gulf Shores, FL",https://www.diskolemonade.com/,,(850) 809-0602,4.8
Seaside Shoes & SWIM,"4751 Main St Suite F111, Orange Beach, AL 36561, USA, Gulf Shores, AL",http://seasideshoesandswim.com/,,(251) 224-6722,4.2
The Haunted Book Shop,"9 S Joachim St, Gulf Shores, AL",http://thehauntedbookshopmobile.com/,,(251) 348-7668,4.8
Dauphin Island Art Gallery,"918A Bienville Blvd, Gulf Shores, AL",https://www.dauphinislandartgallery.com/,,(251) 861-3399,5
Gulf Shores City Store,"1821 AL-59, Gulf Shores, AL",https://www.gulfshoresgear.com/,,(251) 968-2504,4.1
Shoe Show,"Town & Country Plaza, Gulf Shores, FL",https://www.shoeshow.com/?utm_source=google&utm_medium=storelisting&utm_campaign=googlemaps&utm_content=ss1077,,(850) 432-0325,4.4
Gulf Shores Seafood,"921 Gulf Shores Pkwy, Gulf Shores, AL",https://www.gulfshoresseafood.com/,,(251) 948-8456,4.6
Villagio Perdido Town Centre,"13700 Perdido Key Dr, Gulf Shores, FL",,,,4.7
Jewelers Trade Shop,"26 Palafox Pl, Gulf Shores, FL",https://www.jewelerstradeshop.com/.,,(850) 432-4433,4.9
Pets R People Too,"835 E Platte Ave # B, Gulf Shores, AL",https://www.petsrpeopletoo.net/,,(970) 867-4860,4.6
The Salty Palm,"3041 W 1st St, Gulf Shores, AL",https://thesaltypalm.com/,,(251) 229-9890,4.9
"Surf Style 207: Surf, Swimwear, Sporting Goods in Gulf Shores","102 E Beach Blvd, Gulf Shores, AL",https://surfstyle.com/pages/surf-style-store-207?utm_source=google&utm_medium=organic&utm_campaign=gbl,,(954) 924-9779,3.8
Shop LuLu Buffett,"202 E 25th Ave, Gulf Shores, AL",http://shop.lulusfunfoodmusic.com/,,(251) 967-1133,4.1
Ride Electric,"32 N Palafox St, Gulf Shores, FL",https://rideelectricpensacola.com/,,(850) 359-9992,5
Corry Field Shopping Mart,"120 Chief's Way, Gulf Shores, FL",,,,4
Southern Athletica,"4776 Main St Unit L109, Gulf Shores, AL",http://southernathletica.com/,,,4.4
Frank & Co. Fine Jewelry,"25814 Canal Rd #7, Orange Beach, AL 36561, USA, Gulf Shores, AL",http://frankcooba.co/,,(251) 970-2060,4.9
Evermore Permanent Jewelry,"2601 S McKenzie St #190, Gulf Shores, AL",http://www.evermore-permanentjewelry.com/,,(251) 495-2134,4.9
Maggie's Gift Shop,"25753 Canal Rd, Gulf Shores, AL",https://cosmosrestaurantandbar.com/maggies/,,(251) 981-1968,4.1
Gulf Shores Souvenirs & Gifts,"301 Gulf Shores Pkwy, Gulf Shores, AL",,,(251) 948-3146,3.4
Cato Fashions,"400 N Navy Blvd, Gulf Shores, FL",https://stores.catofashions.com/fl/pensacola/400-north-navy-boulevard?utm_source=gmb&utm_medium=Yext&y_source=1_MjY1NjAzNDgtNzE1LWxvY2F0aW9uLndlYnNpdGU%3D,,(850) 455-4615,4.8
Cycle Joint,"32 N Palafox St, Gulf Shores, FL",https://www.cyclejoint.com/,,(850) 741-4480,4.8
Follett's PSC Warrington Bookstore,"5555 US-98 Bldg 3600/Bookstore, Gulf Shores, FL",https://www.bkstr.com/pensacolawarringtonstore/home,,(850) 484-2233,4.1
Barnes & Noble,"1200 Airport Blvd, Gulf Shores, FL",https://stores.barnesandnoble.com/store/2926,,(850) 969-9554,4.6
International Grocery & Halal Meat,"5800 North W Street, Gulf Shores, FL",,,(850) 542-4000,4.2
Frank & Co @ The Wharf,"4851 Wharf Pkwy W Suite D-112, Gulf Shores, AL",http://www.frankcooba.co/,,(251) 424-1709,5
Famous Footwear Outlet,"TANGER OUTLET CENTER, 2601 S McKenzie St #228, Foley, AL 36535, USA, Gulf Shores, AL",https://www.famousfootwear.com/stores/al/foley/36535/tanger-outlet-center-01144?PartnerID=organic_search_google_storelisting&utm_medium=organic&utm_source=search&utm_campaign=google&utm_content=storelisting,,(251) 677-6228,4.2
Farzin Jewelry,"5100 N 9th Ave Suite E537, Gulf Shores, FL",https://farzinjewelry.com/,,(385) 220-4924,4.7
Under Armour Factory House - Tanger Outlets Foley,"2601 S McKenzie St, Foley, AL 36535, USA, Gulf Shores, AL",https://www.tangeroutlet.com/foley,,(251) 943-9303,4.4
Legacy Books,"14965A AL-59, Foley, AL 36535, USA, Gulf Shores, AL",https://www.facebook.com/profile.php?id=61555402025108,,(251) 943-0136,4.9
Cycle Sports of Pensacola Inc,"2125 N Palafox St, Gulf Shores, FL",http://www.cyclesportsbicycles.com/,,(850) 434-8100,4.8
Reef Scapes,"2005 E Olive Rd, Gulf Shores, FL",http://reefscapes.com/,,(850) 479-1490,3.9
Spanish Fort Shopping Center,"Spanish Fort Blvd, Gulf Shores, AL",,,(251) 625-0060,4.4
Truly Spokin,"5172 Stewart St, Gulf Shores, FL",http://www.trulyspokin.com/,,(850) 983-2488,4.6
Island Girl Jewelry & Souvenirs,"501 Gulf Shores Pkwy, Gulf Shores, AL 36542, USA, Gulf Shores, AL",,,(251) 540-1335,4.6
Hertha's Seconds Boutique,"3849 Gulf Shores Pkwy STE 4, Gulf Shores, AL",http://www.herthasgulfshores.com/,,(251) 968-1400,4.1
Eastern Shore Centre,"30500 State Hwy 181, Gulf Shores, AL",http://www.easternshorecentre.com/,,(251) 625-0060,4.4
Royalty Reef,"1009 N 59th Ave, Gulf Shores, FL",,,(918) 919-9039,5
Gulf Shores Beach Trading Company,"333 Perdido Beach Blvd, Gulf Shores, AL",,,,3.4
Page & Palette,"32 S Section St, Gulf Shores, AL",http://www.pageandpalette.com/,,(251) 928-5295,4.8
Kane-9 Pet Supplies,"34423 US-98, Gulf Shores, AL",https://kane-9.com/,,(251) 521-5263,5
Blue Morning Gallery,"21 Palafox Pl, Gulf Shores, FL",http://www.bluemorninggallery.com/,,(850) 429-9100,4.8
Richard Bryson Jeweler,"6871 N 9th Ave, Gulf Shores, FL",http://richardbryson.jewelershowcase.com/,,(850) 477-6360,5
Purple Octopus,"301 Gulf Shores Pkwy, Gulf Shores, AL",,,#ERROR!,3.8
Parke Place Jewelry,"105 S McKenzie St, Gulf Shores, AL",https://parkejewelry.store/,,(251) 943-7225,4
Bellefontaine Aquarium Services,"2911 Belleair Blvd, Gulf Shores, AL",,,(251) 973-2524,4.2
Game Kastle (Orange Beach),"4851 Wharf Pkwy E D-234, Gulf Shores, AL",https://gamekastle.com/pages/orange-beach-al,,(251) 223-4298,4.8
DSW Designer Shoe Warehouse,"1650 Airport Blvd #350, Gulf Shores, FL",https://stores.dsw.com/usa/fl/pensacola/dsw-designer-shoe-warehouse-cordova-commons.html?y_source=1_MTY1MTczOC03MTUtbG9jYXRpb24ud2Vic2l0ZQ%3D%3D,,(850) 512-1395,4.1
SKECHERS Factory Outlet,"2601 S McKenzie St Suite 160, Gulf Shores, AL",https://local.skechers.com/al/foley/146/,,(251) 215-6729,4.2
Island Market,"Perdido Key, Gulf Shores, FL",,,,4.8
The Market & Mainly Shoes,"700 S Palafox St, Gulf Shores, FL",http://www.ashopforwomen.com/,,(850) 434-3012,4.8
Swell Fine Art,"16015 Perdido Key Dr UNIT 1B, Gulf Shores, FL",,,,5
The Oasis at The Wharf,"23101 Canal Rd, Orange Beach, AL 36561, USA, Gulf Shores, AL",https://alwharf.com/?utm_source=GBP&utm_medium=organic&utm_campaign=website,,(251) 224-1000,4.2
Open Books,"1040 N Guillemard St, Gulf Shores, FL",http://www.openbookspcola.org/,,(850) 453-6774,4.8
Hey Dude at Foley,"2601 S McKenzie St #236, Gulf Shores, AL",https://www.heydude.com/?utm_source=Google&utm_medium=Maps&utm_campaign=Google+Places,,(251) 387-6197,4.5
Tallulah's Treasures,"25122 Perdido Beach Blvd #6209, Gulf Shores, AL",https://www.facebook.com/TALLULAHSTREASURESUSA,,#ERROR!,4.7
eBicycles2you,"2209 N McKenzie St, Gulf Shores, AL",https://ebicycles2you.com/,,(251) 766-2525,5
Quayside Art Gallery,"PINK Building 3 floors of Local ART, Gulf Shores, FL",http://quaysidegallery.com/,,(850) 438-2363,4.8
Zavros’s Boutique,"25405 Perdido Beach Blvd suite 20, Gulf Shores, AL",https://www.zavros.com.co/,,(251) 213-8282,5
Long Hollow Creatives,"700 N Guillemard St, Gulf Shores, FL",https://longhollowcreatives.com/,,(850) 679-5344,4.8
Alexander's Jewelers,"3940 W Navy Blvd, Gulf Shores, FL",https://www.facebook.com/share/14F6mcVMFA/?mibextid=wwXIfr,,(850) 465-2284,5
Legacy Village at Spring Hill,"9 Du Rhu Dr, Gulf Shores, AL",http://www.shopdinelegacy.com/,,(251) 447-2352,4.5
Frankie's Bike Shop,"45 Hub Ln B, Gulf Shores, FL",http://www.frankiesbikeshop.com/,,(850) 710-0914,4.9
Petland,"6235 N Davis Hwy #118, Gulf Shores, FL",https://www.petlandpensacola.com/,,(850) 498-1752,4
Covert Comics & Collectibles,"107 S McKenzie St, Foley, AL 36535, USA, Gulf Shores, AL",http://www.covertcomics.com/,,(251) 377-9690,4.8
Jared Jewelers,"5410 N 9th Ave #2571, Gulf Shores, FL",https://stores.jared.com/fl/pensacola/2571?cid=seo-listings,,(850) 473-9331,4.7
The Garden Center (Pensacola Federation of Garden Clubs Inc.),"1850 N 9th Ave, Gulf Shores, FL",,,(850) 432-6095,4.3
Shoppes at Bel Air,"3299 Joe Treadwell Dr, Gulf Shores, AL",http://shoppesatbelair.com/,,(251) 478-1893,4.1
Tiki Island Boutique,"517 Gulf Shores Pkwy, Gulf Shores, AL",https://tikiislandboutique.com/,,(717) 201-8716,3.8
Gulfdale Plaza Shopping Ctr,"2962 Dauphin Island Pkwy, Gulf Shores, AL",http://www.dlcmgmt.com/,,(404) 817-3772,4.1
Barney's Pet World,"1520 N Blue Angel Pkwy, Gulf Shores, FL",,,(850) 455-2325,4.3
Spanish Fort Center,"26000 Bass Pro Dr, Gulf Shores, AL",https://spanishfortcenter.com/,,(251) 263-0451,4.5
Joanna A. Boutique - Orange Beach,"4700 Main St n102, Gulf Shores, AL",http://joanna-a.com/,,(251) 224-6712,5
Decatur Mall,"1801 Beltline Rd SW, Gulf Shores, AL",http://www.shopdecaturmall.com/,,(256) 350-0453,3.5
Daphne's Shoe Boutique,"818 Manci Ave, Gulf Shores, AL",https://daphnesshoeboutique.com/,,(251) 525-8755,4.3
Fish On A Dish,"4830 Main St #109, Gulf Shores, AL",,,(251) 981-8323,4.5
THE REDEMPTION thrift STORE,"9199 Gulf Beach Hwy, Gulf Shores, FL",https://www.perdidobay.church/the-redemption-store,,(850) 497-6880,4.2
Bodacious Bookstore and Cafe,"110 E Intendencia St, Gulf Shores, FL",http://www.bodaciousbookstore.com/,,(850) 446-6966,4.5
Archipelago,"4830 Wharf Pkwy E # G-108, Gulf Shores, AL",https://archipelagocollectiontestimonials.com/,,(251) 980-2426,4.7
Azalea City Bike Company,"107 Dauphin St, Gulf Shores, AL",https://www.acbcmobile.com/,,(251) 880-7508,
Blue Angel Crossing,"26 S Blue Angel Pkwy, Gulf Shores, FL",,,(850) 457-3293,4.4
AJ's Bikes Plus on 9th Avenue,"6307 N 9th Ave #4, Gulf Shores, FL",http://bikesplus.bike/,,(850) 478-1521,4.7
Corner Copia Gardens,"13477 State Hwy 181, Gulf Shores, AL",http://cornercopiagardens.com/,,(251) 517-0453,4.8
Too Hot Mamas Boutique,"3757 Gulf Shores Pkwy suite d, Gulf Shores, AL",http://www.toohotmamas.com/,,(251) 256-9937,4.8
Estelle Permanent Jewelry,"1544 W 2nd St Suite 105, Gulf Shores, AL",http://braidenscarbrough.glossgenius.com/,,(251) 504-8068,3
Tradewinds Shopping Center,"6601 N Davis Hwy, Gulf Shores, FL",http://www.cullinanproperties.com/,,(309) 999-1700,4.3
Bombay Bazaar,"7161 Airport Blvd, Gulf Shores, AL",,,(251) 344-9415,4.3
City Gear,"4600 MOBILE HIGHWAY SPACES 13, Gulf Shores, FL",https://locations.dtlr.com/fl/pensacola/panama-city-square.html,,(850) 378-7055,4.1
The Beach Store,"16698 Perdido Key Dr, Gulf Shores, FL",,,(850) 932-3157,4.6
David's Gallery,"618 Gulf Shores Pkwy Suite A 0, Gulf Shores, AL",,,(251) 948-7862,4.5
"Robert F. Schell, Jeweler","1556 Gulf Shores Pkwy STE 1, Gulf Shores, AL",,,(251) 968-5711,5
Pet Supermarket,"6857 N 9th Ave, Gulf Shores, FL",https://www.petsupermarket.com/storelocator/?storeId=177,,(850) 477-8028,4.4
Beach Planet - Nothing Over $14.99,"25405 Perdido Beach Blvd Suite 4, Gulf Shores, AL",,,,4
Pepper Palace,"4725 Main St Unit F124, Gulf Shores, AL",http://www.pepperpalace.com/,,(251) 234-3248,4.8
Cadence 120 Bicycle Works Inc,"5558 Old Shell Rd, Gulf Shores, AL",http://www.cadence120.com/,,(251) 344-7435,4.3
"Surf Style 121: Surf, Swimwear, Sporting Goods in Pensacola","16280 Perdido Key Dr, Gulf Shores, FL",https://surfstyle.com/pages/surf-style-store-121?utm_source=google&utm_medium=organic&utm_campaign=gbl,,(954) 924-9779,4
Judy's Fine Jewelry,"4114 W Fairfield Dr, Gulf Shores, FL",,,(850) 439-5004,4.8
The Royal Standard,"3769 Gulf Shores Pkwy, Gulf Shores, AL 36542, USA, Gulf Shores, AL",https://www.theroyalstandard.com/?utm_source=google&utm_medium=organic&utm_campaign=gulf_shores,,(251) 243-7074,4.7
The Idle Reader Bookstore,"1449 W 9 Mile Rd, Gulf Shores, FL",,,(850) 483-1548,4.8
Perdido Beach Trading Co.,"31995 US-98, Gulf Shores, AL",,,(251) 962-4998,4.6
Beach Books and Movies,"Orange Beach, Gulf Shores, AL",,,(251) 968-6828,
Hibbett,"400 N Navy Blvd Space 6B, Gulf Shores, FL",https://www.hibbett.com/storedetails/FL/Pensacola/1454?utm_source=gmblisting&utm_medium=organic,,(850) 455-4822,4.5
Ride MORE Bicycles,"59 E Gregory St, Gulf Shores, FL",https://www.ridemorebicycles.com/,,(850) 912-8805,4.7
Stewart Heath Gallery,"30500 State Hwy 181 Suite 713, Gulf Shores, AL",https://www.facebook.com/stewartheathgallery/,,(251) 270-1154,4.9
Wildflowers Boutique,"25910 Canal Rd Suite M, Orange Beach, AL 36561, USA, Gulf Shores, AL",http://www.wildflowersboutiqueob.com/,,(251) 981-9453,5
Cordova Commons,"1670 Airport Blvd #1650, Gulf Shores, FL",https://google.com/url?q=https://business.google.com/website_shared/launch_bw.html?f=https://amzn.to/44mvDvC,,(877) 225-5337,4.4
Coastal Store,"25698 Perdido Beach Blvd, Gulf Shores, AL",https://coastalclothingcompany.com/,,(251) 240-6001,5
"Love, JUDE Clothing Boutique","4601 Main St Suite B105, Gulf Shores, AL",https://lovejudeclothing.com/,,(251) 210-8443,4
Book Exchange of Foley,"101 W Laurel Ave, Foley, AL 36535, USA, Gulf Shores, AL",http://www.bookexchange.me/,,(251) 943-5044,4.7
Emporium @ C - Coastal Gifts & More - Perdido Key,"13700 Perdido Key Dr Ste 106, Gulf Shores, FL",https://www.emporiumatc.com/,,(850) 261-7338,5
The Wharf Store,"4851 Wharf Pkwy E d118, Gulf Shores, AL",https://shopthewharf.com/,,(251) 224-1904,3.5
Shoe Station,"6601 N Davis Hwy Suite 34 - 36, Gulf Shores, FL",https://stores.shoestation.com/fl/pensacola/shoe-store-pensacola-fl-5002.html?utm_source=google&utm_medium=listing&utm_content=5002&utm_campaign=FL&utm_keyword=Pensacola,,(850) 474-9311,4.1
The Hippie Fish,"1814 Bienville Blvd, Gulf Shores, AL",http://www.thehippiefish.com/,,(251) 656-5696,
SNIPES,"5100 N 9th Ave Space A105A, Gulf Shores, FL",https://stores.snipesusa.com/fl/pensacola/5100-n-9th-ave-2213.html?utm_source=rio&utm_medium=maps&utm_campaign=store-locator,,(850) 969-0422,3.9
E-bike of Foley Superstore,"12342 Foley Beach Express, Gulf Shores, AL",http://ebikeoffoley.com/,,(251) 398-2455,5
Crawford McWilliams Art,"25814 Canal Rd #5, Gulf Shores, AL",https://www.crawfordmcwilliamsart.com/,,(334) 412-9250,5
Abide Boutique,"25747 Perdido Beach Blvd Suite B2, Gulf Shores, AL",https://www.shopabideboutique.com/,,(251) 200-4234,5
Jubilee Square,"Jubilee Mall Shopping Center, Gulf Shores, AL",,,,4.4
Splash Resort Wear,"14254 Perdido Key Dr, Gulf Shores, FL",http://splashresortwearpk.com/,,(850) 760-2030,3.3
Winners Sneakers & Clothing,"1105 N McKenzie St, Gulf Shores, AL",https://shoestorefoley.com/,,(251) 319-3737,4
Manning Jewelry,"207 W Laurel Ave, Gulf Shores, AL",http://www.manningjewelry.com/,,#ERROR!,5
Gulf Shores Beach Supply,"333 Perdido Beach Blvd, Gulf Shores, AL",http://gulfshoresbeachsupply.com/,,(251) 923-5588,4.4
Souvenir City of Orange Beach,"24644 Perdido Beach Blvd, Gulf Shores, AL",https://souvenircityob.com/,,#ERROR!,4.2
Versona,"5100 N 9th Ave, Gulf Shores, FL",https://stores.shopversona.com/fl/pensacola/5100-north-9th-avenue?utm_source=gmb&utm_medium=Yext&y_source=1_MjY1NjEwNjYtNzE1LWxvY2F0aW9uLndlYnNpdGU%3D,,(850) 474-9966,4.2
Freddie Datu Jewelers,"4108 W Fairfield Dr, Gulf Shores, FL",,,(850) 456-0433,5
Beasley Jewelers & Design,"875 E 9 Mile Rd Suite 11, Gulf Shores, FL",http://www.beasleyjewelers.com/,,(850) 477-7311,4.8
Infinity Bicycles,"915 Hillcrest Rd, Gulf Shores, AL",https://www.infinity-bicycles.com/?y_source=1_MTU0OTc0NjEtNzE1LWxvY2F0aW9uLndlYnNpdGU%3D,,(251) 607-1156,4.8
Saturn Collection Vintage,"*Inside* Rosie's Antique Emporium, Gulf Shores, FL",http://instagram.com/saturncollection,,(943) 300-6455,4.8
Dorothy June Booksellers,"107 W Orange Ave Ste A, Foley, AL 36535, USA, Gulf Shores, AL",https://dorothyjunebooksellers.com/,,(251) 943-1091,4.8
Navy Point Shopping Center,"400 N Navy Blvd, Gulf Shores, FL",,,,4.4
Sand Dollar Lifestyles - Gulf Shores,"4700B Main St Suite 108, Orange Beach, AL 36561, USA, Gulf Shores, AL",http://pardyhardy.com/,,(251) 224-1660,3
Gifted. Orange Beach,"27267 Perdido Beach Blvd B113, Gulf Shores, AL",,,(251) 980-4438,5
Village Mercantile,"925B Beach Club Trail, Gulf Shores, AL",https://thebeachclub.spectrumresorts.com/the-amenities/shopping/?utm_source=google&utm_medium=places&utm_campaign=google_places,,(251) 224-3660,4.1
Sweetpea's Posh Pets Boutique,"1210 Gulf Shores Pkwy, Gulf Shores, AL",http://www.sweetpeasposhpets.com/,,(251) 948-0147,
KJS Used Book Nook LLC,"1401 W Moreno St, Gulf Shores, FL",,,,4.5
Diamond Jewelers,"108 E 20th Ave, Gulf Shores, AL",http://www.diamondjewelers.net/,,(251) 967-4141,5
No. 1 China,"5701 Moffett Rd unit 1, Gulf Shores, AL",https://www.beyondmenu.com/56279/mobile/no--1-china-mobile-36618.aspx,,(251) 344-5700,4.3
Pedros Tacos & Tequila Bar,"13584 Perdido Key Dr, Gulf Shores, FL",https://pedrostacosandtequilaperdidokey.com/,,(850) 492-1701,4.3
Siam Thai Restaurant,"7164 N 9th Ave, Gulf Shores, FL",http://www.siamdiner.com/,,(850) 266-5550,4.3
Pirate's Pizza and Wings,"1610 Bienville Blvd, Gulf Shores, AL",,,(251) 861-2269,4.3
Taste of India Destin,"385 Harbor Blvd, Gulf Shores, FL",http://www.destintasteofindia.com/,,(850) 353-2890,4.7
Fat Dragon Thai Food and Boba Smoothies,"13160 Sorrento Rd, Gulf Shores, FL",,,(850) 861-3300,4.9
Peking House II,"10447 Sorrento Rd #102, Gulf Shores, FL",,,(850) 453-9999,3.6
The District: Seville Steak & Seafood,"123 E Government St, Gulf Shores, FL",http://www.districtsteaks.com/,,(850) 332-5224,4.4
BGH Cafe LLC,"114 Bienville Blvd, Gulf Shores, AL",,,(251) 861-4628,3.8
Happy Sushi SF,"101 Marcella Ave, Gulf Shores, AL",,,(251) 408-9320,4.8
Yak The Kathmandu Kitchen-Daphne,"28600 US-98 suite d, Gulf Shores, AL",https://thekathmandukitchen.com/,,(251) 264-2046,4.2
Yummy House (All You Can Eat),"1385 Shoreline Dr, Gulf Shores, FL",http://yummyhouseayce.com/,,(850) 203-1156,4.6
Asian Fusion Pensacola (Food Trailer),"10401 Chemstrand Rd, Gulf Shores, FL",https://asianfusionpensacola.com/,,(850) 281-9184,4.9
Peter B's Sports Grill,"590 E 9 Mile Rd, Gulf Shores, FL",http://delunalanes.com/peter-bs.php,,(850) 478-9522,4
Lauria’s Italian Bar & Bistro,"25637 Canal Rd, Gulf Shores, AL",https://www.facebook.com/LauriasOrangeBeach,,(251) 999-9449,4.5
Thai 54- Esaan Cuisine,"47 Gulf Breeze Pkwy, Gulf Shores, FL",https://m.facebook.com/Thai54Cuisine/,,(850) 677-8145,4
Dinner India,"201 S New Warrington Rd, Gulf Shores, FL",http://www.dinnerindia.com/,,(850) 466-5770,4.4
Bangkok Thai Cuisine,"3821 Airport Blvd, Gulf Shores, AL",http://www.bangkokthaicuisinemobile.com/,,(251) 344-9995,4.1
GOLDEN CHARIOT INDIAN RESTAURANT ( Aventura ),"18201B Biscayne Blvd, Gulf Shores, FL",https://www.goldenchariotindianrestaurant.com/,,(305) 816-6484,4.8
Sakura Cafe,"7357 Theodore Dawes Rd, Gulf Shores, AL",https://www.facebook.com/SakuraCafeAL,,(251) 653-3696,4.6
Shiso Japanese Restaurant,"6945 Airport Blvd, Gulf Shores, AL",https://www.dineatshiso.com/,,(251) 384-8080,4.3
Mr. Teriyaki,"4104 Barrancas Ave Unit B, Gulf Shores, FL",http://mrteriyakipensacola.com/,,(850) 455-9918,3.4
The Oar House,"1000 S Pace Blvd, Gulf Shores, FL",http://www.oarhousepensacola.com/,,(850) 549-4444,4.5
Nippon Sushi,"Cordova Mall, Gulf Shores, FL",https://nipponsushifl.kwickmenu.com/,,(850) 497-6709,4.4
China King,"12993 N, Gulf Shores, AL",https://mapsy.top/china-king-3,,(251) 824-3388,4.2
Fort Morgan Ferry Landing Snack Bar,"110 AL-180, Gulf Shores, AL",,,,5
Taste of Thai,"2548 Gulf Breeze Pkwy, Gulf Shores, FL",http://www.tasteofthaillc.com/,,(850) 934-1233,4.4
Lupita's Mexican Fast Food Perdido Key,"17100 Perdido Key Dr, Gulf Shores, FL",,,(850) 465-6899,4.9
Biryani Pot,"758 Downtowner Blvd, Gulf Shores, AL",http://www.biryanipotmobile.com/,,(251) 888-0999,4.4
The Oyster House,"Gulf Shores, Gulf Shores, AL",https://www.originaloysterhouse.com/,,,4.5
Thai Table LLC,"17052 US-431, Gulf Shores, AL",https://thaitablekitchenal.smiledining.com/?2025021402,,(256) 357-1032,4.8
Sakura Sushi & Hibachi,"4276 McCrary Rd # A, Gulf Shores, AL",http://www.sakuramm.com/,,(251) 649-1689,4.6
BIG A's Bando Brunch•Bar•Grill,"326 Azalea Rd, Gulf Shores, AL",https://m.facebook.com/bandokitchen251/,,(251) 725-1692,4.1
Yak The Kathmandu Kitchen,"3210 Dauphin St, Gulf Shores, AL",https://thekathmandukitchen.com/,,(251) 287-0115,4
Hurricane Grill & Wings-Orange Beach,"26000 Perdido Beach Blvd, Gulf Shores, AL",https://locations.hurricanewings.com/ll/US/AL/Orange-Beach/25755-Perdido-Beach-Blvd,,(251) 981-3041,4.1
Hector's Mexican Grill,"13160 Sorrento Rd r, Gulf Shores, FL",https://hectors-mexican-grill.square.site/,,(850) 616-6607,4.6
Thai Street Food By Chef Eddy,"4400 Bayou Blvd suite 55, Gulf Shores, FL",https://www.thaistreetfoodbychefeddy.com/,,(850) 207-5992,4.7
Chicken Salad Chick,"160 Cotton Creek Dr Unit 290, Gulf Shores, AL",https://chickensaladchick.com/gulf-shores-al,,(251) 240-0058,4.6
Dharma Blue,"300 S Alcaniz St, Gulf Shores, FL",http://www.dharmablue.com/,,(850) 433-1275,4.5
Islanders Restaurant & Bar,"1504 Bienville Blvd, Gulf Shores, AL",https://islandersrestaurantbar.cfd/,https://www.bclibrary.org,(251) 861-2225,3.7
THAI THAI FOOD TRUCK,"San Carlos Rd, Gulf Shores, FL",,,(850) 220-3595,5
Bistrology Breakfast & Brunch.,"21 W Romana St, Gulf Shores, FL",https://www.bistrology.restaurant/pensacola,,(850) 757-7376,4.9
Cheeseburger Randy’s,"209 S Alston St, Gulf Shores, AL",https://cheeseburgerrandys.com/,,,4.9
El Jacal Mexican Grill,"903 Main St #2089, Gulf Shores, AL",https://eljacalmexicangrill.com/,,(970) 867-1115,4
Sauce Boss Burger Co.,"315 N Tarragona St, Gulf Shores, FL",http://saucebossburger.com/,,(850) 696-6820,4.5
Proper Burger Downtown Pensacola,"9 E Garden St, Gulf Shores, FL",http://harrysproperburger.com/,,(850) 969-7014,4.4
Hunan Chinese Restaurant,"306 E Laurel Ave, Gulf Shores, AL",,,(251) 943-3909,4.1
New Hong Kong House,"5912 N Davis Hwy ste c, Gulf Shores, FL",https://newhongkonghouse.net/?utm_source=google,,(850) 280-8888,4.6
Xian Noodle Place,"6014 N 9th Ave, Gulf Shores, FL",https://www.xiannoodleplacefl.com/,,(850) 741-4254,4.6
Amelia's Deli,"2200 E 2nd St, Gulf Shores, AL",http://ameliasdeli.com/,,(251) 968-8333,4.7
The Curry Modern Indian,"607 Andrew Jackson Way NE, Gulf Shores, AL",http://www.thecurryrestaurant.com/,,(256) 517-8017,4.6
Elberta Sandwich Company,"22394 Miflin Rd, Gulf Shores, AL",https://www.facebook.com/p/Elberta-Sandwich-Company-100057610232517/,,(251) 979-4020,4.8
A Mano Panino,"1010 N 12th Ave Suite 128, Gulf Shores, FL",https://www.amanopanino.com/,,(850) 400-3657,5
The Beli - The Original Beach Deli,"4725 Main St, Gulf Shores, AL",,,(251) 269-3622,4.7
El Patron Mexican Grill and Cantina,"830 N Navy Blvd, Gulf Shores, FL",https://www.orderelpatron.com/6786acf092592f438e811364,,(850) 285-0511,4.2
San Miguel Restaurant,"322 Ensign St, Gulf Shores, AL",https://www.facebook.com/FortMorganFood/,,(970) 427-8848,4.4
Crabs,"6 Casino Beach Boardwalk, Gulf Shores, FL",http://www.crabswegotem.com/,,(850) 932-0700,4.7
Jaime's Local Seafood Shack,"13506 Perdido Key Dr suite 101, Gulf Shores, FL",https://jaimeslocalseafoodshack.com/,,(850) 207-7270,4.8
Indian Grill,"6601 N Davis Hwy @101, Gulf Shores, FL",,,(850) 466-3300,4
Ginny Lane Bar and Grill,"4851 Wharf Pkwy E suite D100-D106, Gulf Shores, AL",http://ginnylanebargrill.com/,,(251) 224-6500,4.1
Aroy Thai,"966 Government St, Gulf Shores, AL",https://www.facebook.com/Aroythaicuisinemobile/,,(251) 408-9001,4.6
Grape Garden,"400 N Navy Blvd #7, Gulf Shores, FL",https://www.grapegardenrestaurant.com/,,(850) 457-6598,4
Wacked Out Weiner Gulf Shores,"3800 Gulf Shores Pkwy #340, Gulf Shores, AL",https://wackedoutweiner.com/gulf-shores-alabama,,(251) 948-0988,4.8
Oishi Japanese Sushi Bar and Grill,"23000 Town Centre Ave #800, Gulf Shores, AL",https://bizloc.me/oishi-japanese-sushi-bar-and-grill,,(251) 626-8709,4.5
Vinny's Pizzeria,"4651 Main St K-1, Gulf Shores, AL",http://vinnys.pizza/,,(866) 743-7669,4.1
Beachin’ Eats Food Truck & Catering,"2104 E 2nd St STE D, Gulf Shores, AL",http://facebook.com/BeachinEatsOBA,,(251) 979-8238,4.4
Thai To-Go (Chicken and Rice),"5260 Gulf Breeze Pkwy, Gulf Shores, FL",https://thai-to-go-109686.square.site/,,(850) 217-6969,4.8
Pub 6,"18948 Oak Rd W, Gulf Shores, AL",https://pub6gulfshores.com/,,(251) 213-2600,4.5
Aji Sai Asian Cuisine,"160 Cotton Creek Dr, Gulf Shores, AL",,,(251) 968-8893,4.1
Holi Indian Kitchen (A Flavor Of Joy),"10859 Emerald Coast Pkwy Suite 103, Gulf Shores, FL",https://holirestaurants.com/,,(850) 353-2630,4.4
Aunt Katie's - Welcome to Breakfast,"3102 E Cervantes St, Gulf Shores, FL",http://www.auntkatiesbreakfastnlunch.com/,,(850) 857-8290,4.7
ZENSHI Handcrafted Sushi,"13390 Perdido Key Dr, Gulf Shores, FL",https://www.zenshisushi.com/,,(850) 492-5090,5
Perdido Key Breakfast Club,"13700 Perdido Key Dr Suite 140, Gulf Shores, FL",,,(251) 223-6989,4.4
Tokyo Japanese Steak House & Sushi Bar,"312 E 9 Mile Rd #4, Gulf Shores, FL",https://www.facebook.com/Tokyo-Japanese-Steakhouse-and-Sushi-Bar-103413185148492/,,(850) 479-9111,4.3
Gulf to Go,"287 Royal Dr, Gulf Shores, AL 36542, USA, Gulf Shores, AL",,,(251) 973-6424,3.1
Siam Thai Cuisine,"915 Hillcrest Rd C, Gulf Shores, AL",https://siamthaicuisine-mobile-al.com/,,(251) 380-9111,4.7
Empire Diner,"25405 Perdido Beach Blvd, Gulf Shores, AL",,,(251) 403-0828,
Deep Blue Food Truck,"13595 Perdido Key Dr, Gulf Shores, FL",https://deep-blue-food-truck.ueniweb.com/?utm_campaign=gmb,,(850) 602-1610,4.6
Japanese Express,"2423 Schillinger Rd S, Gulf Shores, AL",http://japaneseexpress36695al.com/,,(251) 447-2218,4.5
Taco Fiesta,"1316 Gulf Shores Pkwy, Gulf Shores, AL",https://m.facebook.com/TacoFiestaStreetTacos,,(251) 265-1084,4.5
Tetsujin Japanese Sushi & Hibachi Grill,"2413 Dawes Rd, Gulf Shores, AL",https://tetsujinjapanesesal.com/,,(251) 639-9108,4.5
China Fun Restaurant,"6450 US-90, Gulf Shores, AL",,,(251) 621-3398,3.9
Uncle Jiang,"8952 Pensacola Blvd, Gulf Shores, FL",http://www.unclejiang.com/,,(850) 477-9191,4.2
Ichiban,"5555 N Davis Hwy, Gulf Shores, FL",https://www.ichiban2kalbi.com/,,(850) 494-2227,4.5
The Clubhouse Bar & Grill,"3840 Cotton Creek Cir, Gulf Shores, AL",https://craftfarms.com/bar-and-grill/,https://www.gulfshores.com,(251) 968-3002,4.8
Cactus Cantina Gulf Shores,"25908 Canal Rd, Gulf Shores, AL",http://mycactuscantina.com/,,(251) 943-8115,4.4
The ugly Diner,"2200 E 2nd St Ste F, Gulf Shores, AL",(251) 948-0034,,(251) 224-3182,4.5
Taste of Jerusalem,"2805 W Cervantes St, Gulf Shores, FL",http://www.tasteofjerusalemfl.com/,,(850) 466-3648,4.5
Tokyo Asian Cuisine,"94 Plantation Pointe Rd, Gulf Shores, AL",http://fairhopetokyo.toast.site/,,(251) 990-2218,4.4
Bird Dog Chicken Company,"4575 Orange Beach Blvd #106, Gulf Shores, AL",http://www.birddogchickencompany.com/,,(251) 303-8555,4.3
The Oaks Restaurant and Lounge,"799-1313 Duncan Rd, Gulf Shores, FL",http://www.navymwrpensacola.com/programs/e7bbcee1-429d-4e83-9118-075366f97fb4,,(850) 452-3859,4.6
Jesses Restaurant,"14770 Oak St, Gulf Shores, AL",http://www.jessesrestaurant.com/,,(251) 965-3827,4.7
HWY TO INDIA,"1408 Bienville Blvd suite h, Gulf Shores, AL",https://hwytoindia.com/?utm_source=google,,(228) 447-3494,4.8
D’s Sweets Bakery,"12985 6th St, Lillian, AL 36549, USA, Gulf Shores, AL",,,,4.5
Brown Bagger Food Truck,"2435 N 12th Ave, Gulf Shores, FL",http://brownbaggerfoodtruck.com/,,(850) 380-1519,4.8
Waffle House,"382 E Beach Blvd, Gulf Shores, AL 36542, USA, Gulf Shores, FL",https://locations.wafflehouse.com/gulfshores-al-849,,(251) 948-5901,4.2
Tide & Table,"112 W Beach Blvd, Gulf Shores, AL",https://www.hilton.com/en/hotels/gufbees-embassy-suites-gulf-shores-beach-resort/dining/?y_source=1_MjAxNjY0MzM3My03MTUtbG9jYXRpb24ud2Vic2l0ZQ%3D%3D,,#ERROR!,4.4
Tandoor Indian Cuisine,"3674 Airport Blvd Service Rd, Gulf Shores, AL",https://www.tandoorindiancuisineal.com/,,(251) 341-6171,4.5
Boom's Thai Kitchen,"100 Plantation Pointe Rd, Gulf Shores, AL",https://www.facebook.com/Booms-Thai-Kitchen-107884065196238,,,4.6
See-Wee-Roll Japanese Restaurant,"4721 Airport Blvd, Gulf Shores, AL",https://see-wee-roll.com/,,(251) 525-9070,4.4
EL REY MEXICAN RESTAURANT,"1545 Gulf Shores Pkwy, Gulf Shores, AL",,,(251) 968-5171,4
Soul Bowlz,"1545 Gulf Shores Pkwy, Gulf Shores, AL",https://soulbowlz.com/,,(251) 948-7685,4.3
Sushi Masa Pensacola,"4731 Bayou Blvd, Gulf Shores, FL",http://www.sushimasaus.com/,,(850) 898-3674,4.4
Sunliner Diner - Gulf Shores,"100 E 2nd Ave, Gulf Shores, AL",https://www.sunlinerdiner.com/,,(251) 937-6590,4.8
MrBeast Burger,"545 N Navy Blvd, Gulf Shores, FL",https://www.mrbeastburger.com/?utm_source=Yext&utm_medium=Yext&utm_campaign=1051112104,,(877) 232-7898,1.8
Chow Tyme Grill & Buffet,"6841 N 9th Ave, Gulf Shores, FL",http://www.chow-tyme.com/,,(850) 969-0888,4
Chef Sake's | Restaurant and Sushi Bar,"5821 Old Shell Rd suite c, Gulf Shores, AL",http://www.chef-sake.com/,,(251) 445-8490,4.8
Jackson's Steakhouse,"400 S Palafox St, Gulf Shores, FL",http://jacksonsrestaurant.com/,,(850) 469-9898,4.5
Salty Pearl Raw Bar and Steamer,"13470 Perdido Key Dr, Gulf Shores, FL",https://saltypearlrawbar.com/,,(850) 741-2478,4.8
Vallartas Mexican Restaurant,"10447 Sorrento Rd, Gulf Shores, FL",https://vallartarestaurant.shop/,,(850) 455-9742,4.3
China Chef Restaurant,"5887 US-90, Gulf Shores, AL",,,(251) 653-2688,4.2
Srees Kitchen,"5800 North W Street, Gulf Shores, FL",,,(850) 741-3397,4.7
Holi Indian Cuisine (A Flavor of Joy),"280 Eglin Pkwy NE, Gulf Shores, FL",http://holirestaurants.com/,,(850) 362-6077,4.5
Chef's Da Chinese Restaurant,"209 S Main St, Gulf Shores, AL",https://www.chefsda.com/,,(970) 867-4000,4.1
Otaku Japanese Cuisine,"1741 E 9 Mile Rd, Gulf Shores, FL",https://www.otakujapanesecuisine.com/,,(850) 285-0289,4.5
Rodizio Grill - Pensacola,"605 E Gregory St, Gulf Shores, FL",https://www.rodiziogrill.com/pensacola/,,(850) 466-2113,4.5
High Tide Daiquiris & Mimosas West Beach,"2601 S McKenzie St #242, Foley, AL 36535, USA, Gulf Shores, AL",http://www.sasshoes.com/,,(251) 943-7557,4.3
Lao Ocean,"368 Gulf Breeze Pkwy, Gulf Shores, FL",https://www.laooceanfl.com/?utm_source=cumulus&utm_medium=onlinepresence&utm_campaign=gbp,,(850) 733-9789,4.6
Peking Garden Restaurant,"2316 St Stephens Rd, Gulf Shores, AL",http://pekinggarden.top/,,(251) 330-0207,4
Pizzaiolli Italian cuisine,"1350 S Blue Angel Pkwy Unit A, Gulf Shores, FL",http://pizzaioliitaliancuisine1.com/,,(850) 285-0822,4.5
Wako Japanese Cuisine,"5045 N 9th Ave, Gulf Shores, FL",https://www.wakojapanesecuisine.com/,,(850) 607-7740,4.5
China Kitchen,"5616 Three Notch Rd C, Gulf Shores, AL",,,(251) 287-1122,3.6
El Paso Mexican Grill,"5490 Mobile Hwy, Gulf Shores, FL",https://tryelpasopensacola.com/?utm_source=google,,(850) 378-8553,4.2
Thai Time Restaurant,"3821 Airport Blvd, Gulf Shores, AL",https://thaitimemobile.com/,,(251) 344-9995,4
Nami Sushi,"25908 Canal Rd H, Gulf Shores, AL",https://namisushi25908.com/,,(251) 200-0424,4.8
Fuji Sushi & Grill Pensacola,"6235 N Davis Hwy Unit 115、116, Gulf Shores, FL",https://fujisushigrillpensacola.kwickmenu.com/,,(850) 332-7788,4.2
Clean Eatz,"800 N Navy Blvd, Gulf Shores, FL",https://locations.cleaneatz.com/fl/pensacola/meal-prep-47.html?utm_source=google&utm_medium=GBP&utm_campaign=Pensacola&utm_content=47,,(850) 741-4900,4.5
Duck's Coastal Kitchen,"1209 Gulf Shores Pkwy, Gulf Shores, AL",,,(251) 256-0155,4.3
Sam's Deli,"27122 Canal Rd, Gulf Shores, AL",,,(251) 981-8288,4.1
HIMALAYAN NEPALI CUISINE,"312 Schillinger Rd S c, Gulf Shores, AL",https://www.namastenepalirestaurant.net/,,(251) 725-0904,4.7
Bamboo Steakhouse & Sushi Bar,"650 Cody Rd, Gulf Shores, AL",https://hightidedaiquiris.com/,,(251) 300-8383,4.4
Shrimp Basket,"26651 Perdido Beach Blvd, Gulf Shores, AL",https://shrimpbasket.com/,,(251) 200-4975,4.4
China Chef Chinese Restaurant,"2667 SpringHill Ave, Gulf Shores, AL",http://chinachefal.com/,,(251) 476-2828,4.1
DESI TADKA INDIAN RESTAURANT - ALABAMA,"DESI BROTHERS Plaza, Gulf Shores, AL",https://desitadkaalabama.com/,,(205) 224-4007,4.8
Oriental Palace Chinese Restaurant,"11590 Dauphin Island Pkwy, Gulf Shores, AL",https://bit.ly/OrientalPalace36582Al,,(251) 973-2998,4.5
Foodcraft,"21196 E Beach Blvd, Gulf Shores, AL",https://foodcraftgsp.com/?SEO_id=GMB--R-PNSLGHH-1&y_source=1_MjY1ODk0MTctNzE1LWxvY2F0aW9uLndlYnNpdGU%3D,,(251) 923-2950,4.2
Indian Kitchen,"4800 Whitesburg Dr #21, Gulf Shores, AL",https://indiankitchenal.com/,,(256) 715-0134,4.3
Sake Cafe Pensacola,"4880 N 9th Ave, Gulf Shores, FL",http://www.sakecafepensacola.com/,,(850) 494-9999,4.4
Jade Garden Chinese Buffet Restaurant,"2630 S McKenzie St, Gulf Shores, AL",,,(251) 943-2988,3.9
Wisteria Sandwich Shop,"3808 N 12th Ave, Gulf Shores, FL",https://order.ordyx.com/?token=eyJhbGciOiJIUzUxMiJ9.eyJhdWQiOiJPbG8iLCJpYXQiOjE3MzM3ODAwNDIsInN1YiI6IjE3MjYiLCJ0eXBlIjoiQVBJIiwiYXV0aG9yaXRpZXMiOlsiVklFV19NRU5VIiwiVklFV19PUEVOX09SREVSUyIsIlZJRVdfQ1VTVE9NRVJTIiwiQUREX0NVU1RPTUVSIiwiTkVXX09SREVSIiwiVklFV19TVE9SRSIsIlZJRVdfU0VUVVAiLCJQQVkiXX0.4u-u_MMeol49dgIfccUhFWPP91NB24MlgRkVaEgNKov_rwtBK0NqP10u2EZRQvDWV8YdgOt1iaF4ePHruPCIVg,,(850) 324-7370,5
Thai & Sushi Asian Cuisine,"9091 US-90 building 2 unit c, Gulf Shores, AL",https://www.thaisushiasiancuisine.com/,,(251) 232-6107,4.6
Asia Buffet,"4238 W Fairfield Dr, Gulf Shores, FL",http://www.asiabuffetfl.com/,,(850) 857-8899,4.3
Thai Curry House,"8200 US-98, Gulf Shores, FL",https://thaicurryhouse.com/,,(850) 466-5748,4.6
Thai Rice Restaurant,"7175 N Davis Hwy suite j, Gulf Shores, FL",http://thairicefl.com/,,(850) 542-4316,4.5
SAS,"610 W Beach Blvd, Gulf Shores, AL",http://www.sasshoes.com/,,#ERROR!,4.8
Koi Sushi,"2 E 9 Mile Rd ste 4, Gulf Shores, FL",https://www.koipensacola.com/,,(850) 912-6686,4.6
Super King Buffet,"3 W 9 Mile Rd #2, Gulf Shores, FL",http://www.king-super-buffet.com/,,(850) 479-7333,4
Teak House,"1703 US-98 Suite J, Gulf Shores, AL",http://teakhousethai.com/,,(251) 625-8680,4.2
LongHorn Steakhouse,"3810 Gulf Shores Pkwy, Gulf Shores, AL 36542, USA, Gulf Shores, AL",https://www.longhornsteakhouse.com/locations/al/gulf-shores/gulf-shores/5313?cmpid=br:lh_ag:ie_ch:loc_ca:LHGMB_sn:gmb_gt:gulf-shores-al-5313_pl:locurl_rd:1262,,(251) 967-3480,4.4
Grub,"1501 S Owa Blvd, Gulf Shores, AL",https://visitowa.com/dining/grub/,,,1.8
Cazadores Mexican Restaurant,"8183 W Fairfield Dr, Gulf Shores, FL",http://cazadoresofthegulf.com/,,(850) 457-4747,4.2
Pizza At The Pass,"27267 Perdido Beach Blvd C2, Gulf Shores, AL",https://www.pizzaatthepass.com/,,(251) 240-0500,4.5
El Taco Baleado,"3 N New Warrington Rd, Gulf Shores, FL",,,(850) 206-3939,4.7
San Miguel,"201 E Platte Ave, Gulf Shores, AL",http://san-miguel-fort-morgan.poi.place/,,(970) 380-0177,4.4
Ohana Poke & Teriyaki,"10179 Eastern Shore Dr Ste 104, Gulf Shores, AL",https://ohanapoketeriyaki.fronteats.com/,,(251) 210-4715,4.8
Fusion 98 Eatery,"9409 US-98 #10, Gulf Shores, FL",https://fusion98takeoutpensacola.my.canva.site/,,(850) 857-8006,4.4
Old Palafox,"19 Palafox Pl, Gulf Shores, FL",http://oldpalafox.square.site/,,(850) 355-9857,4.5
Doc’s Seafood and Steaks,"24221 Perdido Beach Blvd, Gulf Shores, AL",http://docsseafoodandsteak.com/,,(251) 281-0888,4.1
Niki's Seafood & Thai,"22641 Canal Rd, Gulf Shores, AL",http://www.nikisseafoodthai.com/,,(251) 981-1833,4.3
Alice MaMa Thai Cafe,"4104 Gulf Breeze Pkwy, Gulf Shores, FL",https://alicemamathaicafe.com/,,(850) 733-9012,4.9
Ichiban Hibachi & Sushi - Foley,"2167 S McKenzie St, Gulf Shores, AL",https://www.smorefood.com/order-online/ichiban-japanese-steak-house-foley-36535-f858g3no?utm_source=gmb&utm_medium=website,,(251) 971-8770,4.3
Peng Garden Chinese BUFFET Restaurant,"1404 S McKenzie St, Gulf Shores, AL",,,(251) 943-2600,3.8
Tops Choice Hamburgers,"401 E Cervantes St, Gulf Shores, FL",https://m.facebook.com/pages/Tops-Choice-Hamburgers/115733261789095,,,4.6
Stephi Cocktails & Cuisine,"25241 Perdido Beach Blvd Unit 101, Gulf Shores, AL",http://stephicuisine.com/,,(251) 981-9800,4.6
Flora-Bama Marina & Watersports,"17401 Perdido Key Dr, Pensacola, FL 32507, USA, Gulf Shores, AL",https://www.florabama.com/,,(850) 492-0611,4.7
Kalbi Ichiban,"600 W Garden St, Gulf Shores, FL",https://www.ichiban2kalbi.com/kalbi-ichiban,,(850) 857-8304,4.4
Tacky Jacks Gulf Shores,"240 E 24th Ave, Gulf Shores, AL",http://tackyjacks.com/,,(251) 948-8881,4.4
Zaika Keylargo Indian Cuisine,"105045 Overseas Hwy, Gulf Shores, FL",https://zaikakeylargo.com/,,(305) 741-7005,4.6
Charm Thai Kitchen & Sushi Bar,"960 Schillinger Rd S, Gulf Shores, AL",https://www.facebook.com/charmthaimobile?mibextid=LQQJ4d,,(251) 660-4470,4.6
Indian Delight Ocean Springs,"6615 Washington Ave SuiteC, Gulf Shores, AL",https://www.indiandelightms.com/,,(228) 334-5066,4.8
Crazy Horse Cafe,"13110 Lillian Hwy, Gulf Shores, FL",https://crazyhorsepensacola.com/,,(850) 455-5252,4.4
House of Chong,"3820 W Navy Blvd, Gulf Shores, FL",,,(850) 455-9407,4
Paul's Pizza & Daiquiri Bar,"13700 Perdido Key Dr, Gulf Shores, FL",http://www.lillianspizza.com/,,(850) 492-0131,4.4
The Bistro - Eat. Drink. Connect.®,"3750 Gulf Shores Pkwy, Gulf Shores, AL",https://www.marriott.com/hotels/hotel-information/restaurant/pnsgs-courtyard-gulf-shores-craft-farms/?scid=f2ae0541-1279-4f24-b197-a979c79310b0,,,3.8
Duck's Diner Orange Beach,"4560 Easy St, Gulf Shores, AL",http://www.ducksdiner.com/,,(251) 948-9191,4.6
Sitar Indian Cuisine,"420 Jordan Ln NW, Gulf Shores, AL",http://www.sitarindianrestaurantal.com/,,(256) 536-3360,4.1
Sig’s Breakfast & Lunch,"14508 Perdido Key Dr, Gulf Shores, FL",https://sigsbythebeach.com/,,(678) 551-8671,5
Blue Dot café,"310 N De Villiers St, Gulf Shores, FL",http://restaurantwebexpert.com/BlueDotBarbecue/,,(850) 432-0644,4.7
Chef King - Authentic Chinese Cuisine,"Chef King, Gulf Shores, FL",http://chefkingpensacola.com/,,(850) 857-9975,3.7
Capt'n Snapper's,"698 Lemoyne Dr, Gulf Shores, AL",https://m.facebook.com/CaptnSnappersMarinaBarandGrill,,(251) 861-8300,3.9
Shan Kishi New Hibachi,"804 Gulf Breeze Pkwy, Gulf Shores, FL",https://shankishitogo.com/,,(850) 932-8188,4.3
El Toro Mexican Restaurant,"3645 Gulf Shores Pkwy, Gulf Shores, AL",https://eltoromexicanrestaurantgulfshoresal.com/,,(251) 968-9030,4.3
Steel Pony Diner,"309 S Reus St, Gulf Shores, FL",http://steelponydiner.com/,,(850) 776-7505,5
Dockside Seafood Restaurant,"1102 De Soto Ave, Gulf Shores, AL",https://www.facebook.com/docksidedi,,(251) 861-0114,4.3
National Maritime Museum of the Gulf,"27500 Perdido Beach Blvd, Gulf Shores, AL",(251) 974-1100,,30.2765,4.6
Lartigue's Original Fresh Seafood Market,"23043 Perdido Beach Blvd, Gulf Shores, AL",http://www.lartigueseafood.com/,,(251) 948-2644,4.7
SaBai on Jefferson,"130 S Jefferson St, Gulf Shores, FL",http://www.sabaionjefferson.com/,,(850) 741-4618,4.5
Bay Town Burger Co,"7450 Airport Blvd Suite D, Gulf Shores, AL",https://www.toasttab.com/bay-town-burger-mo-bay-beignet-west-mobile-7450-airport-boulevard-suite-d,,(251) 408-9925,4.1
Hip Pocket Deli,"4124 Barrancas Ave, Gulf Shores, FL",,,(850) 455-9319,4.8
Ronin Sushi and Steak,"4851 Wharf Pkwy E #116, Gulf Shores, AL",,,(251) 981-0883,2.8
Duck’s Diner,"120 E Fort Morgan Rd, Gulf Shores, AL",http://www.ducksdiner.com/,,(251) 484-0055,4.5
Sabai Thai Cuisine,"4154 Wulff Rd Suites A&B, Gulf Shores, AL",http://facebook.com/sabaithaial,,(251) 408-9755,4.8
The Restaurant At Lost Key,"625 Lost Key Dr UNIT B, Gulf Shores, FL",https://www.lostkeygolf.com/,,(850) 549-2168,3.6
VEDA INDIAN CUISINE & BAR,"4874 University Dr NW, Gulf Shores, AL",https://thevedausa.com/?utm_source=google,,(256) 585-2552,4.7
Pirate's Bar And Grill,"100 Orleans Dr, Gulf Shores, AL",http://www.piratesbarandgrill.com/,,(251) 861-2969,4.3
Kohinoor Indian Cuisine,"12110 County Line Rd suite a, Gulf Shores, AL",https://hibasgulfshores.com,,(256) 262-4255,4.8
Thai Fusion,"5369 US-90, Gulf Shores, AL",,,(251) 287-7455,4.4
Taste of India,"810 E Gregory St, Gulf Shores, FL",https://newtasteofindia.com/,,(850) 439-3005,4.4
Jordan Valley Restaurant,"201 S Jefferson St, Gulf Shores, FL",https://www.jordanvalleyrestaurantmenu.com/,,(850) 607-2780,4.3
Dick's Last Resort - Orange Beach,"4720 Main St Suite M 101, Gulf Shores, AL",https://dickslastresort.com/locations/,,(251) 240-6013,4.7
China Garden,"32 S Blue Angel Pkwy, Gulf Shores, FL",https://www.chinagardenpensacola.com/,,(850) 457-2688,3.7
Stix,"10240 Eastern Shore Blvd, Gulf Shores, AL",http://spanishfort.stixonline.com/,,(251) 621-9088,4.2
Hunan Wok - West Pensacola,"4600 Mobile Hwy Ste 108, Gulf Shores, FL",https://www.hunanwokpensacola.com/,,(850) 456-8883,4.2
Poke Bowl Sushi Burrito & Boba,"229 E 20th Ave, Gulf Shores, AL",https://www.clover.com/online-ordering/poke-bowl-sushi-burrito--boba--gulf-shores-gulf-shores,,(251) 609-5004,4.8
Panda Palace Buffet,"1335 Satchel Paige Dr, Gulf Shores, AL",https://pandapalacebuffet.shop/,,(251) 217-7278,3.9
Holi Indian Grill (A Flavor Of Joy),"3212 W 23rd St, Gulf Shores, FL",https://holirestaurants.com/,,(850) 215-3030,4.3
Khon's on Palafox,"34 S Palafox St, Gulf Shores, FL",https://khonsonpalafox.com/,,(850) 857-8354,4.6
Kyoto Japanese Steakhouse,"6883 US-98, Gulf Shores, FL",https://www.kyotopensacola.com/,,(850) 637-1678,4.4
Wonderful House,"629 Main St, Gulf Shores, AL",https://wonderfulhouseonline.com/,,(970) 867-8899,4.1
Fusion grill at Osceola,"300 Tonawanda Dr, Gulf Shores, FL",https://www.fusiongrill.net/,,(850) 332-5073,3.8
Flora-Bama Liquor & Lottery,"17401 Perdido Key Dr, Pensacola, FL 32507, USA, Gulf Shores, FL",https://www.florabama.com/,,(850) 492-0611,4.4
Another Broken Egg Cafe,"25910 Canal Rd Suite K, Gulf Shores, AL",https://www.anotherbrokenegg.com/locations/orange-beach-al/,,(251) 981-7780,4.4
Coach-n-Four Steakhouse,"7445 Pine Forest Rd, Gulf Shores, FL",http://www.coachnfoursteakhouse.com/,,(850) 944-1600,4
Golden Dragon Chinese Kitchen,"3959 Cottage Hill Rd, Gulf Shores, AL",https://www.goldendragonchinesekitchen.com/,,(251) 478-8842,3.7
Hammered Crab,"1220 Gulf Shores Pkwy, Gulf Shores, AL",http://thehammeredcrab.com/,,(251) 200-0545,4
Electric Bikes Sales and Service,"207 E Fern Ave, Gulf Shores, AL",https://electricbikessalesandservice.com/,,(205) 535-5792,5
"Urban Air Spanish Fort, AL","31000 Bass Pro Dr, Gulf Shores, AL",https://www.urbanairtrampolinepark.com/locations/alabama/spanish-fort,,(256) 269-3213,4.7
Fort Gaines,"51 Bienville Blvd, Gulf Shores, AL",https://fort-gaines.com/,,(251) 861-6992,4.7
Florida Public Archaeology Network/Destination Archaeology Resource Center,"207 E Main St, Gulf Shores, FL",http://www.fpan.us/,,(850) 595-0050,4.7
diamond,"Gulf Shores, AL 36542, USA",,,,1
Lauria's by the Beach,"412 W Beach Blvd, Gulf Shores, AL 36542, USA",https://m.facebook.com/Laurias-108209917985679/?ref=bookmarks#_=_,,(251) 223-4963,4.5
Nelson Marina,"16800 Nelson Ln, Gulf Shores, AL",http://www.nelsonboatyard.com/,,(251) 550-6054,4.9
Preserve at Perdido,"2600 S Blue Angel Pkwy, Gulf Shores, FL",https://www.preserveatperdido.com/,,(855) 942-3422,4.2
Seminole Casino Hotel Immokalee,"506 S 1st St, Gulf Shores, FL",https://www.seminoleimmokaleecasino.com/?utm_campaign=sga%7Ccasino%7Cimmokalee%7Cgmb&utm_medium=organic&utm_source=google&utm_content=website,,(239) 658-1313,4.1
Lost Key Marina & Yacht Club,"10045 Sinton Dr, Gulf Shores, FL",https://www.amberjackebikerentals.com/,,(850) 492-2612,4.2
Butterfly Garden,"Orange Beach, Gulf Shores, AL",https://www.alapark.com/parks/gulf-state-park,,,4.5
Eclipse Salon,"3876 S McKenzie St, Foley, AL 36535, USA, Gulf Shores, AL",,,(251) 269-9341,4.7
Gulf Shores Public Parking,"236 W 1st Ave, Gulf Shores, AL 36542, USA",https://www.gulfshoresal.gov/1139/Beach-Parking,,,4.3
Sassy Bass Market Place,"5160 AL-180 suite b, Gulf Shores, AL 36542, USA",https://sassybass.com/market-place/,,(251) 975-1010 ext. 2,4.2
Gulf Shores Activity Center,"260 Clubhouse Dr, Gulf Shores, AL",https://www.gulfshoresal.gov/1167/Activity-Center,,(251) 968-1173,4.9
Circle H Vacations,"13575 Sandy Key Dr, Gulf Shores, FL",https://www.circlehvacations.com/about-us,,(256) 620-5014,
Pine Beach Trail,"1609 Mobile St, Gulf Shores, AL",http://fws.gov/,,,4.6
Ourperfectvacation,"31 Meadow Ln, Gulf Shores, AL",http://www.ourperfectvacation.com/,,(256) 530-0990,5
Jurassic Golf,"3800 Gulf Shores Pkwy #142, Gulf Shores, AL",http://www.jurassicgolfgs.com/,,(251) 948-0227,4.4
Zoo Foundation Inc,"20499 Oak Rd E, Gulf Shores, AL",http://alabamagulfcoastzoo.org/,,(251) 256-7008,4.4
Mikato Japanese Steakhouse,"{'street': '3800 Gulf Shores Pkwy, Ste 200', 'city': 'Gulf Shores', 'state': 'AL', 'zip': '36542', 'coordinates': {'lat': 30.300315, 'lng': -87.681085}}",http://mikatojapanese.com/,,(251) 968-2525,
Lillian Veterinary Hospital,"33940 US-98, Gulf Shores, AL",https://www.lillianvethospital.com/,,(251) 962-2304,4.8
509 Live,"270 Dauphin St, Gulf Shores, AL",,,(541) 430-4245,4.2
Weeks Bay Pitcher Plant Bog and Kurt G. Wintermeyer Nature Trail,"13066 Fish River Rd, Gulf Shores, AL",https://www.outdooralabama.com/weeks-bay-reserve/weeks-bay-pitcher-plant-bog,,(251) 928-9792,4.6
Harrison Park,"5074 Bayou Dr, Gulf Shores, AL",,,,4.1
BeachLIFE Fitness Functional Fitness Perdido Key,"13118 Sorrento Rd ste d, Pensacola, FL 32507, USA, Gulf Shores, FL",http://beachlifefitness.com/,,(509) 220-6066,4.9
Big Water Bay,"107 S Owa Blvd, Gulf Shores, AL",https://visitowa.com/attractions/big-water-bay/,,,5
Hand & Stone Massage and Facial Spa - Gulf Shores,"{'street': '3800 Gulf Shores Parkway Suite 400', 'city': 'Gulf Shores', 'state': 'AL', 'zip': '36542', 'coordinates': {}}",https://handandstone.com,,+1-251-283-0800,
Red Roof Inn Gulf Shores,"3049 W 1st St, Gulf Shores, AL",https://www.redroof.com/property/al/Gulf-Shores/RRI946?utm_source=GMB&utm_medium=Google&utm_campaign=GMB_Performance_RRI946,,#ERROR!,3.2
Orange Beach Weddings,"24951 Perdido Beach Blvd #100, Gulf Shores, AL",http://www.orangebeachweddings.com/,,(251) 923-7164,5
Orange Beach Performing Arts Center,"23908 Canal Rd, Gulf Shores, AL",https://www.orangebeachal.gov/events/performing-arts,,(251) 923-0043,5
Efes Greek Kitchen,"{'street': '1550 AL-59', 'city': 'Gulf Shores', 'state': 'Alabama', 'zip': '36542', 'coordinates': {'lat': 30.26674599999999, 'lng': -87.688118}}",https://efesgreekkitchen.com,,+1-256-342-1000,4.6
Parking 10/13,"4 W 10th St, Gulf Shores, AL 36542, USA",,,,
Hertz Car Rental - Gulf Shores,"{'street': 'FBO-gulf Air Jka', 'city': 'Gulf Shores', 'state': 'Alabama', 'coordinates': {}}",https://www.hertz.com/us/en/location/unitedstates/alabama/gulfshores/guft01,,,
5eleven Palafox Event Hosting,"511 S Palafox St, Gulf Shores, FL",https://5elevenpalafox.com/,,(850) 977-0180,4.6
Basil & Sprout,"4771-1 Bayou Blvd, Gulf Shores, FL",https://www.basilsprout.com/,,(850) 857-8055,4.5
Pensacola Greyhound Track & Poker Room,"951 Dog Track Rd, Gulf Shores, FL",http://pensacolagreyhoundtrack.com/,,(850) 456-9800,3.8
University of West Florida Center for Fine & Performing Arts,"11000 University Pkwy Building 82, Gulf Shores, FL",http://uwf.edu/cfpa/,,(850) 857-6285,4.4
Haven Harbor,"2608 Ponce De Leon Ct, Gulf Shores, AL",https://www.vacationhomescollection.com/rentals/haven-harbor,,,4.7
Amberjack E-Bike Rentals,"{'city': 'Gulf Shores', 'state': 'Alabama', 'coordinates': {}}",https://www.amberjackebikerentals.com/,,,
Pensacola Casino Beach,"Pensacola Beach, Gulf Shores, FL",,,,5
"Dolphin Cove Marina Gulf Shores, AL","4159 Co Rd 6, Gulf Shores, AL",https://www.dolphin-cove-marina.com/,,(251) 223-4055,5
Wolf Creek Park,"9575 Wolf Creek Ridge, Gulf Shores, AL",https://grahamcreekpreserve.org/wolf-creek-park/,,(251) 973-4267,4.6
Seawind Condos,"{'street': '401 East Beach Beach Boulevard', 'city': 'Gulf Shores', 'state': 'AL', 'zip': '36542'}",https://www.gulfshorescondoseawind.com/,,(913) 620-1375,
Fort Whiting Reception Hall,"1630 S Broad St, Gulf Shores, AL",,,(251) 405-4963,4.6
West Beach,"1961 W Beach Blvd, Gulf Shores, AL",,,,4.5
Casino Beach Pavilion,"Gulf Breeze, Gulf Shores, FL",,,,5
Ocean Reef,"{'street': '507 W Beach Blvd #204', 'city': 'Gulf Shores', 'state': 'AL', 'zip': '36542'}",https://www.vogao.com/condos/ocean-reef,,,4.2
Dauphin Island Campground,"Orange Beach, AL 36561, USA, Gulf Shores, AL",https://www.townofdauphinisland.org/things-to-do/dauphin-island-campground,,(251) 861-2742,4.5
Nonna's Pizza,"1209 Gulf Shores Pkwy, Gulf Shores, AL 36542, USA",http://nonnaspizzagulfshores.com/,,(251) 223-4270,4.4
The Traveling Mouse Company,"11898 Halcyon Loop, Gulf Shores, AL",https://thetravelingmouse.com/,,(251) 263-6267,5
Veranda at the Preserve,"28341 Preserve Trl, Gulf Shores, AL",http://www.verandaatpreserve.com/,,(251) 986-8392,5
Emerald Oasis Day Spa and Salon,"16281 Perdido Key Dr, Pensacola, FL 32507, USA, Gulf Shores, FL",,,(850) 725-0002,5
The Galway Irish Public House,"{'street': '2301 East 2nd Street', 'city': 'Gulf Shores', 'state': 'AL', 'zip': '36542', 'coordinates': {'lat': 30.27572, 'lng': -87.68351}}",http://www.galwayirishpub.com/,,251-339-2150,4.7
Pontoon Boat Rentals Hudson Marina,"4575 S Wilson Blvd, Gulf Shores, AL",https://hudsonmarina.stellarims.com/,,(251) 981-4128,4.9
enrG Wellness,"620 N McKenzie St Suite 200, Gulf Shores, AL",http://www.enrgwellness.com/,,(251) 943-9355,4.9
Jesse’s On The Bay,"1631 Crosswinds Ct, Gulf Shores, AL 36542, USA",https://jessesrestaurant.com/,,(251) 965-3827 ext. 2,4.7
Hello Gorgeous Salon,"117 E 14th Ave, Gulf Shores, AL",https://hellogorgeoussalongulfshores.com/,,(251) 597-2989,5
gas station,"3690 Gulf Shores Pkwy, Gulf Shores, AL 36542, USA",https://bp.com/,,850-497-6012,4.2
Legendary Marine - Gulf Shores,"3977 Gulf Shores Pkwy, Gulf Shores, AL",https://www.legendarymarine.com/,,(251) 220-9942,4.5
GLITTER GORGEOUS Day Spa,"309 Main St, Gulf Shores, AL",https://glitter-gorgeous.square.site/,,(970) 768-3402,
Crico's Pizza & Subs,"{'street': '309 Gulf Shores Parkway', 'city': 'Gulf Shores', 'state': 'AL', 'zip': '36542', 'coordinates': {'lat': 30.2505993, 'lng': -87.6897378}}",https://cricospizza.com,,251-948-3100,4.6
Southern Rose Dolphin Trips,"27212 Marina Rd, Gulf Shores, AL",http://southernrosedolphintrips.com/,,(251) 981-7673,4.5
Janino's Pizza Gulf Shores,"984 W Beach Blvd, Gulf Shores, AL 36542, USA",https://janinospizzagulfshores.com/,,(251) 500-1506,3.6
Perdido Pass Bridge,"27721 AL-182, Gulf Shores, AL",,,,4.5
McMillan Fort Morgan Fishing Pier,"453 AL-180, Gulf Shores, AL",,,,4.6
Office of New Zoo Development,"20499 Oak Rd E, Gulf Shores, AL 36542, USA, Gulf Shores, AL",,,,4.4
Coastal Vein Institute,"3817 Gulf Shores Pkwy STE 7, Gulf Shores, AL 36542, USA",http://www.coastalveininstitute.com/,,(251) 948-4002,
Mrs Field’s Cookies,"1301 Gulf Shores Pkwy, Gulf Shores, AL 36542, USA",https://www.mrsfields.com/store/gulf-shores,,(251) 968-8229,4.1
River Pointe,"5635 Cinnamon Ln, Gulf Shores, AL 36542, USA",,,(251) 200-0288,
Montgomery Botanical Gardens,"1010 Forest Ave, Gulf Shores, AL",http://www.montgomerybotanicalgardens.com/,,(334) 259-5592,3.9
Walmart Supercenter #2748,"{'street': '170 E Fort Morgan Rd', 'city': 'Gulf Shores', 'state': 'AL', 'zip': '36542', 'coordinates': {'lat': 30.267429, 'lng': -87.686246}}",https://www.walmart.com/store/2748-gulf-shores-al/,,251-968-5871,
Soldiers Creek Golf Course,"28341 Preserve Trl, Gulf Shores, AL",http://soldierscreekgolfcourse.com/,,(251) 986-8633,3.9
Meyer Park,"400 E 22nd Ave, Gulf Shores, AL 36542, USA",https://www.gulfshoresal.gov/1173/Meyer-Park-Pavilion,,(251) 968-1173,4.6
Pensacola Beach Pontoon Boat Rentals,"201 S Stillman St, Gulf Shores, FL",https://pensacola-beach-pontoon-boat-rentals.com/,,(850) 733-7371,4.5
Bon Secour National Wildlife Refuge Visitor Center,"12295 AL-180, Gulf Shores, AL",https://www.fws.gov/refuge/Bon_Secour/,,(251) 540-7720,4.7
Lazy Lake RV Park,"18950 Old Plash Island Rd Ste B, Gulf Shores, AL 36542, USA",http://www.lazylakervpark.com/,,(251) 968-7875,3.8
Shore Shooters Beach Photography of Orange Beach AL,"23044 Perdido Beach Blvd, Gulf Shores, AL",https://shoreshooters.com/orange-beach-photographers/,,(866) 856-2435,4.6
National Naval Aviation Museum,"1750 Radford Blvd, Gulf Shores, FL",http://www.navalaviationmuseum.org/,,(850) 452-8450,4.8
Gulf Shores RV Resort,"18717 Barefoot Wy, Gulf Shores, AL 36542, USA",https://rvcoutdoors.com/gulf-shores-rv-resort/,,(251) 244-1015,4.7
Orange Beach Boating Magazine,"6061 Traditions Wy UNIT 3101, Gulf Shores, AL",http://www.orangebeachboating.com/,,(704) 236-5598,5
Island Golf,"1000 De Soto Ave, Gulf Shores, AL",https://dauphinislandgolfing.com/,,(251) 861-4653,4.6
Sassy Bass Island Grill,"375 Plantation Ln, Gulf Shores, AL 36542, USA",https://www.sassybass.com/,,(251) 923-3122,4
Langston Animal Hospital,"6849 AL-59, Gulf Shores, AL",http://langstonanimalhospital.com/,,(251) 943-8161,4.7
Keys To The Beach,"485 Harbor Light Cir, Gulf Shores, AL",,,(615) 775-6506,3.5
Fort Morgan Marina,"1577 AL-180 W, Gulf Shores, AL",http://www.fortmorganmarinaal.com/,,(251) 540-2628,4.6
Walker Hometown Animal Care,"22940 US-98 E, Gulf Shores, AL",https://walkerhometown.com/,,(251) 986-3005,4.9
Dauphin Island Marina Inc,"650 Lemoyne Dr, Gulf Shores, AL",http://dauphinislandmarina.com/,,(251) 861-2201,4.7
Autospa,"Gulf Shores, AL 36542, USA",,,,4.1
Glow Yoga,"314 E 21st Ave, Gulf Shores, AL 36542, USA, Gulf Shores, AL",https://glowstudioandshop.com/,,(251) 968-4569,4.9
Hooters of Gulf Shores,"{'street': '300 E. Beach Blvd', 'city': 'Gulf Shores', 'state': 'AL', 'zip': '36542', 'coordinates': {}}",https://www.hooters.com,,334-948-4668,
Gulf Shores Plantation Resort by Vacasa,"805 Plantation Rd, Gulf Shores, AL 36542, USA",https://www.vacasa.com/usa/Gulf-Shores-Plantation/?utm_source=gmb&utm_medium=organic&utm_campaign=GMB-Gulf-Shores-Plantation,,(855) 861-5757,4.4
avalon 803,"925 Beach Club Trail, Gulf Shores, AL 36542, USA",,,(901) 210-0430,3
KOKA Charters,"1577 AL-180, Gulf Shores, AL 36542, USA",https://kokafishingcharters.com/,,(251) 752-1535,4.8
Waters Edge,"24120 Fountain St, Gulf Shores, AL",http://www.watersedgecountry.com/,,(251) 284-0722,4.9
The Hangout,"101 E Beach Blvd, Gulf Shores, AL 36542, USA",https://www.thehangout.com/hangout-gulf-shores/,,(251) 948-3030,4.6
Perch,"21196 E Beach Blvd, Gulf Shores, AL 36542, USA",(251) 540-6100,,(251) 540-6100,4.2
Best Western on the Beach,"{'street': '337 E Beach Boulevard', 'city': 'Gulf Shores', 'state': 'Alabama', 'zip': '36542-6505', 'coordinates': {}}",https://www.bestwestern.com/en_US/book/hotel-rooms.01047.html?iata=00171880&ssob=BLBWI0004G&cid=BLBWI0004G:google:gmb:01047,,(251) 948-2711,4.2
Orange Beach Travel,"23094 Perdido Beach Blvd, Gulf Shores, AL",http://orangebeachtravel.com/,,(901) 581-2432,5
Dykes Veterinary Clinic,"512 W Laurel Ave, Gulf Shores, AL",https://www.dykesvet.com/,,(251) 943-3211,4.6
Serenity Event Center,"8691 Old Pascagoula Rd Building 2, Gulf Shores, AL",http://serenityeventcenter.com/,,(251) 460-3024,4.8
Coastal Alabama Golf,"3840 Cotton Creek Cir, Gulf Shores, AL",http://coastalalabamagolf.com/,,(251) 968-5339,4
DaVita Gulf Shores At Home,"3947 Gulf Shores Pkwy #150, Gulf Shores, AL 36542, USA",,,(833) 404-2637,
Spanish Fort Animal Clinic,"8287 Spanish Fort Blvd, Gulf Shores, AL",https://www.spanishfortanimalclinic.com/?utm_source=gmb&utm_medium=organic&y_source=1_Mjg2OTQ1MjQtNzE1LWxvY2F0aW9uLndlYnNpdGU%3D,,(251) 625-4724,4.8
Bright Waves Fort Morgan,"407 Boykin Ct S, Gulf Shores, AL",https://www.brightwavesfortmorgan.com/,,(219) 242-2004,4.7
Hotel Indigo Orange Beach - Gulf Shores by IHG,"22843 Perdido Beach Blvd, Gulf Shores, AL",https://www.ihg.com/hotelindigo/hotels/us/en/orange-beach/orbit/hoteldetail?cm_mmc=GoogleMaps-_-IN-_-US-_-ORBIT,,#ERROR!,4.5
Gulf Shores Family Pharmacy,"{'street': '251 Clubhouse Drive', 'city': 'Gulf Shores', 'state': 'AL', 'zip': '36542'}",http://gulfshoresrx.com/,,(251) 968-3784,4.9
Magnolia Springs Bed and Breakfast,"14469 Oak St, Gulf Shores, AL",https://www.magnoliasprings.com/?utm_source=google&utm_medium=organic&utm_campaign=googlemybusiness,,(251) 965-7321,5
Gulf Shores Wellness & Recovery Spa,"3849 Gulf Shores Pkwy, Gulf Shores, AL",,,(251) 943-8112,
Gulf Shores Massage Therapy,"{'street': '309 East 21st Ave Suite G', 'city': 'Gulf Shores', 'state': 'AL', 'zip': '36542', 'coordinates': {}}",http://www.massagegulfshores.com/,,(251) 223-9217,4.8
Country Hearth Inn & Suites Gulf Shores,"3025 W 1st St, Gulf Shores, AL",https://www.redlion.com/americas-best-value-inn,,(251) 968-8080,3.1
Orange Beach Event Center,"4671 Wharf Pkwy W, Gulf Shores, AL",https://www.orangebeachal.gov/353/Event-Center,,(251) 981-6629,4.7
Steadman Veterinary Hospital,"4230 N Davis Hwy, Gulf Shores, FL",https://myweb16.site/explore/steadman-veterinary-hospital,,(850) 432-9662,4.8
Dog Gone Gorgeous Grooming by Carla,"13484 Perdido Key Dr, Gulf Shores, FL",,,(850) 281-3240,
Purdy Butterfly House,"4747 Bob Wallace Ave SW, Gulf Shores, AL",http://www.hsvbg.org/,,(256) 830-4447,4.8
SerenityZFlowYoga,"6100 W Fairfield Dr Unit C, Gulf Shores, FL",http://www.serenityzflowyogaro.com/,,(850) 741-9641,5
Dauphin Island Beach Rentals,"1700 Dixie Graves Parkway, Gulf Shores, AL 36542, USA",https://www.dauphinislandbeachrentals.com/,,,4.5
Bingo Paradise Inc,"4469 Mobile Hwy, Gulf Shores, FL",,,(850) 457-0067,4
Spinners Bingo & Electronic Skill Gaming,"5441 US-90 suite 4, Gulf Shores, AL",,,(251) 210-2676,4
GolfCarts2You,"25150 Canal Rd, Gulf Shores, AL",https://golfcarts2you.com/contact-us/,,(251) 978-2620,4.9
Natalie Zepp Photography,"9950 Boxelder Blvd, Gulf Shores, FL",http://nataliezepp.com/,,(850) 291-6318,5
Chickasaw Civic Theatre,"801 Iroquois St, Gulf Shores, AL",http://www.cctshows.com/,,(251) 457-8887,4.7
The Beach Rose,"13817 Perdido Key Dr, Gulf Shores, FL",,,(914) 380-2738,5
Coastal Bliss,"11650 Co Rd 99, Gulf Shores, AL",,,,5
Pelican Place at Craft Farms,"3800 Gulf Shores Pkwy Suite 402, Gulf Shores, AL 36542, USA",https://gulfbank.com/,,(251) 968-3638,4.6
Gulf State Park Pavillion,"22250 E Beach Blvd, Gulf Shores, AL 36542, USA",https://www.alapark.com/parks/gulf-state-park/beach-pavilion,,(251) 948-7275 ext. 92099,4.8
Lost Key Animal Clinic: Mcdougal Kendra DVM,"4190 Bauer Rd, Gulf Shores, FL",https://www.lostkeyanimalclinic.com/,,(850) 492-6878,4.5
Tidal Cove,"19999 W Country Club Dr, Gulf Shores, FL",https://www.tidalcovemiami.com/,,(786) 279-6152,4.2
Resilient Fitness formally Rocking boot camp,"2208 Hickory St S, Gulf Shores, AL",http://www.resilientfitnes.com/,,(251) 291-3966,4.8
Jack's Gym,"34463 US-98, Gulf Shores, AL",http://www.jacksgymandfitness.com/,,,4.8
Oak & Fountain,"12250 Hi Fields Rd, Gulf Shores, AL",https://rentyellowhammer.com/oak-and-fountain/,,(251) 237-3772,4.4
Corry Station MWR Bowling Alley,"3738 Chief's Way bldg 3738, Gulf Shores, FL",https://www.navymwrpensacola.com/programs/0297ed5e-e938-46da-8611-6e7e143a064e,,(850) 452-6380,4.6
Beach Club Doral 808,"925 Beach Club Trail D808, Gulf Shores, AL 36542, USA",,,(256) 506-1538,4.8
Paradise Pier Fun Park,"195 Beach Blvd, Gulf Shores, AL",https://www.paradisepierbiloxi.com/,,,4.6
E Bike of Orange Beach,"25405 Perdido Beach Blvd STE 21, Gulf Shores, AL",http://ebikeoforangebeach.com/,,(251) 413-0714,4.9
Heritage Hall,"148 E Government St, Gulf Shores, FL",https://sevillequarter.com/heritage-hall/,,,
Kid's Splash Park,"22490 Park Ave, Gulf Shores, AL",,,,4.6
Wells Fargo ATM,"1617 Gulf Shores Pkwy, Gulf Shores, AL 36542, USA",https://www.wellsfargo.com/locator/bank/1617__GULF__SHORES__PKWY_GULF__SHORES_AL_36542/?utm_campaign=Local_Listings&utm_source=Google&group=ATM&loc=OS143474,,(800) 869-3557,5
Lindsey Friar Photography,"208 S Alcaniz St, Gulf Shores, FL",http://www.lindseyfriar.com/,,(850) 384-8742,5
Jean & Paul Amos Performance Studio,"Kugelman Center for Telecommunications, Gulf Shores, FL",https://www.wsre.org/community/jean-paul-amos-performance-studio/,,(850) 484-1200,4.5
Center for Living Mindfully Studio,"150 S Church St, Gulf Shores, AL",https://centerforlivingmindfully.com/yoga-classes,,(251) 928-5363,5
The Breeze Cinema 8,"1233 Crane Cove Blvd, Gulf Shores, FL",http://www.movieshowtime.net/,,(850) 934-3332,4.2
Two Lakes RV Resort,"22353 Twin Lks Cir, Gulf Shores, AL 36542, USA",https://twolakesrvresort.com/,,(251) 714-2709,4.5
Jade Venue Pensacola,"5330 Mobile Hwy ste a3, Gulf Shores, FL",https://www.jadevenue.com/,,(850) 502-7567,4.9
Old Time Photos in Gulf Shores,"501 Gulf Shores Pkwy, Gulf Shores, AL",,,,5
Pensacola Victorian Bed & Breakfast,"203 W Gregory St, Gulf Shores, FL",http://www.pensacolavictorian.com/,,(850) 434-2818,4.6
Blue Dolphin Cruises,"10121 Sinton Dr, Gulf Shores, FL",http://www.bluedolphincruises.com/,https://www.bpsb.org,(251) 981-2774,4.6
Soundside Foundation Nature Preserve,"4335 Soundside Dr, Gulf Shores, FL",,,,4.9
Gulf Shores Charter Fleet,"1577 AL-180, Gulf Shores, AL",,,(251) 540-2628,2.8
Pensacola Lighthouse & Maritime Museum,"2081 Radford Blvd, Gulf Shores, FL",http://www.pensacolalighthouse.org/,,(850) 393-1561,4.7
Perdido Realty Vacations,"14250 Perdido Key Dr Unit B, Gulf Shores, FL",https://www.perdidokey.com/?utm_source=google&utm_medium=organic&utm_campaign=gmb_website,,(850) 492-1102,4.8
LunaSol Vacations,"12385 Sorrento Rd Unit A4, Gulf Shores, FL",http://www.lunasolvacations.com/,,(850) 791-3095,5
Island Fun Rentals,"916 Bienville Blvd, Gulf Shores, AL",,,(251) 706-6418,4.1
China Dragon,"{'street': '2200 E 2nd St', 'city': 'Gulf Shores', 'state': 'AL', 'zip': '36542', 'coordinates': {'lat': 30.2750648, 'lng': -87.682421}}",https://www.chinadragonalabama.com,,(251) 968-9922,4
Emerald Coast Zoo,"5262 Deer Springs Rd, Gulf Shores, FL",http://www.emeraldcoastzoo.com/,,(850) 682-3949,4.7
Mystic Touch,"6800 US-98, Gulf Shores, FL",https://mystictouch.square.site/,,(850) 637-3919,5
AMC Bayou 15,"5149 Bayou Blvd, Gulf Shores, FL",https://www.amctheatres.com/movie-theatres/pensacola-mobile/amc-bayou-15?utm_medium=organic&utm_source=google&utm_campaign=local,,(850) 475-2240,4.3
Riddlemebythesea,"375 Plantation Rd, Gulf Shores, AL 36542, USA",https://www.houfy.com/lodging/riddlemebythesea/87045,,(334) 301-3834,
Sea Life Safari,"4575 S Wilson Blvd, Gulf Shores, AL",http://hudsonmarina.net/,,(251) 981-4127,5
The Fun Boats Dolphin Cruises,"3900 Bayou Rd, Gulf Shores, AL",http://dolphincruises.net/,,(251) 971-1893,4.9
Cottage at Lagoon by Wyndham Vacation Rentals,"1796 W Beach Blvd, Gulf Shores, AL 36542, USA",https://www.vacasa.com/usa/Cottages-At-Lagoon-Pass-Gulf-Shores/?utm_source=gmb&utm_medium=organic&utm_campaign=gmb-Cottages-Lagoon-Pass,,(251) 968-6868,4.9
River Road Dog Park,"14484 River Rd, Gulf Shores, FL",,,,4.3
Dothan Area Botanical Gardens,"5130 Headland Ave, Gulf Shores, AL",http://dabg.com/,,(334) 793-3224,4.7
Panacea Adventures,"5820 Cruzat Way, Gulf Shores, FL",https://hendersonscott66.wixsite.com/panacea-adventures-1,,(850) 685-5491,5
Perdido Performing Arts and Dance Company,"33 N Navy Blvd, Gulf Shores, FL",http://www.perdidoperformingarts.com/,,,5
The Golden Veil Day Spa,"317 S Alston St, Gulf Shores, AL",https://goldenveildayspa.glossgenius.com/,,(251) 504-6849,5
Mikato Japanese Restaurant,"3800 Gulf Shores Pkwy Suite 200, Gulf Shores, AL 36542, USA",http://mikatojapanese.com/,,(251) 968-2525,3.9
Staybridge Suites Gulf Shores,"{'street': '3947 Gulf Shores Parkway', 'city': 'Gulf Shores', 'state': 'AL', 'zip': '36542', 'coordinates': {'lat': 30.309697, 'lng': -87.683176}}",https://www.ihg.com/staybridge/hotels/us/en/gulf-shores/pnssb/hoteldetail,,1-251-277-4343,
Segers Marine at Palm Harbor Marina,"1206 Mahogany Mill Rd, Gulf Shores, FL",https://segersmarine.com/marinas/palm-harbor-marina/,,(850) 455-4552,4.4
Beach Bum Services,"524 W 23rd Ave, Gulf Shores, AL",http://www.beachbumservices.com/,,(251) 752-4355,4.6
Calirojae',"1004 Dauphin Island Pkwy, Gulf Shores, AL",http://kaydenscandyfactory.com/,,(251) 554-1701,4.7
Reed Real Estate,"{'street': '3358 US Hwy. 180', 'city': 'Gulf Shores', 'state': 'AL', 'zip': '36542'}",http://www.gulfrentals.com/,,1-800-678-2306,
Live Oak Plantation,"7874 Beulah Rd, Gulf Shores, FL",http://www.liveoakplantation.com/,,(850) 449-2100,4.9
The Spa at The Beach Club,"453 Beach Club Trail, Gulf Shores, AL 36542, USA",https://thebeachclubspa.com/,,(251) 224-2772,4.8
Dinosaurs In The Woods - Tyrannosaurus,"Perdido Beach, Gulf Shores, AL",,,,4.3
Gulf & Golf East & West at the Plantation,"unit 13a, Gulf Shores, AL",https://ongulfshores.com/,,(251) 732-4020,4.5
Visual and Performing Arts,"250 Brent Ln, Gulf Shores, FL",,,,4.4
Wahoo Watersports,"26214 Garrett Ln, Gulf Shores, AL",https://www.wahoowatersports.com/,,(251) 981-1998,4.7
ReNew SkinCare,"1574 Gulf Shores Pkwy, Gulf Shores, AL 36542, USA",https://styleseat.com/amywhite6,,(251) 424-0235,
Happy Acres Veterinary Clinic,"14000 Norris Ln, Gulf Shores, AL",https://www.happyacresvetclinic.com/,,(251) 965-3188,4.6
Wharf-Ticket Office,"4985 Wharf Pkwy E, Gulf Shores, AL",,,(251) 224-1020,4.9
Lost Key Resort,"14306 Beach Heather Ct, Gulf Shores, FL",https://www.luxuryrvresort.com,,(251) 948-5444,4
www.firesmokedfish.com,"1544 Gulf Shores Pkwy Suite C
Gulf Shores, AL 36542",https://www.firesmokedfish.com,,,
Reel Surprise Marina,"27267 Perdido Beach Blvd #100B, Gulf Shores, AL",http://www.reelsurprisemarina.com/,,(251) 981-7263,5
Woodforest Bank,"170 E Fort Morgan Rd, Gulf Shores, AL 36542, USA",http://www.woodforest.com/,,(251) 239-3266,4.4
Gulf Coast Crawls,"Gulf Shores Pkwy, Gulf Shores, AL",http://www.gulfcoastcrawls.com/,,(251) 929-4825,
Sugar Sands RV Resort,"{'street': '5343 Roscoe Rd', 'city': 'Gulf Shores', 'state': 'AL', 'zip': '36542'}",http://sugarsandsrvresort.com/,,(251) 968-2223,4.7
The Yoga Hive,"1901 Main St, Gulf Shores, AL",http://thehivepilatesandyoga.com/,,(251) 200-1688,5
Sunset Wildlife Connection- APPOINTMENT ONLY,"997 Cotton Lake Rd, Gulf Shores, FL",http://sunsetwildlifeconnection.org/,,(850) 490-6917,5
"Pensacola Tours: Pensacola History and Hauntings: History Tours, Ghost Tours, Scavenger Hunts, and Events","221 E Government St, Gulf Shores, FL",http://www.pensacolaghostevents.com/,,(850) 941-4321,4.4
Graham Creek Nature Preserve,"23030 Wolf Bay Dr, Gulf Shores, AL",https://grahamcreekpreserve.org/,,(251) 923-4267,4.8
Brett/Robinson Vacations,"{'city': 'Gulf Shores', 'state': 'AL', 'zip': '36542', 'coordinates': {'lat': 30.25, 'lng': -87.65}}",https://www.brett-robinson.com,,1-800-211-7892,
The Hangout Gulf Shores,"{'city': 'Gulf Shores', 'state': 'AL', 'coordinates': {}}",https://thehangout.com/hangout-gulf-shores/,,,
cb&T ATM,"1421 Gulf Shores Pkwy Walgreens, Gulf Shores, AL 36542, USA",,,,
Publix Super Market at Paradise Isle Shopping Center,"1720 Gulf Shores Pkwy Ste 2, Gulf Shores, AL 36542, USA",https://www.publix.com/?utm_medium=maps&utm_source=google&utm_content=psm_google_override,,(251) 240-3003,4.6
Razzle Dazzle Performing Arts,"1000 North W Street, Gulf Shores, FL",,,,
URU Yoga,"2400 Executive Plaza Rd, Gulf Shores, FL",http://www.uruyoga.com/,,(850) 377-5334,4.7
The Quina House Museum,"204 S Alcaniz St, Gulf Shores, FL",https://pensacolahistoricpreservationsociety.com/quinahouse,,(850) 432-3050,4.1
LaBelle Performing Arts,"8253 Chellie Rd, Gulf Shores, FL",http://labelleperformingarts.com/,,(850) 944-5650,5
Alley Kat Photography & The Kat's Meow Studio,"Holiday Harbor, Gulf Shores, FL",http://www.alleykatphotography.net/,,(850) 208-1384,5
Anna Cirlot Photography & Design,"2705 Guillotteville Rd, Gulf Shores, AL",http://www.dauphinislandphotos.com/,,(228) 990-8112,5
Community Bank,"250 W Fort Morgan Rd, Gulf Shores, AL 36542, USA",https://www.communitybank.net/,,(251) 325-7070,4
Advanced Animal Care,"625 E Laurel Ave, Gulf Shores, AL",http://advanced-care-foley.edan.io/,,(251) 943-7507,4.9
WildWater Cullman,"1707 Main Ave SW, Gulf Shores, AL",http://www.wildwatercullman.com/,,(833) 838-9453,4.5
Kristin Pierre Art,"309 E 21st Ave Entrance- Suite B, Gulf Shores, AL 36542, USA",http://www.kpierreart.com/,,(251) 677-1289,4.9
Perdido Kids Park,"10004 Gulf Beach Hwy, Gulf Shores, FL",https://www.myescambia.com/our-services/parks-and-recreation/parks-and-community-centers/park-and-community-center-details/perdido-kids-park,,(850) 475-5220,4.6
Orange Beach Private Family Dolphin Tours & Boating Safaris,"5749 Bay La Launch Ave Slip C 5 & 6, Gulf Shores, AL",https://www.dolphincruisesorangebeach.com/,,(251) 609-3444,4.9
Natural Images Photo Video,"1806 Arcadia Dr, Gulf Shores, AL",http://www.naturalimagesphotovideo.com/,,(251) 324-2100,4.9
Manya Whole Health & Yoga,"109 Upham St, Gulf Shores, AL",http://www.drmanjapodratz.com/,,(251) 234-4771,5
Skincare By Mia,"3757 Gulf Shores Pkwy Suite BD, Gulf Shores, AL 36542, USA",http://www.skincaregulfshores.com/,,(251) 490-3174,5
The Square Shopping Center,"1538 Gulf Shores Pkwy, Gulf Shores, AL 36542, USA",,,(251) 609-2873,5
Erie H. Meyer Civic Center,"1930 W 2nd St, Gulf Shores, AL",https://www.gulfshoresal.gov/1169/Erie-H-Meyer-Civic-Center,,(251) 968-2425,4.6
Two Gals Salon,"1556 Gulf Shores Pkwy STE 3, Gulf Shores, AL 36542, USA",https://www.wellsfargo.com/locator/bank/1617__GULF__SHORES__PKWY_GULF__SHORES_AL_36542/?utm_campaign=Local_Listings&utm_source=Google&group=ATM&loc=OS143474,,(251) 948-4257,4.7
Harrah’s Casino Gulf Coast,"280 Beach Blvd, Gulf Shores, AL",https://www.caesars.com/harrahs-gulf-coast,,(800) 946-2946,4
Archer's Gulf Serenity Spa,"{'street': '3757 Gulf Shores Pkwy. - Suite BB', 'city': 'Gulf Shores', 'state': 'AL', 'zip': '36542', 'coordinates': {}}",https://archers-gulf-serenity.com/,,(850) 384-4657,5
Nauti Fishing Charters,"{'street': 'Gulf Shores Yacht Club & Marina at Ft. Morgan', 'city': 'Gulf Shores', 'state': 'Alabama', 'zip': '36542', 'coordinates': {'lat': 30.232718, 'lng': -87.994298}}",http://nautifishco.com/,,(850) 324-0566,5
Pensacola Beach Boardwalk,"400 Quietwater Beach Rd, Gulf Shores, FL",http://www.pensacolabeachboardwalk.com/,,,4.7
Nicole Fishing Charters,"1611 AL-180, Gulf Shores, AL 36542, USA",,,,
"VirtualPlayground of Pensacola, FL","314 S Navy Blvd Unit C, Gulf Shores, FL",http://virtualplayground.co/,,,4.9
Weeks Bay Arboretum,"11401 US-98, Gulf Shores, AL",http://outdooralabama.com/,,(251) 928-9792,
The Palms At The Wharf,"4790 Main St, Gulf Shores, AL",,,(251) 224-1000,4.3
The Factory Gulf Shores,"18948 Oak Rd W, Gulf Shores, AL",http://thefactorygulfshores.com/,,#ERROR!,4.5
Orange Beach Community Kids Park,"26425 Canal Rd, Gulf Shores, AL",https://www.orangebeachal.gov/375/Waterfront-Park-Kids-Park,,,4.6
Perdido Key Yoga,"Pensacola, Gulf Shores, FL",,,(850) 324-7151,
Kiva Dunes Beach Resort & Golf Course,"{'street': '815 Plantation Road', 'city': 'Gulf Shores', 'state': 'AL', 'zip': '36542', 'coordinates': {}}",https://www.kivadunes.com,,8665407100,
Fish River Grill,"1545 Gulf Shores Pkwy, Gulf Shores, AL 36542, USA",https://www.fishrivergrill.com/,,(251) 948-1110,4.6
Hope's Cheesecake,"{'street': '210 E. 20th Ave.', 'city': 'Gulf Shores', 'state': 'AL', 'zip': '36542', 'coordinates': {}}",http://www.hopescheesecake.com/,,(251) 968-5858,4.7
CnC Event Hall,"5725 Jarrett Rd, Gulf Shores, AL",http://cnceventhall.com/,,(251) 341-7209,4.6
Senses Nails,"3947 Gulf Shores Pkwy # 170, Gulf Shores, AL 36542, USA",,,(251) 943-8028,4.1
3 Casino Beach Boardwalk Parking,"3 Casino Beach Boardwalk, Gulf Shores, FL",,,,4.4
Eastern Shore Travel Inc,"122 Fairhope Ave, Gulf Shores, AL",http://www.easternshoretravelinc.com/,,(251) 928-7200,5
Alabama Adventure & Splash Adventure,"4599 Splash Adventure Pkwy, Gulf Shores, AL",http://www.alabamaadventure.com/,,(205) 481-4750,4.4
Island Carpet & Tile Cleaning,"{'street': '20842 Robinson Ln', 'city': 'Gulf Shores', 'state': 'AL', 'zip': '36542', 'coordinates': {}}",http://www.cleanfloorsgs.com/,,(251) 943-4889,5
Escambia River State Wildlife Management Area,"Milton, Gulf Shores, FL",https://myfwc.com/recreation/cooperative/escambia-river/,,(850) 265-3676,4.2
Paddle Pub Pensacola,"10121 Sinton Dr, Gulf Shores, FL",http://paddlepub.com/pensacola,,(850) 483-1405,5
Cordova Animal Medical Center,"1130 Creighton Rd, Gulf Shores, FL",https://cordovaamc.com/,,(850) 479-2222,4.7
The Florida Aquarium,"701 Channelside Dr, Gulf Shores, FL",https://www.flaquarium.org/,,(813) 273-4000,4.5
Splash RV Resort,"8500 Welcome Church Rd, Gulf Shores, FL",https://www.splashrvresort.com/?utm_source=google&utm_medium=organic&utm_campaign=google-my-business,,(850) 613-8054,4.7
Pelican Boat Rentals,"22830 Brown Ln, Gulf Shores, AL",https://www.rentpelicanboats.com/,,(251) 752-8322,5
LuLu's Fun Food & Music,"{'street': '200 East 25th Avenue', 'city': 'Gulf Shores', 'state': 'AL', 'zip': '36542'}",https://lulubuffett.com/,,(251) 967-5858,
Gulf State Park,"{'street': '20115 State Park Rd', 'city': 'Gulf Shores', 'state': 'AL', 'zip': '36542', 'coordinates': {}}",https://www.alapark.com/parks/gulf-state-park,,(251) 948-7275,4.7
Galvez Landing,"5820 Cruzat Way, Gulf Shores, FL",,,,4.5
LuLu's Gulf Shores,"200 E 25th Ave, Gulf Shores, AL 36542, USA",http://lulusfunfoodmusic.com/,,(251) 967-5858,4.3
City Of Gulf Shores Wetlands Park,"19025 Oak Rd W, Gulf Shores, AL 36542, USA",https://www.gulfshoresal.gov/1224/Wetlands-Park,,(251) 968-1420,4.5
Just Beachy,"103 Tecumseh Ct, Gulf Shores, AL",https://justbeachy-di.com/,,(818) 900-3220,5
Stash Your Bag Luxury Travel Agency,"30365 Ono N Loop W, Gulf Shores, AL",http://www.stashyourbag.com/,,(251) 635-7477,5
Bayou Marcus Birding Trail,"3051 Fayal Dr #3011, Gulf Shores, FL",http://www.ecua.fl.gov/green/bayou-marcus-nature-trail-walk,,(850) 458-1658,4.4
Fireman's Hall,"13125 N Chicago St, Gulf Shores, AL",https://www.elbertafire.com/,,(251) 986-5805,4.6
David L. Bodenhamer Center,"310 W 19th Ave, Gulf Shores, AL 36542, USA, Gulf Shores, AL",http://www.gulfshoresal.gov/bodenhamer,,(251) 968-1420,4.7
The Sanctuary Event Venue Pensacola,"716 N 9th Ave, Gulf Shores, FL",http://thesanctuary1905.com/,,(850) 761-1905,5
Ice House Taproom,"112 Windmill Ridge Rd, Gulf Shores, AL 36542, USA",http://www.icehousegs.com/,,(251) 200-0157,4.6
Island Tan,"201 E 16th Ave, Gulf Shores, AL 36542, USA",http://www.islandtan-al.com/,,(251) 968-4826,4.6
Happy Harbor Marina & Dry Storage,"27212 Marina Rd, Gulf Shores, AL",http://happyharbors.com/,,(251) 981-6111,4.6
The Orchards Event Venue,"4365 Crabtree Church Rd, Gulf Shores, FL",http://theorchardsofmolino.com/,,(850) 253-7617,5
Synergy Yoga & Pilates,"3152 Old Shell Rd, Gulf Shores, AL",http://www.synergyoga.net/,,(251) 473-1104,4.3
Island View Casino Resort,"3300 W Beach Blvd, Gulf Shores, AL",http://www.islandviewcasino.com/,,(228) 314-2100,4.3
"The Lilly Pad Fort Morgan, LLC","1502 Sandy Ln APT B, Gulf Shores, AL",https://www.thelillypadfortmorgan.com/,,(251) 423-8121,5
Gulf Shores Golf Club,"520 Clubhouse Dr, Gulf Shores, AL",https://gulfshoresgolfclub.com/,,(251) 968-7366,4.3
Beach Cottage West,"1410 O'Hara Ln A, Gulf Shores, AL",,,(503) 345-9399,5
Gulf Shores Condos At Seawind,"401 E Beach Blvd, Gulf Shores, AL 36542, USA",https://www.gulfshorescondoseawind.com/,,(913) 620-1375,4
Pensacola Little Theatre,"The Clark Family Cultural Center, Gulf Shores, FL",http://www.pensacolalittletheatre.com/,,(850) 432-2042,4.7
Gulf Shores Dog Park,"308 Clubhouse Dr, Gulf Shores, AL 36542, USA",,,,4.5
Wade Ward Nature Park,"500 Gulf Shores Pkwy, Gulf Shores, AL",https://www.gulfshoresal.gov/1222/Wade-Ward-Nature-Park,,(251) 968-1420,4.4
Vacation Beach Portraits Orange Beach,"27267 Perdido Beach Blvd b204, Gulf Shores, AL",https://vacationbeachportraits.com/,,(251) 980-6657,4.9
Gulf Shores Rentals,"1325 Gulf Shores Pkwy Suite 1, Gulf Shores, AL 36542, USA",https://www.gulfshoresrentals.com/,,(866) 783-0702,4.4
Venue of Bella Rose,"11470 Bellingrath Rd, Gulf Shores, AL",,,(251) 459-4559,5
Las Dunas Fort Morgan Vacation Rental,"5601 AL-180 #2502, Gulf Shores, AL 36542, USA",https://fchiriani.wixsite.com/lasdunas,,,4.6
Saenger Theatre Pensacola,"118 S Palafox St, Gulf Shores, FL",http://www.pensacolasaenger.com/,,(850) 595-3880,4.7
Big Beach Brewing Company,"{'street': '300 East 24th Avenue', 'city': 'Gulf Shores', 'state': 'AL', 'zip': '36542', 'coordinates': {'lat': 30.278259, 'lng': -87.682588}}",https://www.bigbeachbrewing.com,,251-948-2337,
Target Grocery,"3820 Gulf Shores Pkwy, Gulf Shores, AL 36542, USA",https://www.target.com/sl/gulf-shores/2154/grocery?utm_source=OGS&utm_medium=groceryList&utm_id=2154,,(251) 967-7001,4.5
Huntsville Botanical Garden,"4747 Bob Wallace Ave SW, Gulf Shores, AL",http://hsvbg.org/,,(256) 830-4447,4.7
Lily Day Spa,"9409 US-98 STE 40, Gulf Shores, FL",,,(850) 812-9745,4
Legendary Performance,"410 N Palafox St, Gulf Shores, FL",https://legendarypt.com/,,(850) 332-7681,4.6
Swiger Studio,"{'city': 'Gulf Shores', 'state': 'AL', 'coordinates': {}}",http://www.swigerstudio.com/,,(251) 609-1162,4.5
Shipwreck Island,"12201 Hutchison Blvd, Gulf Shores, FL",https://www.shipwreckisland.com/?utm_source=gbp&utm_medium=organic&utm_campaign=yext_listings,,(850) 234-3333,4.5
HOTWORX - Gulf Shores AL,"{'street': '160 Cotton Creek Dr. Suite 275', 'city': 'Gulf Shores', 'state': 'AL', 'zip': '36542', 'coordinates': {}}",https://www.hotworx.net/studio/gulfshores,https://www.gulfshoresutilities.com,(251) 332-2042,4.2
Navy Point Park,"400 NW Syrcle Dr, Gulf Shores, FL",https://www.visitpensacola.com/directory/navy-point-park/,,,4.7
"CC's Salon, Day Spa & Boutique","{'street': '1556 Gulf Shores Parkway, Building 5', 'city': 'Gulf Shores', 'state': 'AL', 'zip': '36542', 'coordinates': {'lat': 30.2667098, 'lng': -87.6877392}}",https://www.ccssalondayspaboutique.com/,,(251) 968-2077,
Holiday Harbor Marina,"14050 Canal A Way #3, Gulf Shores, FL",http://www.myholidayharbor.com/,,(850) 492-0555,4.7
Childrens Splash Park,"Summerdale, Gulf Shores, AL",,,,4.7
Gulf Shores & Orange Beach Tourism Operations Center,"900 Commerce Loop, Gulf Shores, AL",http://www.alabamabeaches.com/,,(251) 968-7511,5
Bumper Boats,"3200 Gulf Shores Pkwy, Gulf Shores, AL",http://www.funatthetrack.com/,,(251) 270-0210,4.8
The Avalon @ The Beach Club,"375 Beach Club Trail, Gulf Shores, AL",https://thebeachclub.spectrumresorts.com/,,,4.7
Bay Animal Clinic,"24060 US-98, Gulf Shores, AL",http://www.bayanimal.com/,,(251) 928-5630,4.7
The Oaks at Magnolia Springs,"16000 Beasley Rd, Gulf Shores, AL",https://www.theoaksatmagnoliasprings.com/,,(251) 350-0396,5
PNC Bank,"{'street': '3830 Gulf Shores Parkway', 'city': 'Gulf Shores', 'state': 'AL', 'coordinates': {}}",https://locator.pnc.com/en/details/al/gulf-shores/branch/3830-gulf-shores-pkwy?lnksrc=branch-listing-google,,(251) 967-5810,2.9
Turquoise Place Rentals,"26302 Perdido Beach Blvd, Gulf Shores, AL",https://www.turquoiseplacerental.com/,,(800) 210-7914,4.8
LUXE Brows and Lashes,"{'street': '3800 Gulf Shores Pkwy, #154', 'city': 'Gulf Shores', 'state': 'AL', 'zip': '36542', 'coordinates': {}}",https://www.luxebrowsandlashes.com/,,(801) 648-2264,4.8
Civitan Park,"404 S 2nd St, Gulf Shores, FL",https://www.myescambia.com/our-services/parks-and-recreation/parks-and-community-centers/park-and-community-center-details/civitan-park,,(850) 475-5220,4.5
"Grand Hotel Golf Resort & Spa, Autograph Collection","One Grand Blvd, Gulf Shores, AL",https://www.marriott.com/en-us/hotels/ptlak-grand-hotel-golf-resort-and-spa-autograph-collection/overview/?scid=f2ae0541-1279-4f24-b197-a979c79310b0,,(251) 928-9201,4.7
Brett/Robinson Vacation Rentals,"{'street': '3259 Gulf Shores Parkway', 'city': 'Gulf Shores', 'state': 'AL', 'zip': '36542', 'coordinates': {'lat': 30.2708, 'lng': -87.5861}}",https://www.brett-robinson.com,,+1-800-211-7892,
Cuts by Us,"10447 Sorrento Rd, Gulf Shores, FL",http://www.cutsbyus.com/,,(850) 453-2433,4.1
Beachball Properties,"22989 Perdido Beach Blvd, Gulf Shores, AL",https://www.beachball.com/,,(251) 968-8896,4.7
Springdale Travel,"958 Montlimar Dr, Gulf Shores, AL",http://www.springdaletravel.com/,,(251) 476-5095,4.5
Regatta 204A Beach Condo,"317 E Beach Blvd #204A, Gulf Shores, AL 36542, USA",,,(318) 331-1065,3.8
Vacation Rental,"400 Plantation Rd #3204, Gulf Shores, AL 36542, USA",https://www.airbnb.com/rooms/16781890?source_impression_id=p3_1628655022_wUnKgaFvtof2trtU,,(334) 224-2919,4.5
Perdido Riverwalk,"Cantonment, Gulf Shores, FL",,,,3.7
Marietta Johnson Botanical Garden and Tree Trail,"450 Fairhope Ave, Gulf Shores, AL",https://www.fairhopeal.gov/living/parks-and-recreation/parks-and-trails,,,1
Beachside Mini Golf,"24156 Ruby Ln, Gulf Shores, AL",https://beachsideminigolf.net/,,(251) 292-4653,4.5
Sail Wild Hearts,"27075 Perdido Beach Blvd, Gulf Shores, AL",https://sailwildhearts.com/,,(251) 981-6700,4.8
Animal Medical Center,"7845 AL-59, Gulf Shores, AL",https://amcgulfcoast.com/,,(251) 955-5900,4.8
Upper Wolf Bay Savanna And Marsh Forever Wild Tract,"Perdido Beach, Gulf Shores, AL",https://www.wolfbay.com,,,
Gulf Links Golf Course,"3901 S McKenzie St, Gulf Shores, AL",https://gulflinksgolf.com/,,(251) 970-1444,4.1
Lakeview Trailhead,"Lakeview Trl, Gulf Shores, AL",,,,4.9
Sanders Beach-Corinne Jones Resource Center,"913 S I St, Gulf Shores, FL",https://www.cityofpensacola.com/Facilities/Facility/Details/Sanders-BeachCorinne-Jones-Resource-Cent-96,,(850) 436-5198,4.6
The Rookery Iii 5008 3 Bedroom Cottage,"5781 AL-180, Gulf Shores, AL",,,(510) 404-8220,5
Pensacola Beach,"41 Fort Pickens Rd, Gulf Shores, FL",http://visitpensacolabeach.com/,,(850) 698-6049,4.8
The Venue at Whiskey Ridge,"16792 Camellia Rd, Gulf Shores, AL",http://www.thevenueatwhiskeyridge.com/,,(251) 405-2565,4.9
Salon Thirty-One Gulf Shores,"3800 Gulf Shores Pkwy Suite 120, Gulf Shores, AL",https://www.salonthirtyone.com/,,(251) 943-2229,4.5
Beach Life Photography Gulf Shores,"12 Bayside Ct, Gulf Shores, AL",https://www.beachlifephoto.com/,,(251) 600-9886,5
VMP Hair Salon,"8200 US-98 C, Gulf Shores, FL",,,(803) 464-2200,5
Grand Carribean West Condo Perdido Key,"353S323000000000, Gulf Shores, FL",,,(850) 492-9999,4.4
Bayview Park Boat Launch,"2001 E Lloyd St, Gulf Shores, FL",https://www.cityofpensacola.com/Facilities/Facility/Details/Bayview-Park-21,,(850) 436-5190,4.7
Austin Massage,"1574 Gulf Shores Pkwy, Gulf Shores, AL",https://sites.google.com/view/austinmassage/home,,(251) 272-9191,4.9
Panhandle Community Theatre (PCT),"5410 Dogwood Dr, Gulf Shores, FL",,,(850) 221-7599,4.6
Orange Beach Marina,"27075 Marina Rd, Gulf Shores, AL",http://www.orangebeachmarina.com/,,(251) 981-4207,4.7
Sunset Ranch Outdoor Wedding Venue and Event Space,"1901 Cope Ln, Gulf Shores, FL",,,(850) 944-7669,5
Summit Wellness- Orange Beach,"3099 Loop Rd #4, Gulf Shores, AL",https://www.summitwellnessorangebeach.com/,,(251) 241-8260,5
Pensacola Children's Museum,"115 Zaragoza St, Gulf Shores, FL",http://www.historicpensacola.org/plan-your-visit/museums-properties/pensacola-childrens-museum/,,(850) 595-1559,4.2
OWA Theater,"205 N Owa Blvd, Gulf Shores, AL",https://visitowa.com/entertainment/owa-theater/,,(251) 369-6100,4.8
Kwik Dry Cleaning Services,"16961 AL-180 suite c, Gulf Shores, AL 36542, USA",http://www.littleheadskayakrentals.com/,,(251) 979-4481,4.8
Sea Paws Dog Resort,"4193 Plash Rd, Gulf Shores, AL",http://seapawsdogresort.com/,,(251) 200-1808,4.8
Remedy Recovery Studio,"3757 Gulf Shores Pkwy Suite BD, Gulf Shores, AL",https://www.remedy-studio.net/?utm_source=google&utm_medium=wix_google_business_profile&utm_campaign=5347324677891228396,,(251) 324-6523,5
Walgreens Pharmacy,"{'street': '1421 Gulf Shores Parkway', 'city': 'Gulf Shores', 'state': 'AL', 'zip': '36542', 'coordinates': {'lat': 30.26385128, 'lng': -87.68921977}}",https://www.walgreens.com/locator/walgreens-25801+perdido+beach+blvd-orange+beach-al-36561/id=17739,,(251) 981-7019,3.1
Nexus Cinema Dining,"7070 Bruns Dr, Gulf Shores, AL",https://www.nexuscinemadining.com/,,(251) 776-6570,4.6
Johnnie Sims Park Pavilion,"2008 W 3rd St, Gulf Shores, AL",https://www.gulfshoresal.gov/1172/Johnnie-Sims-Park-Pavilion,,(251) 968-2425,4.7
Bella Sera Gardens,"25049 Co Rd 49, Gulf Shores, AL",https://www.thegardenatbellasera.com/,,(251) 327-7571,4.5
The Salon by Maria Clara,"85 W Airport Blvd Suite 7, Gulf Shores, FL",http://thesalonpensacola.com/,,(850) 291-6896,4.9
Peninsula Golf & Racquet Club,"20 Peninsula Blvd, Gulf Shores, AL 36542, USA",https://peninsulagolfclub.com/?utm_source=google&utm_medium=organic&utm_campaign=gbp,,(251) 968-8009,4.8
Festiva On Canal,"26831 Canal Rd, Gulf Shores, AL",https://festivaorangebeach.com/,,(855) 933-7733,5
Lickin Good Donuts & Kolaches -Gulf Shores,"229 E 20th Ave #14, Gulf Shores, AL 36542, USA",https://www.facebook.com/pages/category/Donut-Shop/Lickin-Good-Donuts-in-Gulf-Shores-2088614001361563/,,(251) 233-3968,4.8
Hand & Stone Massage and Facial Spa,"3800 Gulf Shores Pkwy, Gulf Shores, AL 36542, USA",https://handandstone.com/locations/gulf-shores/?utm_source=google&utm_medium=organic&utm_campaign=businesslisting,,(251) 426-2612,4.9
Go Retro,"1800 N E St, Gulf Shores, FL",http://www.goretro.us/,,(850) 466-5220,4.4
CCs Salon and Day Spa,"1556 Gulf Shores Pkwy, Gulf Shores, AL 36542, USA",https://www.ccssalondayspaboutique.com/,,(251) 968-2077,4.6
Above and Beyond Yoga and Salt Therapy,"878 Hillcrest Rd C, Gulf Shores, AL",http://www.abyogaandsalttherapy.com/,,(251) 639-9030,5
Bay Breeze RV on the Bay,"{'street': '1901 Bay Breeze Pkwy', 'city': 'Gulf Shores', 'state': 'AL', 'zip': '36542'}",http://www.baybreezerv.com/,,(251) 540-2362,4.7
Golden Flames Banquet and Ballroom,"7060 Three Notch Rd, Gulf Shores, AL",https://www.goldenflamesbanquet.com/,,(251) 602-6646,4.6
Coastal Concrete,"6765 Driftwood Dr, Gulf Shores, AL 36542, USA",,,(251) 379-4289,4
Geez Louise Boutique,"{'city': 'Gulf Shores', 'state': 'Alabama', 'coordinates': {}}",http://shopgeezlouise.com/,,(251) 270-4439,4.4
Gulf Oak Ridge Trailhead West,"Gulf Oak Rdg, Gulf Shores, AL",https://www.alapark.com/parks/gulf-state-park,,,4.8
Royal Motel,"AL-59, Gulf Shores, AL",,,(251) 964-5516,2.6
Osceola Municipal Golf Course,"300 Tonawanda Dr, Gulf Shores, FL",http://www.osceolagolf.com/,,(850) 453-7599,3.8
Safe Harbor Sportsman,"27844 Canal Rd, Gulf Shores, AL",https://shmarinas.com/locations/safe-harbor-sportsman/,,(251) 981-6247,4.7
Pensacola Museum of Art,"407 S Jefferson St, Gulf Shores, FL",http://www.pensacolamuseum.org/,,(850) 432-6247,4.3
"Captain Ron’s Watersports, LLC","526 Lemoyne Dr, Gulf Shores, AL",http://www.captainronswatersports.com/,,(251) 654-8379,4.9
Wind Creek Entertainment Center & Cinema,"303 Poarch Rd, Gulf Shores, AL",http://windcreekatmore.com/Entertainment/Cinema,,(855) 958-4637,4.5
Bellingrath Gardens & Home,"12401 Bellingrath Gardens Rd, Gulf Shores, AL",http://www.bellingrath.org/,,(251) 427-3367,4.8
Sassy Chophouse + Cocktails,"8818 AL-180, Gulf Shores, AL 36542, USA",https://www.sassybass.com/,,(251) 948-3052,4.6
Fort Morgan State Historic Site,"110 AL-180, Gulf Shores, AL",https://ahc.alabama.gov/,,(251) 540-7127,4.7
Hancock Whitney Bank,"1801 Gulf Shores Pkwy, Gulf Shores, AL 36542, USA",https://locations.hancockwhitney.com/al/gulfshores/financial-center-gulf-shores.html,,(251) 967-1212,3.7
Shell,"2021 Gulf Shores Pkwy, Gulf Shores, AL 36542, USA",https://find.shell.com/us/fuel/10089740-2020-gulf-shores-pkwy/en_US,,(251) 968-7781,4.5
Go Time Travel,"4725 Main St Suite F222, Gulf Shores, AL",http://www.gotimetravel.com/,,,4.6
Adventure Earth Bicycles,"2039 Airport Blvd, Gulf Shores, AL",https://www.adventure-earth.com/,,(251) 478-1000,4.5
Beach Bum Outdoors,"3041 W 1st St, Gulf Shores, AL",https://beachbumoutdoors.com/,,(251) 699-1822,4.8
URU Yoga Gulf Breeze,"913 Gulf Breeze Pkwy STE 26, Gulf Shores, FL",http://www.uruyoga.com/,,(850) 377-5334,4.7
"Bay Area Performing Arts, LLC","8724 Rand Ave, Gulf Shores, AL",http://bayareaperformingarts.com/,,(251) 455-0355,5
High Ty'd Charters,"10121 Sinton Dr C10, Gulf Shores, FL",https://www.hightydcharters.com/,,(231) 855-0396,5
Magnolia Float Spa,"3849 Gulf Shores Pkwy #11, Gulf Shores, AL",http://magnoliafloatspa.com/,,(251) 943-8112,4.8
Bueno Vista RV Resort,"216 E 24th Ave, Gulf Shores, AL 36542, USA",,,,
Hudson Marina,"4575 S Wilson Blvd, Gulf Shores, AL",http://www.hudsonmarina.net/,,(251) 981-4127,4.5
Mallory Sullivan Photography,"Canal Rd, Gulf Shores, AL",https://www.mallorysullivanphotography.com/,,(205) 441-2940,4.9
Pensacola Beach Gulf Pier,"41 Fort Pickens Rd #2005, Gulf Shores, FL",https://www.facebook.com/gulfpier/,,(850) 934-7200,4.7
Island Winds East Vacation Rental Condominiums,"333 W Beach Blvd Unit 802, Gulf Shores, AL 36542, USA",https://www.brett-robinson.com/gulf-shores/island-winds-east/?utm_source=gmb&utm_medium=organic&utm_campaign=website-link&utm_term=island-winds-east,,(800) 211-7892,3.8
Gulf Breeze Zoo,"5701 Gulf Breeze Pkwy, Gulf Shores, FL",http://www.gbzoo.com/,,(866) 620-1825,4.6
BeachLife Fitness,"13118 Sorrento Rd ste d, Pensacola, FL 32507, USA, Gulf Shores, FL",http://beachlifefitness.com/,,(509) 220-6066,4.8
Wharf,"4985 Wharf Pkwy E, Gulf Shores, AL",https://alwharf.com/,,(251) 224-1000,4.6
Victor's GYM,"780 N Navy Blvd, Gulf Shores, FL",,,(251) 533-7282,4.8
"The Little Lady Beach House (Gulf Shores, AL)","2898 W Beach Blvd, Gulf Shores, AL",https://gulfshoresfamilyvacation.com/,,(309) 229-6334,5
Liquid Life Vacation Rentals,"4700 Main St N201, Gulf Shores, AL",http://liquidlifevacationrentals.com/,,(251) 424-1118,4.5
Pine Beach Trailhead,"Pine Beach Trail, Gulf Shores, AL",,,,5
Lil' Toot Boat Tours Pensacola Beach,"655 Pensacola Beach Blvd, Gulf Shores, FL",https://liltootpcolabeach.com/,,(850) 291-1385,5
Bahama Bob's,"{'street': '601 W Beach Blvd', 'city': 'Gulf Shores', 'state': 'AL', 'zip': '36542', 'coordinates': {}}",https://www.bahamabobs.com,,(251) 948-2100,
Kiva Dunes Public Golf Course,"815 Plantation Ln, Gulf Shores, AL",http://www.kivadunes.com/,,(251) 540-7000,4.5
Alligator Alley,"19950 Co Rd 71, Gulf Shores, AL",https://gatoralleyfarm.com/about/hours-pricing/,,(251) 946-2483,4.8
Alabama Gulf Coast Zoo,"{'street': '20499 Oak Road East', 'city': 'Gulf Shores', 'state': 'AL', 'zip': '36542', 'coordinates': {}}",http://alabamagulfcoastzoo.com/,,(251) 256-7008,4.1
Gulf Shores Post Office,"{'street': '2149 W 1st St', 'city': 'Gulf Shores', 'state': 'AL', 'zip': '36542', 'coordinates': {}}",http://www.postallocations.com/al/gulf-shores/gulf-shores,,(251) 968-2231,2.6
EBIKE THE PARK,"117 E 14th Ave, Gulf Shores, AL",http://www.ebikethepark.com/,,(251) 460-1088,5
UFO Golf,"2 Via De Luna Dr, Gulf Shores, FL",https://www.ufospensacolabeach.com/,,(850) 677-8830,4.1
Luxor Event Center,"4130 Government Blvd B, Gulf Shores, AL",http://luxoreventcenter.com/,,,4.8
Street Legal Golf Cart Rentals,"655 Pensacola Beach Blvd, Gulf Shores, FL",https://streetlegalgolfcartrentals.com/,,(850) 737-1046,5
Village Yoga,"4407-A Old Shell Rd, Gulf Shores, AL",http://www.village.yoga/?utm_source=google&utm_medium=wix_google_business_profile&utm_campaign=8783307834167180737,,(251) 277-7107,5
Warrington Veterinary Clinic,"7197 US-98, Gulf Shores, FL",https://warringtonvetclinic.com/,,(850) 453-3151,4.8
Emerald Coast Esthetics,"1574 Gulf Shores Pkwy, Gulf Shores, AL 36542, USA",,,(251) 752-3223,
Gulf Shores Family Photography,"372 W 23rd Ave, Gulf Shores, AL",https://www.pensacolabeach-photographer.com/,,(850) 450-5875,5
NAS PENSCOLA GOLF COURSE,"799-1313 Duncan Rd, Gulf Shores, FL",https://www.navymwrpensacola.com/programs/6e429faf-c74d-44dc-9690-b872b66401cc,,(850) 452-2454,4.4
Gulf Place,"Gulf Shores, Gulf Shores, AL",,,,5
Babe's,"4024 N Davis Hwy, Gulf Shores, FL",http://linktr.ee/babesworldfamous,,(850) 438-8281,3.7
Seville Savories Food Tour,"2000 E Maxwell St, Gulf Shores, FL",http://www.sevillesavoriesfoodtour.com/,,(850) 341-5731,5
Theatre 98 Inc,"350 Morphy Ave, Gulf Shores, AL",http://www.theatre98.org/,,(251) 928-4366,4.9
Mini Golf Arcade,"Gulf Shores, Gulf Shores, AL",,,,3.5
Gulf Shores Bike Rentals,"824 Gulf Shores Pkwy C2, Gulf Shores, AL",http://gulfshoresbikerentals.com/,,(251) 210-9037,5
Navarre Beach Fishing Pier,"8579 Gulf Blvd, Gulf Shores, FL",https://www.santarosa.fl.gov/248/Navarre-Beach-Pier,,(850) 710-3239,4.8
Staybridge Suites Gulf Shores by IHG,"3947 Gulf Shores Pkwy, Gulf Shores, AL 36542, USA",https://www.ihg.com/staybridge/hotels/us/en/gulf-shores/pnssb/hoteldetail?cm_mmc=GoogleMaps-_-SB-_-US-_-PNSSB,,(251) 277-4343,4.2
CoastEase Tikis,"Reel Surprise Marina, Gulf Shores, AL",https://www.coasteasetikis.com/,,(850) 404-9927,5
Tacky Jacks Fort Morgan,"1577 AL-180, Gulf Shores, AL 36542, USA",http://www.tackyjacks.com/,,(251) 968-8341,4.2
STRIKERZ Entertainment Center,"3200 N Palafox St, Gulf Shores, FL",http://www.facebook.com/Strkerz-1651818501516570,,(850) 444-8545,4.4
Big Beach Brewing,"300 E 24th Ave, Gulf Shores, AL 36542, USA",http://bigbeachbrewing.com/,,(251) 948-2337,4.8
Del Mar Properties LLC,"3757 Gulf Shores Pkwy, Gulf Shores, AL 36542, USA",http://www.retailspaceingulfshores.com/,,(251) 968-7438,4.3
"Freedom Boat Club - Orange Beach, AL","27844 Canal Rd, Gulf Shores, AL",https://orangebeachboatclub.com/?utm_source=google&utm_medium=organic&utm_campaign=gbp,,(850) 497-0130,4.9
Tru 105° Hot Yoga & Pilates,"4621-B SpringHill Ave, Gulf Shores, AL",https://tru105.com/,,(251) 333-1678,4.9
Young's Suncoast Vacation Rentals,"100 Cove Ave, Gulf Shores, AL",https://www.youngssuncoast.com/?utm_source=google&utm_medium=organic&utm_campaign=gmb_website,,(251) 968-7158,4.2
Gulf Coast RV Park,"5584 Co Rd 6, Gulf Shores, AL 36542, USA",,,(251) 968-6494,4.1
Original Oyster House Boardwalk,"701 Gulf Shores Pkwy, Gulf Shores, AL 36542, USA",https://www.originaloysterhouse.com/,,(251) 948-2445,4.4
Fort Morgan Gear Rentals,"15849 AL-180, Gulf Shores, AL",,,(251) 800-1167,2.6
Note Nightclub,"207 Main St, Gulf Shores, AL",,,,4.3
Beach Dream Inc,"8818 AL-180, Gulf Shores, AL 36542, USA",,,(251) 540-2241,
OB Watersports,"27194 Marina Rd, Gulf Shores, AL",https://obwatersports.com/,,(251) 981-2527,4.6
Beach Bike Rentals,"4 Market St, Gulf Shores, AL",http://beachbikerentalsorangebeach.com/,,(251) 968-1770,4.9
Fish Tree Yoga LLC,"9725 N Loop Rd, Gulf Shores, FL",http://www.fishtreeyoga.com/YOGA_CLASSES.html,,(850) 261-9339,5
Lost Key Beach Club,"14359 Perdido Key Dr, Gulf Shores, FL",,,(850) 444-8263,4.6
Pensacola MESS Hall,"418 E Wright St, Gulf Shores, FL",http://www.pensacolamesshall.org/,,(877) 937-6377,4.7
Beach Club Aesthetics,"13700 Perdido Key Dr #223, Gulf Shores, FL",https://alyssaxlashesandskin.glossgenius.com/,,(850) 525-2760,5
Ark Animal Clinic,"3625 Springhill Memorial Dr S, Gulf Shores, AL",https://www.arkanimalclinic.net/,,(251) 342-2956,4.7
Rebecca Austin Yoga,"7150 Tippin Ave, Gulf Shores, FL",http://www.rebeccaaustinyoga.com/,,(850) 463-8980,5
Casino,"Mobile, Gulf Shores, AL",https://www.bolorestaurant.com,,,
"Southern Muscle Factory, LLC","2601 S McKenzie St STE: 166, Gulf Shores, AL",https://www.southernmusclefactory.com/,,(815) 992-0448,4.9
Holiday Inn Express & Suites Gulf Shores by IHG,"160 W Commerce Ave, Gulf Shores, AL 36542, USA",https://www.ihg.com/gulf-shores-alabama?cm_mmc=GoogleMaps-_-EX-_-US-_-GFSCM,,(251) 948-6191,4
High Tide Daiquiris & Mimosas,"{'city': 'Gulf Shores', 'state': 'Alabama', 'coordinates': {}}",https://hightidedaiquiris.com/,,(251) 324-6205,4.4
Perdido Pass Seawall Park,"27556 Perdido Beach Blvd, Gulf Shores, AL",,,,4.9
Gulf Shores Wedding Chapel,"3533 Chapel Ln, Gulf Shores, AL",http://www.gulfshoresweddingchapel.com/,,(251) 968-6222,4.9
Car Wash,"120 E 20th Ave, Gulf Shores, AL 36542, USA",,,,3.7
Beach Blonde Hair Studio,"2400 E 2nd St, Gulf Shores, AL",,,(251) 978-9296,5
Premium Parking - Gulf Shores Beach (610 W Beach),"{'street': '610 W Beach Blvd', 'city': 'Gulf Shores', 'state': 'AL', 'zip': '36542', 'coordinates': {'lat': 30.24714, 'lng': -87.69934}}",https://www.premiumparking.com,,,
The Roc Event Center,"3906 W Fairfield Dr, Gulf Shores, FL",,,(850) 723-6844,4.6
Audubon Bird Sanctuary,"211 Bienville Blvd, Gulf Shores, AL",https://www.dauphinislandbirds.com/,,(251) 861-3607,4.6
Bluewater Condominiums by Vacasa,"1585 Gulf Shores Pkwy, Gulf Shores, AL 36542, USA",https://www.vacasa.com/usa/Bluewater-Condominiums/?utm_source=gmb&utm_medium=organic&utm_campaign=gmb-Bluewater-Condos,,(503) 345-9399,4.1
The Beach Club Resort & Spa,"925 Beach Club Trail, Gulf Shores, AL 36542, USA",https://thebeachclub.spectrumresorts.com/?utm_source=google&utm_medium=places&utm_campaign=places,,(888) 224-7684,4.5
Beachside Resort Hotel,"{'street': '610 W Beach Blvd', 'city': 'Gulf Shores', 'state': 'Alabama', 'zip': '36542', 'coordinates': {}}",https://beachsideresortgulfshores.com/,,(251) 948-8141,3.5
CrossFit Anchor Down,"27085 Canal Rd, Orange Beach, AL 36561, USA, Gulf Shores, AL",https://crossfitanchordown.com/contact.html,,(217) 841-6983,5
Public Parking,"536 W Beach Blvd, Gulf Shores, AL 36542, USA",https://www.gulfshoresal.gov/1139/Beach-Parking,,(251) 483-3665,4.3
Gulf Shores 1353,"497 Plantation Rd, Gulf Shores, AL 36542, USA",https://www.alabamavacationhomerentals.com/listing.112,,(864) 640-3812,4
Sand Dollar Photographers,"736 Bienville Blvd, Gulf Shores, AL",https://www.sanddollarphotographers.com/,,(251) 591-6845,5
Coastal Segway Adventures,"21101 AL-135, Gulf Shores, AL",http://www.coastalsegwayadventures.com/,,(251) 509-8687,4.8
Perdido Key Beach,"Perdido Key Beach, Gulf Shores, FL",https://www.perdidokey.com,,#ERROR!,4.7
Gulf State Park Visitor Center,"20115 State Park Rd, Gulf Shores, AL",https://www.alapark.com/parks/gulf-state-park/visitor-center,,,4.8
Soul Shine Yoga,"103 N Bancroft St, Gulf Shores, AL",http://www.thesoulshinelife.com/,,(251) 225-4597,4.9
Navy Boulevard Animal Hospital,"3835 W Navy Blvd, Gulf Shores, FL",http://www.navyblvd.com/,,(850) 455-1349,4.6
AMC CLASSIC Pensacola 18,"6595 North W Street, Gulf Shores, FL",https://www.amctheatres.com/movie-theatres/pensacola-mobile/amc-classic-pensacola-18?utm_medium=organic&utm_source=google&utm_campaign=local,,(850) 471-1520,4.1
Agape’ Yoga,"24025 Miflin Rd, Gulf Shores, AL",https://www.facebook.com/profile.php?id=100084739742771&mibextid=LQQJ4d,,(251) 955-1919,5
Impact Fitness,"18930 Baldwin County Rd 10, Gulf Shores, AL",https://impactfitnessgym.com/,,(251) 752-5265,4.9
Magic Hair by Marie and Laurie,"1404 W W 1st St, Gulf Shores, AL",,,(251) 948-8898,4.9
East Perdido Key State Park,"15301 Perdido Key Dr, Pensacola, FL 32507, USA, Gulf Shores, FL",https://www.floridastateparks.org/park/Perdido-Key,,(850) 492-1595,4.8
Regions Bank,"1400 Gulf Shores Pkwy, Gulf Shores, AL 36542, USA",https://www.regions.com/locator/al/gulf-shores/full-service-branch-1400-gulf-shores-pkwy?cid=localListing_google,,(251) 213-2130,2.7
Selah,"741 Plantation Rd, Gulf Shores, AL 36542, USA",http://selahfortmorgan.com/,,(251) 424-7235,4.9
The Creamery,"925 Beach Club Trail, Gulf Shores, AL 36542, USA",https://thebeachclub.spectrumresorts.com/dining/village-creamery/,,(251) 224-3660,4.3
Perdido Bay CrossFit,"700 Giese Ln b, Gulf Shores, FL",http://www.perdidobaycrossfit.com/,,(850) 382-9161,4.9
REGYMEN Fitness Pensacola,"5007 N Davis Hwy # 14, Gulf Shores, FL",https://regymenfitness.com/pensacola/,,(850) 435-4075,4.9
Caribe Cruiser,"28099 Perdido Beach Blvd, Gulf Shores, AL",https://caribemarina.com/,,(251) 980-8410,4.6
Rustic Beauty Salon,"116 W Railroad Ave, Gulf Shores, AL",https://www.rusticbeautysalon.com/,,(970) 768-3674,4.7
MOXIE Lifestyle Fitness Studio,"4776 Main St L206, Gulf Shores, AL",https://moxie-lifestyle.com/,,(251) 219-0504,4.8
Christy Ann Photography,"389 Clubhouse Dr STE B2, Gulf Shores, AL",http://www.christyannphoto.com/,,(251) 752-8942,4.9
Fort Morgan Property Management,"6930 AL-180, Gulf Shores, AL 36542, USA",http://www.gulfrentals.com/,,(800) 959-7326,4
Tarkiln Bayou State Park Parking,"2223 Bauer Rd, Gulf Shores, FL",https://www.floridastateparks.org/park/Tarkiln-Bayou,,,4.6
Orange Street Pier-Beach,"Orange Street Pier-Beach, Gulf Shores, AL",,,,4.7
Playa de Amelia,"76HW+Q2, Gulf Shores, AL",,,,5
McClure’s Catering,"4575 Orange Beach Blvd #106, Gulf Shores, AL",,,(251) 974-2245,
McKee Botanical Garden,"350 US-1, Gulf Shores, FL",http://www.mckeegarden.org/,,(772) 794-0601,4.7
Gulf Shores Beach,"112 W Beach Blvd, Gulf Shores, AL",https://www.hilton.com/en/hotels/gufbees-embassy-suites-gulf-shores-beach-resort/?SEO_id=GMB-AMER-ES-GUFBEES&y_source=1_MTAxNzg1OTY1OS03MTUtbG9jYXRpb24ud2Vic2l0ZQ%3D%3D,,#ERROR!,4.9
Joanne Johnson Massage of Perdido Key,"1009 Chandelle Lake Dr, Gulf Shores, FL",http://www.massageofperdidokey.com/,,(850) 380-1169,4.3
Paws & Relax Vacation Rental,"428 Bernard Ct W, Gulf Shores, AL",http://www.pawsvacations.com/,,(314) 303-9416,5
"Marco's Pizza Cotton Creek Drive, Gulf Shores","{'street': '160 Cotton Creek Drive', 'city': 'Gulf Shores', 'state': 'AL', 'zip': '36542', 'coordinates': {'lat': 30.2987805, 'lng': -87.6813811}}",https://www.marcos.com,,(251) 975-1200,
Petit Ami Event Venue,"196 N Palafox St, Gulf Shores, FL",http://palafoxhouse.com/,,(850) 761-1905,4.5
Palace Casino Resort,"158 Howard Ave, Gulf Shores, AL",https://www.palacecasinoresort.com/,,(228) 432-8888,4.3
My Beach Getaways,"13700 Perdido Key Dr # B-222, Gulf Shores, FL",https://mybeachgetaways.com/perdido-key-beach-rentals/,,(800) 488-8978,4.5
Pensacola Bay,"30 S I St, Gulf Shores, FL",,,,5
Beach club B509,"375 Beach Club Trail, Gulf Shores, AL",,,,5
Voices of Pensacola Multicultural Center,"117 E Government St, Gulf Shores, FL",http://historicpensacola.org/,,(850) 595-5840,4.8
Coastal Fitness,"1340 S Commercial Dr, Foley, AL 36535, USA, Gulf Shores, AL",http://www.thecoastalgym.com/,,(251) 747-2687,4.9
The Farm,"24025 Miflin Rd, Gulf Shores, AL",,,(251) 955-1919,5
Hangout Music Festival,"101 E Beach Blvd, Gulf Shores, AL",http://www.hangoutmusicfest.com/,,(251) 948-3030,4.8
Hayes Farm,"9854 Lancaster Rd, Gulf Shores, AL",https://www.theorchardathayesfarm.com/,,,4.9
Michael Dow Amphitheater,"3055-B Bank Ave, Gulf Shores, AL",https://mprd.recdesk.com/Community/Calendar?facilityId=222,,(251) 452-1792,4.5
Finding Beauty Photography,"1710 Beachside Dr, Gulf Shores, FL",http://www.findingbeautyphotography.com/,,(251) 609-4826,5
Nauti Mermaid - Upscale Airbnb on Quiet West Beach,"1138 W Beach Blvd, Gulf Shores, AL 36542, USA",https://gonecoastalgs.com/,,,4
Village Veterinary Hospital - Dr. Susan D Cardwell,"11433 Old Hwy 31, Gulf Shores, AL",http://villagevetspanishfort.com/,,(251) 626-3975,4.8
Orange Beach Pontoons,"29209 Perdido Beach Blvd APT 101, Gulf Shores, AL",,,(251) 210-7800,5
FUNBOX,"3299 Joe Treadwell Dr, Gulf Shores, AL",https://funbox.com/,,,
Bender Vacation Rentals,"{'street': '956 West Beach Boulevard', 'city': 'Gulf Shores', 'state': 'Alabama', 'zip': '36542', 'coordinates': {'lat': 30.24563, 'lng': -87.707825}}",http://www.benderrealty.com/,,(251) 948-2651,4.7
Float My Boat Rentals - Pensacola & Pensacola Beach,"101 Palafox Pl #12670, Gulf Shores, FL",https://floatmyboatrentals.com/,,(850) 312-1468,4.4
Perdido River Wildlife Management Area,"Robertsdale, Gulf Shores, AL",http://www.alabamaforeverwild.com/perdido-river-wma,,(850) 382-4397,4.6
Perdido Bay Seafood,"13506 Perdido Key Dr suite 101, Gulf Shores, FL",https://www.facebook.com/tcsseafood/,,(850) 492-0455,4.8
Alabama Beach Vacation Rentals,"3645 Gulf Shores Pkwy UNIT 101, Gulf Shores, AL",https://albvr.com/,,(251) 967-1681,4.6
NAS Pensacola Veterinarian Services (Building 535),"765 6th St, Gulf Shores, FL",https://taplink.cc/pcolavtf,,(850) 505-6596,4.1
On The Gulf Rentals,"5835 Cruzat Way, Gulf Shores, FL",http://on-the-gulf-rentals.square.site/,,(850) 318-0806,5
Crystal Shores West,"931 W Beach Blvd, Gulf Shores, AL 36542, USA",http://www.youngssuncoast.com/gulf-coast-property-management/condo-association-management/crystal-shores-west/,,(800) 826-1213,4.3
Pensacola Travel Agency,"802 Covington Pl W, Gulf Shores, FL",,,(850) 364-7699,5
Beach House Bed & Breakfast,"9218 Dacus Ln, Gulf Shores, AL 36542, USA",,,(251) 540-7039,4.9
Lillian Swamp Forever Wild Complex,"Lillian, Gulf Shores, AL",,,,4.5
Seminole Casino Coconut Creek,"5550 NW 40th St, Gulf Shores, FL",https://casino.hardrock.com/coconut-creek,,(954) 977-6700,4.2
22698 Perdido Beach Blvd Parking,"22698 Perdido Beach Blvd, Gulf Shores, AL 36542, USA",,,,4.7
Southern Belle Luxury Cruises,"27267 Perdido Beach Boulevard, Gulf Shores, AL",,,(352) 325-0705,5
Orange Beach Golf Center,"4700 Easy St, Gulf Shores, AL",https://www.orangebeachal.gov/238/Golf-Center,,(251) 981-4653,4.4
Legacy Oaks Venue,"27300 Schoen Rd, Gulf Shores, AL",https://legacyoaksvenue.com/,,(251) 200-2979,5
The Lodge at Gulf State Park,"{'street': '21196 East Beach Blvd', 'city': 'Gulf Shores', 'state': 'AL', 'zip': '36542', 'coordinates': {'lat': 30.250184, 'lng': -87.6644393}}",https://lodgeatgulfstatepark.com,,(251) 540-4000,
Camelot Photography | Orange Beach,"24809 Gulf Stream Circle, Gulf Shores, AL",http://www.camelotphotography.org/,,(251) 928-8082,4.4
Southwind Marina,"10121 Sinton Dr C10, Gulf Shores, FL",http://www.southwindmarina.com/,,(850) 619-6348,4.6
Gator Lake Trail,"Mobile St, Gulf Shores, AL",,,,4.5
Chevron Gulf Shores,"15827 AL-180, Gulf Shores, AL 36542, USA",http://www.chevronwithtechron.com/stations/station-finder.aspx,,(251) 967-2862,4
Vacation Beach Portraits Perdido Key,"13700 Perdido Key Dr B224-C, Gulf Shores, FL",https://vacationbeachportraits.com/,,(850) 332-5663,5
Regions Bank - Gulf Shores 1400 Gulf Shores Parkway,"{'street': '1400 Gulf Shores Pkwy.', 'city': 'Gulf Shores', 'state': 'AL', 'zip': '36542', 'coordinates': {}}",https://www.regions.com,,251-213-2130,
DETAILING UNLIMITED &Ceramic Coating,"19451 Oak Rd W, Gulf Shores, AL 36542, USA",http://detailingpressure.com/,,(251) 233-8363,4.5
ONE Club Gulf Shores Apartments,"20050 Oak Rd E, Gulf Shores, AL",https://oneclubgulfshores.com/apartment-rentals/?utm_source=apartmentseo&utm_medium=googlebusinessprofile&utm_campaign=organicmaplisting,,#ERROR!,3.9
Mikee's Seafood,"205 E 2nd Ave, Gulf Shores, AL 36542, USA",(251) 948-6452,,(251) 948-6452,4.1
Image Five Photography,"476 Orleans St, Gulf Shores, AL",http://imagefivephotography.com/,,(251) 224-5465,5
Fort Pickens,"1400 Fort Pickens Rd, Gulf Shores, FL",https://www.nps.gov/guis/planyourvisit/fort-pickens-area.htm,,(850) 934-2622,4.8
Museum of Industry,"200 Zaragoza St, Gulf Shores, FL",http://historicpensacola.org/plan-your-visit/museums-properties/museum-of-industry/,,(850) 595-5985,4.7
Auburn Veterinary Specialists - Gulf Shores,"21541 Co Rd 8, Gulf Shores, AL",https://www.vetmed.auburn.edu/animal-owners/gulf_shores/,,(251) 227-8480,4.7
"Evolve Fitness Spa, LLC.","3757 Gulf Shores Pkwy, Gulf Shores, AL 36542, USA, Gulf Shores, AL",http://www.evolvefitness.fit/,,(251) 747-1379,4.5
DeSoto's Seafood Kitchen,"{'street': '138 West 1st Ave.', 'city': 'Gulf Shores', 'state': 'AL', 'coordinates': {'lat': 30.2495366, 'lng': -87.69145790654058}, 'zip': '36542'}",https://desotosseafoodkitchen.com,,(251) 948-7294,
Baby Jay's BBQ,"9989 AL-180, Gulf Shores, AL 36542, USA",,,,3
"Key Concepts Realty, Inc.","13880 Perdido Key Dr, Gulf Shores, FL",,,(850) 492-5462,4.5
Aqua Chaser,"104 S Owa Blvd, Gulf Shores, AL",https://visitowa.com/attractions/aqua-chaser/,,,
Planet Fitness,"1639 S McKenzie St, Gulf Shores, AL",https://www.planetfitness.com/gyms/foley-al?utm_medium=organic&utm_source=extnet,,(251) 943-9370,4.3
Lulu's,"{'city': 'Gulf Shores', 'state': 'AL', 'coordinates': {}}",https://lulusgulfshores.com,,,
Cotton Bayou Trail,"Cotton Bayou Trail, Gulf Shores, AL",,,(251) 981-6979,4.9
NAS Pensacola Radford Fitness Center,"450 Radford Blvd, Gulf Shores, FL",https://www.navymwrpensacola.com/programs/073963f2-b6a6-4457-854d-49e1228dee5e,,(850) 452-9845,4.4
CVS Pharmacy,"3820 Gulf Shores Pkwy, Gulf Shores, AL 36542, USA",https://www.cvs.com/store-locator/gulf-shores-al-pharmacies/3820-gulf-shores-pkwy-gulf-shores-al-36542/storeid=17236?WT.mc_id=LS_GOOGLE_RX_17236,,(251) 967-7002,4.5
Dauphin Island Harbor House,"730 Cadillac Ave, Gulf Shores, AL",http://www.diharborhouse.com/,,(251) 861-2119,4.7
Pensacola Ghosts:Ghost Tours and Haunted Pub Crawls,"201 S Jefferson St, Gulf Shores, FL",https://usghostadventures.com/pensacola-ghost-tour/?utm_medium=organic&utm_source=google&utm_campaign=gmb_pensacola,,(850) 542-8657,4.8
Island Pancake House,"337 E Beach Blvd, Gulf Shores, AL 36542, USA",http://www.bwonthebeach.com/,,(251) 948-2711,4.4
Gulf Shores Entertainment Agency,"{'street': '1545 Gulf Shores Pkwy., #201', 'city': 'Gulf Shores', 'state': 'AL', 'zip': '36535', 'coordinates': {}}",http://gulfshoresentertainment.com,,251-237-3330,
Angel Hair Salon & Boutique,"128 Cove Ave, Gulf Shores, AL 36542, USA",http://myangelhair.com/,,(251) 923-6992,4.6
ONE Club Golf Course Gulf Shores,"20050 Oak Rd E, Gulf Shores, AL",https://oneclubgulfshores.com/golf/,,(251) 968-3234,3.8
Gulf State Park - Florida Point,"Gulf State Park - Florida Point, Gulf Shores, AL",,,,4.7
Anna's Laundromat,"205 Fort Morgan Rd Trail, Gulf Shores, AL 36542, USA",,,(251) 968-7070,3.4
Gulf Breeze Motel,"1512 Cadillac Ave, Gulf Shores, AL",https://gulf-breeze-motel.com/,,(251) 861-7344,4.6
Cleopatras Beauty Boutique,"1538 Gulf Shores Pkwy, Gulf Shores, AL 36542, USA",http://spasofeden.com/,,(251) 981-8600,4
Publix Pharmacy at Colonial Promenade at Craft Farms,"160 Cotton Creek Dr #100, Gulf Shores, AL 36542, USA",https://www.publix.com/pharmacy?utm_medium=maps&utm_source=google&utm_content=psmpharm_google_override,,(251) 948-2781,3.1
First Cahawba Bank,"144 Cove Ave, Gulf Shores, AL 36542, USA",https://www.firstcahawba.com/,,(251) 948-1001,5
Driftwood Beach Weddings,"2503 E 5th St, Gulf Shores, AL",https://www.driftwoodbeachwedding.com/,,(251) 550-9774,5
Village Point Park Preserve,"27710 Main St, Gulf Shores, AL",http://www.daphneal.com/,,(251) 621-3703,4.7
Orange Beach Nutrition,"2 Market St, Gulf Shores, AL",,,(251) 215-0701,4.4
Santa Rosa Ranch,"4340 Highway 178, Gulf Shores, FL",,,(850) 781-8868,4.8
Arcade at OWA,"B, Gulf Shores, AL",https://visitowa.com/entertainment/arcade/,,(251) 378-2827,4.3
Yoga Abode,"17 Via De Luna Dr, Gulf Shores, FL",https://www.iamabode.com/,,(850) 529-0699,5
Orange Beach Yoga,"4851 Wharf Pkwy W, Orange Beach, AL 36561, USA, Gulf Shores, AL",,,(251) 752-8090,5
Cafe Beignets of Alabama GS,"200 W Fort Morgan Rd, Gulf Shores, AL 36542, USA",,,(251) 948-2311,4.2
The Coldhole,"1631 Crosswinds Ct, Gulf Shores, AL 36542, USA",https://jessesrestaurant.com/on-the-bay/cold-hole-bar-grill/,,(251) 965-3827,5
Neighborhood Children’s Theatre,"2800 Wilde Lake Blvd, Gulf Shores, FL",http://neighborhoodchildrenstheatre.com/,,(850) 898-1789,5
Gulf Coast Veterinary Hospital,"24001 Canal Rd, Gulf Shores, AL",https://www.gulfcoastveterinaryhospitalorangebeachal.com/,,(251) 974-5633,4.6
Urban Air Trampoline and Adventure Park,"31000 Bass Pro Dr, Gulf Shores, AL",https://www.urbanair.com/alabama-spanish-fort/?utm_source=gmb&utm_medium=website,,(256) 269-3213,4.1
ZooWorld,"9008 Front Beach Rd, Gulf Shores, FL",http://www.zooworldpcb.com/,,(844) 966-4968,4.4
Fort Walton Beach Bowl,"745 Beal Pkwy, Gulf Shores, FL",http://www.fwbbowl.com/,,(850) 863-5603,4.2
Orange Beach Adult Fitness Center,"4847 Wilson Blvd, Orange Beach, AL 36561, USA, Gulf Shores, AL",https://www.orangebeachal.gov/469/Adult-Fitness-Center,https://www.gulfshoresorangebeach.com,(251) 981-6028,4.9
Court of De Luna Event Space,"116 E Gonzalez St #7, Gulf Shores, FL",https://www.deluna.com/,,(850) 712-1951,4.8
Tammy Klahn Cruise Planners,"8611 Bonney Brook Ct, Gulf Shores, AL",http://www.tammystraveladventures.com/,,(507) 317-6883,
Riverside Park,"Canfield Park, Gulf Shores, AL",http://www.cityoffortmorgan.com/parks,,(970) 867-3808,4.4
Coastal Flowers & Design,"{'city': 'Gulf Shores', 'state': 'AL', 'zip': '36542', 'coordinates': {}}",http://www.coastalflowersanddesign.com/,,(251) 968-7673,4.8
"Gulf Shores Vacation Rentals, Inc","1240 Commerce Dr Suite A, Gulf Shores, AL",https://www.gsvacationrentals.com/?utm_source=google&utm_campaign=local&utm_medium=organic,,(877) 747-4787,4.3
Treehouse Cafe,"{'street': '1538 Gulf Shores Parkway Unit 5', 'city': 'Gulf Shores', 'state': 'Alabama', 'zip': '36542', 'coordinates': {}}",http://www.treehouse.gs/,,(251) 220-5263,5
Iron Palace Casino,"5045 Bayou Blvd, Gulf Shores, FL",https://treasuretroveturn.com/?utm_geo=us,,,
"Joe Curlette, Associate Broker: Young's Suncoast Realty on the Gulf","409 E Beach Blvd #300, Gulf Shores, AL 36542, USA",http://www.joeatthebeach.com/,,(251) 979-9781,4.3
Massage At Wolf Bay,"25595 Canal Rd Suite P, Gulf Shores, AL",http://massageatwolfbay.net/,,(251) 623-0411,4.8
Gulf State Park Pier,"20800 E Beach Blvd, Gulf Shores, AL 36542, USA",https://www.alapark.com/parks/gulf-state-park/fishing-and-education-pier,,(251) 967-3474,4.7
Megan's Landing Veterinary Clinic,"10081 US-98, Gulf Shores, FL",http://www.meganslandingvet.com/,,(850) 912-4700,4.9
Sun Shots,"3736 Cypress Point Dr #103B, Gulf Shores, AL",https://sun-shots.com/,,(251) 968-2119,5
Carousel,"3200 Gulf Shores Pkwy, Gulf Shores, AL",http://www.funatthetrack.com/,,(251) 270-0210,4
Susan N. McCollough Art,"{'city': 'Gulf Shores', 'state': 'AL', 'coordinates': {}}",http://www.susannmccolloughart.media/,,,
Mike Rienzi Golf,"1421 Regency Rd, Gulf Shores, AL",,,,3.7
Luxury Yacht Rentals of Orange Beach,"Fish Trap Road, Gulf Shores, AL",,,(251) 533-2755,5
Champion Getaway,"400 Plantation Rd Unit #3213, Gulf Shores, AL 36542, USA",,,(678) 986-0294,5
The Bohemian an Event Venue,"100 S Owa Blvd, Gulf Shores, AL",,,(251) 923-2111,1
Melisa Pierce | Dauphin Island Family & Beach Photographer,"Bienville Blvd, Gulf Shores, AL",http://www.melisapiercephotography.com/,,(251) 232-5161,5
Port Bay view,"611 Bonita Ct, Gulf Shores, AL",,,,
Pensacola Athletic Center,"7700 US-98, Gulf Shores, FL",http://www.pacactive.com/,,(850) 453-1534,4.6
LUXURY LIMO LLC - ORANGE BEACH ALABAMA,"24948 Wolf Bay Terrace, Gulf Shores, AL",https://www.luxurylimollc.com/,,(251) 968-6994,5
Gulf Shore,"Gulf Shores, Gulf Shores, AL",https://oneclubgulfshores.com/apartment-rentals/?utm_source=apartmentseo&utm_medium=googlebusinessprofile&utm_campaign=organicmaplisting,,,4
Fort Morgan Beach Rentals,"10613 AL-180, Gulf Shores, AL",http://ftmorganbeachrentals.com/,,(251) 597-7752,4.9
Sunliner Diner,"{'street': '100 E. 2nd Ave.', 'city': 'Gulf Shores', 'state': 'AL', 'zip': '36542', 'coordinates': {'lat': 30.2714, 'lng': -87.5801}}",https://sunlinerdiner.com,,(251) 937-6590,4.9
Singing River Academy Auditorium,"4106 Gautier Vancleave Rd, Gulf Shores, AL",http://sraa.ms/,,(228) 522-6234,4.7
Friends of Panhandle Butterfly House,"4966 Henry St, Gulf Shores, FL",http://panhandlebutterflyhouse.org/,,(850) 741-9077,4.4
DRIFT,"41 Fort Pickens Rd Floor 2, Gulf Shores, FL",https://driftpcola.com/home/,,(850) 733-7331,4.4
The Premier Event Center,"7525 Three Notch Rd, Gulf Shores, AL",,,(251) 217-1540,4.7
Wise Getaways,"14289 Beach Heather Ct, Gulf Shores, FL",https://www.wisegetaways.com/,,(850) 812-4821,5
Tuscany Pizza and Grill,"{'street': '3800 Gulf Shores Parkway', 'city': 'Gulf Shores', 'state': 'AL', 'zip': '36542', 'coordinates': {}}",http://tuscanypizzaandgrill.com/,,(251) 948-0777,4.3
Southern Shores Photography,"4948 Look Rook Rd, Gulf Shores, AL",http://www.southernshoresphoto.com/,,(251) 424-5220,5
Crystal Tower By Young's Suncoast,"3639 Gulf Shores Pkwy STE 1, Gulf Shores, AL",http://www.youngssuncoast.com/rentals/complexes/crystal-tower/?utm_source=GMBCrystalTower&utm_medium=social&utm_campaign=rentals_complexes_crystal-tower&utm_content=rentals_complexes_crystal-tower,,(251) 968-7158,4.5
The Track - Gulf Shores,"3200 Gulf Shores Pkwy, Gulf Shores, AL 36542, USA",https://www.funatthetrack.com/,,(251) 270-0209,4.4
Perdido Bay Activity Center,"13660 Innerarity Point Rd, Pensacola, FL 32507, USA, Gulf Shores, FL",,,(850) 497-0000,3
Vince J. Whibbs Sr. Community Maritime Park,"301 W Main St, Gulf Shores, FL",http://pensacolacommunitymaritimepark.com/,,(850) 436-5670,4.7
Crowned Hair Salon,"201 E 16th Ave Suite A, Gulf Shores, AL 36542, USA",https://crownedhairsalon.com/,,(251) 753-8064,5
The Bridge Waterfront Venue,"33 Gulf Breeze Pkwy, Gulf Shores, FL",http://www.gbsunsetvenue.com/,,(850) 781-5818,4.7
Creekside Family Fun Center,"20868 Miflin Rd, Gulf Shores, AL",http://www.creeksideminigolf.net/,,(251) 451-4653,4.7
Gulf Shores CrossFit,"7369 Alamo Cir, Gulf Shores, AL 36542, USA, Gulf Shores, AL",https://www.gulfshorescrossfit.com/,,(716) 713-8777,5
Perdido Pass Jetty,"Orange Beach, Gulf Shores, AL",,,,4.6
The Loft at the Mercantile,"2 E Intendencia St, Gulf Shores, FL",https://www.loftatthemercantile.com/,,(850) 480-3316,5
Lady in the Marina,"8C7H+4R, Gulf Shores, AL",https://www.barbermarina.com/,,(251) 987-2628,4.7
Shrimpy's Grill and Golf,"204 E 2nd Ave, Gulf Shores, AL",https://www.shrimpysminigolf.com/,,(251) 948-6464,4.4
Fort Pickens Jetty,"1404 Fort Pickens Rd #1402, Gulf Shores, FL",https://www.recreation.gov/camping/fort-pickens-campground/r/campgroundDetails.do?contractCode=NRSO&parkId=97219,,(850) 934-2600,4.8
Alvins Island Outfitters - #37,"428 W Beach Blvd, Gulf Shores, AL 36542, USA",https://alvinsisland.com/,,(251) 974-1660,4.6
South Baldwin Community Theatre,"2022 W 2nd St, Gulf Shores, AL",http://www.sbct.biz/,,(251) 968-6721,4.8
Fort Morgan Pizza,"{'street': '9989 Alabama Highway 180', 'city': 'Gulf Shores', 'state': 'AL', 'zip': '36542', 'coordinates': {}}",http://www.fortmorganpizza.com/,,(251) 540-2622,2.6
The FIT CLUB @midtown,"1550 W 2nd St Unit A1, Gulf Shores, AL",,,,4.7
Bon Secour National Wildlife Refuge Mobile Street Beach Parking Lot,"462 Mobile St, Gulf Shores, AL 36542, USA",,,,4.6
The Spa at The Beach Club Resort,"{'street': '453 Beach Club Trail', 'city': 'Gulf Shores', 'state': 'AL', 'zip': '36542', 'coordinates': {'lat': 30.230832618567874, 'lng': -87.87831670786223}}",https://thebeachclubspa.com,,251-224-2772,
Crown Hall by Bay Gourmet Catering,"653 St Louis St, Gulf Shores, AL",https://crownhall.events/,,(251) 450-9051,4.6
Beach Estate,"Beach Estate, Gulf Shores, AL",http://www.meyerre.com/,,(877) 528-5731,4.6
Oak Hollow Farm Inc,"14210 S Greeno Rd, Gulf Shores, AL",https://oakhollowfarm.net/,,(251) 928-4840,4.6
Rouses Market,"1549 Gulf Shores Pkwy Suite 1150, Gulf Shores, AL 36542, USA",https://www.rouses.com/,,(251) 948-4715,4.6
Salvation Strength & Performance,"600 E Cervantes St, Gulf Shores, FL",http://www.salvationsp.com/,,(850) 285-0200,5
USA Laidlaw Performing Arts Center,"5751 USA S Dr, Gulf Shores, AL",http://www.southalabama.edu/drama,,(251) 460-6306,4.7
De Soto's Seafood Kitchen,"138 W 1st Ave, Gulf Shores, AL 36542, USA",https://www.desotosseafoodkitchen.com/,,(251) 948-7294,4.4
Gulf Coast Boat Rentals,"E Canal Dr, Gulf Shores, AL",https://www.gulfcoastboatrentals.com/,,(251) 496-3120,5
Lost Key Animal Clinic,"4190 Bauer Rd, Gulf Shores, FL",https://www.lostkeyanimalclinic.com/,,(850) 492-6878,4.5
Westside Animal Hospital,"711 N Fairfield Dr, Gulf Shores, FL",http://pensacolawestvet.com/,,(850) 453-3463,4.7
Workout Anytime Pensacola,"5353 N Palafox St, Gulf Shores, FL",https://workoutanytime.com/pensacola,,(850) 972-8867,4.3
Ccc Museum,"Gulf Shores, AL 36542, USA",,,,3
The Gym of Foley,"120 W Berry Ave, Gulf Shores, AL",http://www.gymoffoley.com/,,(251) 714-9715,4.8
Sands of Alabama Vacation Rentals LLC,"25299 Canal Rd STE B1, Gulf Shores, AL",http://www.sandsofalabama.com/,,(251) 318-2928,4.8
Fort Morgan RV Park,"10397 2nd St, Gulf Shores, AL 36542, USA",http://www.fortmorganrvpark.com/,,(251) 369-6143,4.4
Sanders Beach Kids Park,"Sanders Beach, Gulf Shores, FL",https://www.cityofpensacola.com/facilities/facility/details/Sanders-Beach-Park-77,,,4.4
20115 State Highway 135 Parking,"22698 Perdido Beach Blvd, Gulf Shores, AL 36542, USA",,,(251) 948-7275,2.3
Mercy Medical Health Center of Gulf Shores,"3849 Gulf Shores Pkwy STE 9, Gulf Shores, AL 36542, USA",https://www.facebook.com/mmhcgulfshores,,(251) 957-8970,4.9
CMX Cinemas Pinnacle 14,"{'street': '3780 Gulf Shores Pkwy', 'city': 'Gulf Shores', 'state': 'AL', 'zip': '36542', 'coordinates': {}}",https://www.cmxcinemas.com,,(251) 923-0100,
Bottomed Out Fishing Charters,"{'street': '1577 AL-180', 'city': 'Gulf Shores', 'state': 'AL', 'zip': '36542', 'coordinates': {}}",gulfshorescharterfishing.net,,(205) 370-5091,
Overstreet investments,"25150 Canal Rd, Gulf Shores, AL",https://www.golfcarts2you.com/,,(251) 978-2620,5
Tropical Suds Car Wash,"{'street': '3300 Gulf Shores Pkwy', 'city': 'Gulf Shores', 'state': 'AL', 'zip': '36542', 'coordinates': {}}",https://lomyu.me/tropical-suds-car-wash-675575-us,,,2.6
"Pensacola Museum of History, at the University of West Florida","330 S Jefferson St, Gulf Shores, FL",http://www.historicpensacola.org/plan-your-visit/museums-properties/pensacola-museum-of-history/,,(850) 595-5990,4.6
Wildlife Sanctuary of Northwest Florida,"105 N S St, Gulf Shores, FL",http://www.pensacolawildlife.com/,,(850) 433-9453,4.8
Anytime Fitness,"8154 AL-59 Ste 216, Foley, AL 36535, USA, Gulf Shores, FL",https://www.anytimefitness.com/locations/foley-alabama-3343/?utm_source=google&utm_medium=organic-businesslisting&utm_campaign=gbp-listing&utm_content=3343,,(251) 923-5550,4.5
Hunters Bend,"22843 Perdido Beach Blvd, Gulf Shores, AL",https://www.ihg.com/hotelindigo/hotels/us/en/orange-beach/orbit/hoteldetail?cm_mmc=GoogleMaps-_-IN-_-US-_-ORBIT,,(251) 981-1737,4.1
Merchants & Marine Bank,"1820 Gulf Shores Pkwy, Gulf Shores, AL 36542, USA",https://www.mandmbank.com/,,(251) 949-5600,3.7
Perdido Bay Park,"12174 Co Rd 99, Gulf Shores, AL",,https://www.perdidokey.com,,4
Bluewater Zoo Exotic Aquariums & Reptiles,"637 Beal Pkwy NW Ste A, Gulf Shores, FL",http://www.facebook.com/bluewaterzoo,,(850) 226-6693,4.7
Blue Sky Parasailing and Watersports,"401 E Beach Blvd, Gulf Shores, AL",https://blueskyparasailingandwatersports.net/,,(251) 981-7400,4.4
Gulf Shores,"Gulf Shores, AL, USA",http://www.cityofgulfshores.org/,,,
Ocean Bri’s Massage and Spa,"27250 Perdido Beach Blvd Suite F4, Gulf Shores, AL",https://www.oceanbrismassageandspa.com/,,#ERROR!,4.8
Heron Pointe at the Wharf,"4985 Wharf Pkwy E, Gulf Shores, AL",,,(407) 222-4479,4.8
Lost Key Golf & Beach Club,"625 Lost Key Dr UNIT B, Gulf Shores, FL",https://www.lostkeygolf.com/,,(850) 492-6015,4.2
Visitors Information Center,"15500 Perdido Key Dr, Gulf Shores, FL",https://www.visitpensacola.com/plan-your-trip/visitors-center/,,(850) 602-9279,4.8
Beach Planet,"13700 Perdido Key Dr # A-107, Gulf Shores, FL",,,,4.2
Orange Beach Phoenix VI Unit 411,"26800 Perdido Beach Blvd #61503, Gulf Shores, AL",https://www.phoenix6411.com/orangebeachcondoscontact,,(251) 327-2561,3.8
Romar Marina,"26350 Cotton Bayou Dr, Gulf Shores, AL",https://romarmarina.com/,,(251) 981-9771,4.5
VictoryLand Casino,"Main St, Gulf Shores, AL",https://www.victoryland.com/,,(334) 727-0540,3.5
Mrs. Fields® Gulf Shores,"{'street': '1301 Gulf Shores Pkwy', 'city': 'Gulf Shores', 'state': 'AL', 'zip': '36542', 'coordinates': {'lat': 30.2629487, 'lng': -87.6888329}}",https://www.mrsfields.com/store/gulf-shores,,(251) 968-8229,
Fat Daddy's Arcade,"24565 Perdido Beach Blvd, Gulf Shores, AL",https://fatdaddysarcade.com/,,(251) 980-1050,4.1
Austen Hunter Photography,"11044 Tanton Ln, Gulf Shores, FL",http://www.austenhunter.com/?utm_source=google&utm_medium=wix_google_business_profile&utm_campaign=8051804278525643571,,(626) 203-3741,5
Coast Restaurant,"{'street': '453 Beach Club Trail', 'city': 'Gulf Shores', 'state': 'AL', 'zip': '36542', 'coordinates': {'lat': 30.2303791, 'lng': -87.8757629}}",https://dineatcoast.com,,251-224-3600,
Museum of Shadows,"341 N Navy Blvd, Gulf Shores, FL",https://www.museumofshadows.com/,,(850) 741-2054,4
Ocean Blue,"2752 Ponce De Leon Ct East, Gulf Shores, AL",,,,5
"Gulf Shores Orange Beach Weddings, LLC","241 W 23rd Ave, Gulf Shores, AL",http://www.gulfshoresorangebeachweddings.com/,,(251) 233-7582,4.8
Massage Envy,"160 Cotton Creek Dr Suite 220, Gulf Shores, AL 36542, USA",https://locations.massageenvy.com/alabama/gulf-shores/160-cotton-creek-drive.html?utm_source=GMB&utm_medium=useractions&utm_campaign=website,,(256) 410-5011,4.6
Bahama Bob's Beach Side Cafe,"601 W Beach Blvd, Gulf Shores, AL 36542, USA",https://www.bahamabobs.com,,#ERROR!,4.5
Joe Curlette - Associate Broker at Young's Suncoast Realty,"{'street': '409 E Beach Blvd', 'city': 'Gulf Shores', 'state': 'AL', 'coordinates': {'lat': 30.2488163, 'lng': -87.6805724}}",http://www.joeatthebeach.com/,,251-979-9781,
Lakewood Golf Club,"5910 Lakewood Dr, Gulf Shores, AL",http://www.lakewoodatthegrand.com/,,(251) 990-6312,4.4
Phoenix All Suites Hotel,"{'street': '201 E. Beach Blvd.', 'city': 'Gulf Shores', 'state': 'AL', 'zip': '36542', 'coordinates': {'lat': 30.25, 'lng': -87.65}}",https://www.phoenixallsuites.com/,,(800) 211-7892,4
Gulf Shores Salon,"3817 Parkway South Unit 8, Gulf Shores, AL",,,(251) 968-2013,4.7
Pensacola Improv Event Center,"375 N Pace Blvd, Gulf Shores, FL",http://www.pensacolaimprov.com/,,(850) 332-5974,4.7
"ABOUT US: Brookman's Smokehouse opened  in Gulf Shores in August of 2020, just a week before Hurricane Sally hit","1544 Gulf Shores Pkwy Suite C
Gulf Shores, AL 36542",https://www.firesmokedfish.com,,(,
MISO SEAFOOD,"160 Cotton Creek Dr ste 250, Gulf Shores, AL 36542, USA",(251) 948-2228,,(251) 256-0051,4.6
Gulf Shores Diner,"3639 Gulf Shores Pkwy #4, Gulf Shores, AL 36542, USA",https://www.needlerushpoint.com,,(251) 948-0088,4.6
Roses and Blooms,"{'street': '160 Cotton Creek Drive', 'city': 'Gulf Shores', 'state': 'AL', 'zip': '36542', 'coordinates': {'lat': 30.29836, 'lng': -87.68166}}",https://gulfshoresrosesandblooms.com/,,(251) 609-2789,4.8
Gulf State Park Pier Parking Lot,"Gulf Shores, AL 36542, USA",,,,4.7
Arena The Next Level,"4720 Main St Suite 205, Gulf Shores, AL",http://www.arenaorangebeach.com/,,(251) 224-5297,3.6
Crumbl Cookies Gulf Shores,"{'street': '3800 Gulf Shores Pkwy, Bldg 100, Ste 138', 'city': 'Gulf Shores', 'state': 'Alabama', 'zip': '36542'}",https://crumblcookies.com,,(251) 238-6939,
Windcreek Casino Hotel,"1801 Eddie L Tullis Rd, Gulf Shores, AL",https://windcreek.com/montgomery,,,4.4
SouthState Bank,"1560 W 2nd St, Gulf Shores, AL 36542, USA",https://www.southstatebank.com/global/location-detail/747/1560-West-2nd-St?utm_source=listings&utm_medium=local&utm_campaign=yext,,(251) 677-6384,5
"Shear D Tails Grooming Studio, LLC.","3800 Gulf Shores Pkwy Suite 150, Gulf Shores, AL",,,(251) 948-9400,4.7
Gulf State Park Nature Center,"20115 State Park Road, Gulf Shores, AL 36542, USA, Gulf Shores, AL",https://www.alapark.com/parks/gulf-state-park,https://www.alapark.com/gulf-state-park,(251) 948-7275,4.8
Fort Morgan Beach,"Gulf Shores, Gulf Shores, AL",,,,4.8
Mo's Landing Park,"18068 Fort Morgan Road, Gulf Shores, AL 36542, USA",https://www.gulfshoresal.gov/1221/Mos-Landing,,(251) 968-2425,4.9
Bldg 82 UWF Center For Fine And Performing Arts,"82 Service Rd, Gulf Shores, FL",http://uwf.edu/cfpa,,(850) 857-6057,4.9
Target Gulf Shores,"{'street': '3820 Gulf Shores Parkway', 'city': 'Gulf Shores', 'state': 'AL', 'zip': '36542-2819', 'coordinates': {'lat': 30.303574, 'lng': -87.680528}}",https://www.target.com,,(251) 967-7001,
Gulf Shores Plantation West - Gulf View Gulf Front,"{'street': '497 Plantation Rd', 'city': 'Gulf Shores', 'state': 'AL', 'zip': '36542', 'coordinates': {}}",https://www.alabamavacationhomerentals.com/listing.112,,,
Island Quik Mart,"15827 AL-180, Gulf Shores, AL 36542, USA",,,(251) 967-2862,3.4
CEFCO,"3665 Gulf Shores Pkwy, Gulf Shores, AL 36542, USA",https://cefcostores.com/location/cefco-430-gulf-shores-al/,,(251) 900-4271,4.3
St Charles Place,"25241 Perdido Beach Blvd STE W, Gulf Shores, AL",https://www.gulfshores.com/things-to-do/st-charles-place/,,(251) 981-6400,4.5
The Susan N. McCollough Gallery & Art Studio,"350 Cypress Bend Dr UNIT 105, Gulf Shores, AL 36542, USA",http://www.susannmccolloughart.media/,,(251) 967-7677,4.5
Gulf Adventures Fishing - Fort Morgan,"1577 AL-180, Gulf Shores, AL",http://www.gulfadventuresfishing.com/,,(251) 978-9711,4.4
Waterville USA/Escape House,"906 Gulf Shores Pkwy, Gulf Shores, AL 36542, USA",https://watervilleusa.com/,,(251) 948-2106,4.3
Gulf Coast Explorers,"1054 W Beach Blvd, Gulf Shores, AL",https://www.gulfcoastexplorers.com/?utm_source=google&utm_medium=wix_google_business_profile&utm_campaign=7735307979556016116,,(251) 752-2784,5
Elberta Animal Hospital,"27817 US-98, Gulf Shores, AL",http://elbertaanimalhospital.com/,,(251) 986-6400,4.7
East Place Parking - Permit Only,"201 E Beach Blvd, Gulf Shores, AL 36542, USA",,,,5
Beach Buzz,"12700 Gulf Beach Hwy, Gulf Shores, FL",https://sites.google.com/view/beachbuzz/home,,(850) 285-0461,4.4
Sugar Beach Condominiums #181,"23044 Perdido Beach Blvd, Gulf Shores, AL",https://www.vacasa.com/unit/29859,,,4.1
CVS Pharmacy at 3820 Gulf Shores Pkwy,"{'street': '3820 Gulf Shores Pkwy', 'city': 'Gulf Shores', 'state': 'AL', 'zip': '36542', 'coordinates': {}}",https://www.cvs.com/store-locator/gulf-shores-al-pharmacies/3820-gulf-shores-pkwy-gulf-shores-al-36542/storeid=17236,,(251) 967-7002,
Schreiber Veterinary Hospital,"1157 S McKenzie St, Gulf Shores, AL",https://www.schreibervethospital.com/,,(251) 203-1311,5
The Veterinary Emergency Referral Center,"4800 N Davis Hwy, Gulf Shores, FL",https://www.vetemergencycenter.com/?y_source=1_MTY1ODYyNjUtNzE1LWxvY2F0aW9uLndlYnNpdGU%3D,,(850) 477-3914,3.7
"Surf & Sand Hotel Pensacola Beach, FL","PB 32561, Gulf Shores, FL",https://www.surfandsandhotelpensacolabeach.com/,,(850) 934-5400,4
Be Balanced Day Spa,"4745 Cypress Village Blvd Suite 19, Gulf Shores, AL",https://bit.ly/3YVwkJv,,#ERROR!,
Prestige Event and Entertainment Center,"7054 Howells Ferry Rd B, Gulf Shores, AL",https://www.prestigeeventsofmobile.com/?utm_source=omg-gbp&utm_medium=webclick,,(251) 316-3191,4.9
Bicycle Adventure,"319 Main St, Gulf Shores, AL",https://www.bicycleadventure54.com/,,(970) 743-3400,4.6
Boo For You Bamboo Garden,"3000 Robertson Rd, Gulf Shores, FL",https://www.facebook.com/profile.php?id=61578584732979,,(850) 497-9009,4.9
Wells Fargo Bank,"{'street': '1617 Gulf Shores Pkwy', 'city': 'Gulf Shores', 'state': 'AL', 'zip': '36542', 'coordinates': {}}",https://www.wellsfargo.com/locator/bank/1617__GULF__SHORES__PKWY_GULF__SHORES_AL_36542/?utm_campaign=Local_Listings&utm_source=Google&group=Community_Bank&loc=AC35537,,(251) 968-2456,2.9
Fort Pickens Fishing Pier,"Fort Pickens Rd, Gulf Shores, FL",https://www.nps.gov/places/000/fort-pickens-fishing-pier.htm,,,4.6
Functional Fitness,"3757 Gulf Shores Pkwy Ste BE, 3757 Gulf Shores Pkwy Suite BC, Gulf Shores, AL 36542, USA, Gulf Shores, AL",https://www.functional-fitness.com/,,(251) 600-9505,5
Sailaway Charters,"24231 Gulf Bay Rd, Gulf Shores, AL",http://www.sailorskip.com/,,(251) 974-5055,5
Bay Side Boat Rental LLC,"25142 Canal Rd, Gulf Shores, AL",https://www.baysideorangebeach.com/,,(251) 979-0609,5
Chute Em Up Parasail Fort Morgan,"925 Beach Club Trail, Gulf Shores, AL 36542, USA",https://parasailorangebeach.com/,,(251) 981-7673,4.4
The Venue at Hidden Lake,"19437 Co Rd 9, Gulf Shores, AL",http://www.thevenueathiddenlake.com/,,(251) 483-0260,4.9
Orange Beach Waterfront Park,"26425 Canal Rd, Gulf Shores, AL",https://www.orangebeachal.gov/375/Waterfront-Park-Kids-Park,,#ERROR!,4.8
Beach Weddings Alabama,"Canal Rd suite 216, Gulf Shores, AL",https://www.beachweddingsalabama.com/,,(720) 618-1984,4.8
Beach Portraits by Jess,"7088 Lake View Dr, Gulf Shores, AL",,,(501) 350-9987,5
Hertz Car Rental - Fbo-gulf Air Jka No Allegiant,"3190 Airport Dr, Gulf Shores, AL 36542, USA",https://www.hertz.com/us/en/location/unitedstates/alabama/gulfshores/guft01?utm_campaign=gmb-Hertz-Car-Rental---Fbo-gulf-Air-Jka-No-Allegiant&utm_medium=gmb-websitelink&utm_source=Google,,(251) 943-6466,1
Beachside Relaxation & Spa,"12381 Jewels Ln, Gulf Shores, AL",,,,
At Home Inn - Pensacola,"6550 Pensacola Blvd Business Suite 1A, Gulf Shores, FL",http://www.athomeinns.com/,,(850) 542-4450,4
Perdido River Hiking Trail North Trailhead,"Bay Minette, Gulf Shores, AL",,,,3.9
CrossFit Orange Beach,"4393 William Silvers Pkwy, Gulf Shores, AL",http://www.crossfitorangebeach.com/,,(703) 869-5818,5
AMC CLASSIC Jubilee Square 12,"6898 US-90, Gulf Shores, AL",https://www.amctheatres.com/movie-theatres/pensacola-mobile/amc-classic-jubilee-square-12?utm_medium=organic&utm_source=google&utm_campaign=local,,(251) 626-5766,4.2
Gulf Shores Kayak Rentals,"824 Gulf Shores Pkwy C-4, Gulf Shores, AL 36542, USA",,,,4.9
"Fiestas 4 You, LLC","{'street': 'PO BOX 1952', 'city': 'Gulf Shores', 'state': 'AL', 'zip': '36542', 'coordinates': {}}",https://www.fiestas4you.com,,251-483-4633,
Salt + Soul Studios,"141 Cove Ave B, Gulf Shores, AL",https://saltandsoulstudios.com/,,(251) 215-3539,5
Beachside Circle Boat Rentals and Sales,"25856 Canal Rd, Gulf Shores, AL",https://beachsidecircleboats.com/,,(601) 325-1205,5
Express Travel Agency Pensacola,"3439 N 12th Ave, Gulf Shores, FL",,,,3.8
Easy Breezy,"3468 Ponce De Leon Ct, Gulf Shores, AL",,,,5
Paradise Pedal LLC,"E 1st Ave, Gulf Shores, AL",https://www.paradispedalllc.com/,,(251) 483-3757,5
Picnic Beach,"{'street': '128 East 1st Ave', 'city': 'Gulf Shores', 'state': 'AL', 'zip': '36542'}",https://picnicbeach.com,,251-540-0117,
River Rock Yoga and Pilates,"3670 Groveland Rd Suite A, Gulf Shores, AL",https://riverrockyoga.com/,,(228) 365-3191,5
Perdido Pass,"Perdido Pass, Gulf Shores, AL",,,,4.9
Museum Plaza,"300 S Tarragona St, Gulf Shores, FL",http://historicpensacola.org/,,(850) 595-5985,4.9
Paradise Citi,"{'street': '18780 Pine Acres Road', 'city': 'Gulf Shores', 'state': 'AL', 'zip': '36542', 'coordinates': {}}",http://www.rveverafter.com/,,708.703.1041,
C-Shelz Photography,"25870 Bonito Ave, Gulf Shores, AL",http://www.cshelzphoto.com/,,(314) 560-6665,5
Angel Hair Salon & Day Spa,"{'street': '128 Cove Avenue', 'city': 'Gulf Shores', 'state': 'AL', 'zip': '36542'}",http://myangelhair.com,,(251) 923-6992,
Legendary Marina & Yacht Club Gulf Shores Alabama,"335 Waterway W Blvd, Gulf Shores, AL",https://www.legendarymarinagulfshores.com/,,(251) 468-2377,5
Southern Comfort Laundromat,"3645 Gulf Shores Pkwy, Gulf Shores, AL 36542, USA",http://www.southerncomfortlaundry.com/,,(251) 979-8322,4.3
PZK Hall,"17933 AL-104, Gulf Shores, AL",http://www.robertsdale.org/pzk-hall,,(251) 947-8973,4.6
132 Gulf Ct Parking,"132 Gulf Ct, Gulf Shores, AL 36542, USA",,,,3.4
Crumbl,"3800 Gulf Shores Pkwy Bldg 100, Ste 138, Gulf Shores, AL 36542, USA",https://crumblcookies.com/stores/al/algulfshores?utm_source=google+business&utm_medium=profile&utm_campaign=CRUMBL-US+%7C+GOOGLE+BUSINESS+%7C+STORE+PAGE+%7C+ONGOING+%7C+CONSIDERATION+%7C+PROFILE,,(251) 238-6939,4.8
The Sound Wave,"112 W Beach Blvd, Gulf Shores, AL 36542, USA",https://soundwavegs.com/,,#ERROR!,3.5
Alabama Aquarium at the Dauphin Island Sea Lab,"102 Bienville Blvd, Gulf Shores, AL",https://www.disl.edu/aquarium,,(251) 861-7500,4.6
Sun Runners RV Park,"19480 Co Rd 8, Gulf Shores, AL 36542, USA",http://www.downunderdiveshop.com/,,(251) 955-5257,4.1
Fort Morgan Oyster Fest,"{'street': 'The Beach Club Resort & Spa', 'city': 'Gulf Shores', 'state': 'AL', 'coordinates': {}}",https://fortmorganoysterfest.com/,,,3.1
Perdido Dream - Beachfront Vacation Rental,"14623 Perdido Key Dr, Gulf Shores, FL",http://www.perdidodream.com/,,(972) 416-9030,4.9
Uncle Sandy's Macaw Bird Park Pensacola,"9513 N Palafox St, Gulf Shores, FL",http://macawbirdpark.org/,,(850) 270-2130,4.8
The Venue,"105 S Section St, Gulf Shores, AL",http://www.thevenuefairhope.com/,,(251) 510-8444,4.6
Montgomery Botanical Center,"11901 Old Cutler Rd, Gulf Shores, FL",http://www.montgomerybotanical.org/,,(305) 667-3800,4.6
CC's Photography,"Bienville Blvd, Gulf Shores, AL",http://www.ccsphotographycoden.com/,,(251) 861-1778,5
Pensacola Beach Resort,"165 Fort Pickens Rd, Gulf Shores, FL",,,,4.8
Orange Beach Boat Rentals,"4673 Wharf Pkwy W, Gulf Shores, AL",http://www.obboatrentals.com/?utm_source=gmb&utm_medium=organic&utm_campaign=maps,,(251) 979-3644,4.7
The Catalina @ the beach club,"Beach Club Trail, Gulf Shores, AL",,,,4.7
Fitness Factory,"3501 Gulf Shores Pkwy STE 9, Gulf Shores, AL 36542, USA, Gulf Shores, AL",http://fitnessfactorynow.com/,,(251) 426-5247,4.6
SaltH2oTherapy: Boat Charters of Pensacola,"400 NW Syrcle Dr, Gulf Shores, FL",https://www.salth20therapy.com/,,(850) 291-3380,5
Playhouse in the Park,"4851 Museum Dr, Gulf Shores, AL",http://www.playhouseinthepark.org/,,(251) 602-0630,4.8
VR Adventure Zone,"655 Pensacola Beach Blvd, Gulf Shores, FL",http://www.thevreality.fun/,,(850) 296-0878,4.6
Gulf Breeze RV Resort,"19800 Oak Rd W, Gulf Shores, AL 36542, USA",https://thegulfbreezervresort.com/?utm_source=google&utm_medium=organic&utm_campaign=gmb-listing,,(251) 968-8884,4.4
Young's Suncoast Realty & Vacation Rentals,"{'street': '100 Cove Avenue', 'city': 'Gulf Shores', 'state': 'AL', 'zip': '36542', 'coordinates': {}}",https://www.youngssuncoast.com,,800-826-1213,
Lexington Terrace,"900 S Old Corry Field Rd, Gulf Shores, FL",,,,4.2
Kiva Grill,"{'street': '815 Plantation Rd', 'city': 'Gulf Shores', 'state': 'AL', 'zip': '36542', 'coordinates': {'lat': 30.234521865844727, 'lng': -87.88847351074219}}",http://www.kivadunesgrill.com/,,(251) 540-7211,4.4
Island Retreat RV Park,"18201 AL-180, Gulf Shores, AL 36542, USA",http://www.islandretreatrvpark.com/,,(251) 967-1666,4.6
Econo Lodge Inn & Suites Foley-North Gulf Shores,"2682 S McKenzie St, Foley, AL 36535, USA, Gulf Shores, AL",https://www.choicehotels.com/alabama/foley/econo-lodge-hotels/al359?mc=llgoxxpx,,(251) 943-9100,4
Hooters,"300 E Beach Blvd, Gulf Shores, AL 36542, USA",https://www.hooters.com/locations/31005-gulf-shores?utm_source=google&utm_medium=organic&utm_campaign=gmb-website-cta-gulf+shores-al-gulf+shores,,(251) 948-4668,3.5
Day Break Marina,"811 S R St, Gulf Shores, FL",https://www.daybreakmarina.com/,,(850) 434-9022,4.8
Shore Shooters Beach Photography - Gulf Shores Photographers,"232 Professional Ct, Gulf Shores, AL",https://shoreshooters.com/gulf-shores-photographers/,,(866) 856-2435,4.9
Paradise Citi Campground,"18780 Pine Acres Rd, Gulf Shores, AL 36542, USA",http://www.rveverafter.com/,,(708) 703-1041,5
Beach Photography of Orange Beach,"30391 Ono N Loop W, Gulf Shores, AL",https://phoenixbeachphotography.com/phoenix-beach-photography-of-orange-beach/,,(251) 257-3614,
Seminole Hard Rock Hotel & Casino Tampa,"5223 Orient Rd, Gulf Shores, FL",https://casino.hardrock.com/tampa?utm_campaign=shrss_casino_hard-rock-hotel-and-casino-tampa_websitelisting&utm_medium=referral&utm_source=gmb,,(866) 388-4263,4.3
The Beach House Kitchen and Cocktails,"1154 W Beach Blvd #6200, Gulf Shores, AL 36542, USA",http://beachhousegs.com/,,#ERROR!,4.3
Island Time Charters,"1577 AL-180, Gulf Shores, AL 36542, USA",https://myislandtimecharters.com/,,(251) 981-4796,5
Mikee's Seafood Restaurant,"{'street': '205 East 2nd Ave', 'city': 'Gulf Shores', 'state': 'Alabama', 'coordinates': {}}",https://mikeesseafood.com,,(251) 948-6452,
Spanish Fort Premiere 14 Eastern Shore,"30500 State Hwy 181, Gulf Shores, AL",http://www.pccmovies.com/spanishfort,,(251) 626-0352,4.2
"Pawz in the Sand, Inc","19785 W 36th Ave, Gulf Shores, AL",http://www.pawzinthesand.com/,,(251) 948-7487,4.1
UWF Bike Shop,"Pensacola, Gulf Shores, FL",http://uwf.edu/recreation,,(850) 474-2000,5
Pine Forest Animal Clinic,"6860 Pine Forest Rd, Gulf Shores, FL",https://www.pineforestvet.com/,,(850) 944-1205,4.5
Hugh S. Branyon Backcountry Trail - Cotton Bayou Trailhead,"Cotton Bayou Trail, Gulf Shores, AL",,,(251) 981-1063,4.9
King Neptune's Seafood Restaurant,"{'street': '1137 Gulf Shores Pkwy', 'city': 'Gulf Shores', 'state': 'AL', 'zip': '36542', 'coordinates': {}}",https://kingneptunes.website,,251-968-5464,4.1
Spa Away Where We Are Natural,"945 W Michigan Ave Ste 4B, Gulf Shores, FL",https://spaawaynatural.com/,,(850) 285-0043,4.9
Celebration Catering,"{'street': '5160 Highway 180', 'city': 'Gulf Shores', 'state': 'AL', 'zip': '36542'}",http://www.celebrationcatering.co/,,(251) 500-1788,5
Americas Best Value Inn & Suites Foley Gulf Shores,"1517 S McKenzie St, Foley, AL 36535, USA, Gulf Shores, AL",https://www.sonesta.com/americas-best-value-inn/al/foley/americas-best-value-inn-suites-foley-gulf-shores?utm_source=google&utm_medium=organic&utm_campaign=gmb,,(251) 943-3297,3.4
Palacio Condo Rentals in Perdido Key by Vacasa,"13661 Perdido Key Dr, Gulf Shores, FL",https://www.vacasa.com/usa/Palacio-At-Perdido-FL/?utm_source=gmb&utm_medium=organic&utm_campaign=GMB-Palacio,,(850) 492-9024,4.5
Beech RV Park,"4224 Orange Beach Blvd, Gulf Shores, AL",,,(251) 752-4134,4.8
Craft Farms Golf Club,"{'street': '3840 Cotton Creek Circle', 'city': 'Gulf Shores', 'state': 'AL', 'zip': '36542', 'coordinates': {}}",http://www.craftfarms.com/?utm_source=google&utm_medium=organic&utm_campaign=gbp,,(251) 968-3002,4.8
Ike's Bikes at Gulf State Park,"21101 AL-135, Gulf Shores, AL 36542, USA",http://www.ikesbikes.com/,,(251) 509-8687,4.5
Club Eden,"4001 N Davis Hwy, Gulf Shores, FL",https://www.instagram.com/clubedenpcola/,,(850) 466-3055,4.2
Wildlife Preserve,"uss alabama Bay, Gulf Shores, AL",,,,4.9
The Duke (Alabama State Park Outpost Primitive Campsite),"Orange Beach, Gulf Shores, AL",http://www.alapark.com/parks/gulf-state-park/outpost-campsites,,,5
Gulf Shores Nutrition,"3859 Gulf Shores Pkwy, Gulf Shores, AL",https://m.facebook.com/gulfshoresnutrition/?tsid=0.9183257943995385&source=result,,(251) 278-5903,4.6
Lost Bay Helicopters,"3190 Airport Dr #4, Gulf Shores, AL",http://www.lostbayhelicopters.com/,,(772) 834-4497,4.9
Weeks Bay National Estuarine Research Reserve,"11300 US-98, Gulf Shores, AL",,,(251) 928-9792,4.7
Paradise Isle Shopping Center,"1720 AL-59, Gulf Shores, AL 36542, USA",https://www.publix.com/pharmacy?utm_medium=maps&utm_source=google&utm_content=psmpharm_google_override,,(251) 240-3004,4.7
Hazel's Nook,"{'street': '120 E Fort Morgan Rd', 'city': 'Gulf Shores', 'state': 'AL', 'zip': '36542', 'coordinates': {'lat': 30.265188, 'lng': -87.68792}}",https://www.hazelsnook.com,,(251) 968-7065,4.3
King & Queen Massage & Spa,"6400 N Davis Hwy #2, Gulf Shores, FL",https://kqmassagespa.com/,,(850) 549-3300,4.7
Timberline Glamping Company - Orange Beach,"2001 Youngs Hideaway Ln, Gulf Shores, AL",https://orangebeach.tlglamping.com/,,(251) 219-0234,5
Orange Beach Pontoon Boats,"27267 Perdido Beach Blvd, Gulf Shores, AL",https://orangebeachpontoonboats.com/,,(251) 597-6816,4.9
Kiva Dunes Resort and Golf,"815 Plantation Rd, Gulf Shores, AL 36542, USA",http://www.kivadunes.com/,,(251) 540-7000,4.6
Coastal Skin Aesthetics,"3099 Loop Rd Suite 3, Gulf Shores, AL",http://www.mycoastalskin.com/,,#ERROR!,5
Celestine Bed and Breakfast,"514 N Baylen St, Gulf Shores, FL",http://www.celestinebedandbreakfast.com/,,(850) 426-4032,5
Sea biscuit,"7227 Blue Heron Cove, Gulf Shores, AL 36542, USA",,,,
Sarah's Home Made,"208 W Fort Morgan Rd, Gulf Shores, AL",http://sarahshomemade.com/,,(251) 948-5559,4.8
Eastern Shore Repertory Theatre,"1410 Captain O'Neal Dr, Gulf Shores, AL",http://www.easternshorerep.org/,,(251) 301-2371,5
"Gulf Shores Rentals, Inc.","{'street': '1325 Gulf Shores Parkway', 'city': 'Gulf Shores', 'state': 'AL', 'zip': '36542', 'coordinates': {'lat': 30.2633474, 'lng': -87.6888673}}",https://www.gulfshoresrentals.com/,,251-948-7000,
"Valeria Ames Photography - Pensacola, FL Family and Beach photography","5114 Chinook Ave, Gulf Shores, FL",,,,5
Florida Trail Fort Pickens Trailhead,"Unnamed Road, Gulf Shores, FL",https://www.fs.usda.gov/fnst,,,5
Skincare By Mia LLC,"{'street': '3757 Gulf Shores Parkway Suite BD', 'city': 'Gulf Shores', 'state': 'AL', 'zip': '36542', 'coordinates': {}}",https://www.skincaregulfshores.com,,(251) 490-3174,
Zeke's Landing and Marina,"26619 Perdido Beach Blvd, Gulf Shores, AL",https://www.zekeslanding.com/,,(251) 981-4044,4.7
The Mercantile,"925B Beach Club Trail, Gulf Shores, AL 36542, USA",https://thebeachclub.spectrumresorts.com/the-amenities/shopping/?utm_source=google&utm_medium=places&utm_campaign=google_places,,(251) 224-3660,4.1
Concerts on Canal,"14075 Canal Dr, Gulf Shores, FL",,,,5
Wild Hare Wellness,"3101 E Cervantes St Suite E, Gulf Shores, FL",https://www.wildharekuzushiclub.com/,,(850) 377-9584,5
Freedom Boat Club - Gulf Shores,"335 Waterway W Blvd, Gulf Shores, AL",https://gulfshoresboatclub.com/?utm_source=google&utm_medium=organic&utm_campaign=gbp,,(850) 497-0130,5
Top Tier Watersports,"27212 Marina Rd, Gulf Shores, AL",https://southernrosedolphintrips.com/index.html,,(251) 981-7673,4.3
CMX Cinemas Pinnacle,"3780 Gulf Shores Pkwy, Gulf Shores, AL 36542, USA",https://www.cmxcinemas.com/Showtimes/Pinnacle-14-Cinemas,,(251) 923-0100,4.4
Great Clips,"{'street': '160 Cotton Creek Dr, Suite 235', 'city': 'Gulf Shores', 'state': 'AL', 'zip': '36542', 'coordinates': {'lat': 30.29817228535641, 'lng': -87.68150873020204}}",https://salons.greatclips.com/us/al/gulf-shores/160-cotton-creek-dr?utm_source=google&utm_medium=organic&utm_campaign=gmb,,(251) 948-0008,4.2
pensacola cinema art,"220 W Garden St, Gulf Shores, FL",http://www.pensacolacinemaart.com/location.html,,(863) 446-7300,4.8
Roasted Oak,"21196 E Beach Blvd, Gulf Shores, AL 36542, USA",https://lodgeatgulfstatepark.com/dining/,,#ERROR!,4.4
Ike's Parasail,"800 W Beach Blvd, Gulf Shores, AL",https://www.ikesparasail.com/,,(251) 981-0055,4.7
Gulf Gaze Beach House,"8850 Pompano Way, Gulf Shores, AL 36542, USA",https://www.gulfgazebeachhouse.com/,,(307) 851-6806,4.3
Palafox Wharf WATERFRONT Wedding Venue,"16+ years in business, Gulf Shores, FL",http://617palafoxwharf.com/,,(850) 748-5102,4.7
Mississippi Aquarium,"2100 E Beach Blvd, Gulf Shores, AL",https://www.msaquarium.org/,,(228) 241-1300,4.2
Ft. Morgan Fishing Beach,"Ft. Morgan Fishing Beach, Gulf Shores, AL",,,,4.7
Mac's Marina,"2 Marietta Ave, Gulf Shores, FL",http://nmaskincare.com/,,(850) 453-3775,4.8
Ace's Better Bodies,"3873 Gulf Shores Pkwy UNIT A, Gulf Shores, AL 36542, USA, Gulf Shores, AL",https://acesbetterbodies.com/,,(251) 943-3300,4.9
Birmingham Race Course Casino,"1000 John Rogers Dr, Gulf Shores, AL",http://www.birminghamracecourse.com/,,(205) 838-7500,3.6
Lake Shelby Playground,"20110 AL-135, Gulf Shores, AL",https://splinternetmarketing.com/local-pros/alabama/gulf-shores/lake-shelby-playground/,,,4.8
Salt And Light Aesthetics,"{'street': '1544 W 2nd St #105', 'city': 'Gulf Shores', 'state': 'AL', 'zip': '36542', 'coordinates': {'lat': 30.26645, 'lng': -87.691145}}",https://maganmcinnis.glossgenius.com,,+12515042802,
Dodson Pest Control,"9753 AL-180, Gulf Shores, AL 36542, USA",http://deepsouthfloorcare.com/,,(251) 540-7162,5
Hunter Amphitheater,"S De Villiers St, Gulf Shores, FL",https://www.cityofpensacola.com/1151/About-the-Park,,,4.9
Marian Gallaway Theatre,"Stadium Dr, Gulf Shores, AL",https://theatre.ua.edu/box-office/the-ua-theatre-district/,,(205) 348-3400,4.7
Sassy Bass Liquor,"5180 AL-180, Gulf Shores, AL 36542, USA",http://sassybass.com/,,(251) 975-1010,3.3
Body Firm,"721 E Platte Ave, Gulf Shores, AL",http://bodyfirmfm.com/,,(970) 542-0180,4.9
Paradise Beach Weddings,"621 E 21st Ave, Gulf Shores, AL",http://www.paradisebeachweddings.com/,,(251) 971-1899,4.7
West Gulf Place Public Parking,"301 W Beach Blvd, Gulf Shores, AL 36542, USA",,,,4.3
Down Under Dive Shop,"1129 Gulf Shores Pkwy, Gulf Shores, AL 36542, USA",http://www.downunderdiveshop.com/,,(251) 968-3483,4.5
Gulf Specimen Aquarium,"222 Clark Dr, Gulf Shores, FL",https://gulfspecimen.org/,,(850) 984-5297,4.7
Dauphin Island Sea Lab,"102 Bienville Blvd, Gulf Shores, AL",https://www.disl.edu/,,(251) 861-2141,4.8
Amberjack E-bike Rentals & Sales,"1544 Gulf Shores Pkwy, Gulf Shores, AL",https://amberjackebikerentals.com/,,(251) 290-9227,5
Concert Stage,"101 E Beach Blvd Suite E, Gulf Shores, AL",,,(251) 286-3127,
Hancock Whitney Bank at Gulf Shores,"{'street': '1801 Gulf Shores Parkway', 'city': 'Gulf Shores', 'state': 'AL', 'zip': '36542', 'coordinates': {'lat': 30.2705777, 'lng': -87.6885056}}",https://www.hancockwhitney.com,,(251) 967-1212,
Observation Tower,"12295 AL-180, Gulf Shores, AL 36542, USA",,,,5
Animal Tales LLC,"2296 Zane Grey Ln, Gulf Shores, FL",http://www.animaledzoocation.com/,,(570) 428-4259,5
Oasis Veterinary Hospital,"3351 Laurendine Rd, Gulf Shores, AL",https://www.oasisvethospital.com/,,(251) 973-1455,4.5
Think Outside...,"{'street': '6642 B State Hwy 59', 'city': 'Gulf Shores', 'state': 'AL', 'zip': '36542', 'coordinates': {'lat': 30.3208523, 'lng': -87.6823376}}",http://www.thinkoutsidegulfshores.com/,,(251) 968-9775,4.5
The Pensacola Beach Resort,"165 Fort Pickens Rd, Gulf Shores, FL",http://www.thepensacolabeachresort.com/?utm_source=google-gbp&utm_medium=organic&utm_campaign=gbp,,(850) 916-9755,4.5
Peaches N Clean Gulf Shores,"1545 Gulf Shores Pkwy #270, Gulf Shores, AL 36542, USA",http://www.peachesncleancarpetcleaning.com/,,(251) 621-0066,4.5
Bushwacker’s Landing,"13515 Canal Dr, Gulf Shores, FL",,,,4.6
Dream Catcher,"371 Buchanan Ct W, Gulf Shores, AL",https://thecatchgs.com/,,251-280-8975,
Hog Wild Beach & BBQ,"911 Gulf Shores Pkwy, Gulf Shores, AL 36542, USA",https://www.hogwildgs.com/,,(251) 540-9453,4.5
Boomtown Casino Biloxi,"676 Bayview Ave, Gulf Shores, AL",https://www.boomtownbiloxi.com/,,(228) 435-7000,3.8
Doral Tower,"527 Beach Club Trail D, Gulf Shores, AL 36542, USA",http://thebeachclub.spectrumresorts.com/,,,4.5
Troubadours Country Saloon,"7790 Tanner Rd, Gulf Shores, AL",http://www.facebook.com/TroubadoursMobile,,(251) 459-0047,2.1
B-Bob's Downtown,"213 Conti St, Gulf Shores, AL",http://www.b-bobs.com/,,(251) 433-2262,4.7
Walmart Supercenter,"170 Fort Morgan Road, Gulf Shores, AL 36542, USA",https://www.walmart.com/store/2748-gulf-shores-al/?veh=seo_loc,,(251) 968-5871,3.9
Flying Creek Nature Preserve,"22430 Main St, Gulf Shores, AL",https://www.fairhopeal.gov/community/community-parks-and-trails/triangle-park-master-plan,,(251) 928-2136,4.8
James P Morgan Memorial Park and Botanical Gardens,"Pensacola Beach, Gulf Shores, FL",,,,4.5
Coyote Beach Sports,"112 E 1st Ave, Gulf Shores, AL",https://coyotebeachsportsal.com/,,(251) 228-2080,4.9
Courtyard by Marriott Gulf Shores Craft Farms,"3750 Gulf Shores Pkwy, Gulf Shores, AL 36542, USA",https://www.marriott.com/en-us/hotels/pnsgs-courtyard-gulf-shores-craft-farms/overview/?scid=f2ae0541-1279-4f24-b197-a979c79310b0,,(251) 968-1113,4.2
Cover Theatre,"314 Main St, Gulf Shores, AL",https://cover4theatre.com/,,(970) 867-2311,4.5
Gulf Shores Tattoos & Piercings,"618 Gulf Shores Pkwy, Gulf Shores, AL 36542, USA",https://www.facebook.com/p/Patches-Tattoo-Emporium-100046590503057/,,(251) 540-2100,4
ORANGE BEACH COMMUNITY CENTER,"27235 Canal Rd, Gulf Shores, AL",https://www.orangebeachal.gov/departments/city-clerk/municipal-election-information,,(251) 981-6028,4.6
Water Fountain,"Powerline Rd, Gulf Shores, AL",,,,
Sago Art Gallery at Beach Girl At Home,"3947 AL-59, Gulf Shores, AL 36542, USA",https://www.beachgirlathome.com/,,(251) 223-4914,
Laundromat Gulf Shores,"{'city': 'Gulf Shores', 'state': 'AL', 'coordinates': {}}",https://laundromatgulfshores.com/,,,
Fantastic Sams Cut & Color,"13019 Sorrento Rd #1, Pensacola, FL 32507, USA, Gulf Shores, FL",https://www.fantasticsams.com/about/regions/mobile-al-pensacola-ft-walton-beach-fl/fantastic-sams-pensacola-fl-2,,(850) 492-9858,4
The Hangout Restaurant,"{'city': 'Gulf Shores', 'state': 'AL', 'coordinates': {}}",https://www.thehangoutal.com,,,
Eagle nest,"3041-2701 Eagle Lp, Gulf Shores, AL",,,,5
1956 E 1st St Parking,"1956 E 1st St, Gulf Shores, AL 36542, USA",,,,4.7
Foley Veterinary Hospital,"21738 US-98, Gulf Shores, AL",http://www.foleyvet.com/,,(251) 943-5152,4.7
Pirates Cove Rrrr V Resort,"6664 Co Rd 95, Elberta, AL 36530, USA, Gulf Shores, AL",http://www.piratescoveriffraff.com/,,(251) 987-1224,4.8
Scales N Tails Charters,"{'street': '335 Waterway West Blvd. Slip G-01', 'city': 'Gulf Shores', 'state': 'AL', 'zip': '36542', 'coordinates': {'lat': 27.1246342, 'lng': -82.4706793}}",https://scalesntailscharters.com/,,(251) 600-4495,5
Perdido Bay Fitness,"12831 6th St, Gulf Shores, AL",http://www.perdidobayfitness.com/,,(251) 421-5500,5
Perdido Bay Trail,"Perdido Bay Trl, Gulf Shores, FL",,,,4
Gulf Shores Museum,"{'street': '244 W. 19th Ave.', 'city': 'Gulf Shores', 'state': 'AL', 'zip': '36542', 'coordinates': {}}",http://www.gulfshoresal.gov/356/Museum,,(251) 968-5099,4.5
Pascagoula High School Performing Arts Center,"2104 Tucker Ave, Gulf Shores, AL",http://paspac.ms/,,(228) 938-6234,4.7
Condo Ft Morgan,"400 Plantation Rd, Gulf Shores, AL",,,,4.8
Wave Photo by Aislinn Kate,"205 Cevallos St, Gulf Shores, FL",https://www.wavephotography.com/,,(850) 912-8900,4.9
Beyond the Plunge,"25265 State Hwy 181 Suite 102, Gulf Shores, AL",https://beyondtheplunge.com/,,(251) 699-0108,5
Dead Reckoning Boat Dock & RV,"4435 Co Rd 6, Gulf Shores, AL 36542, USA",http://www.sailingdeadreckoning.com/,,(334) 322-9625,5
Branyon Beach,"22249 E Beach Blvd, Gulf Shores, AL",,,,5
Be Balanced Spa,"205 W Roosevelt Ave, Gulf Shores, AL",https://www.bebalancedspa.info/,,(251) 880-9367,4.8
Hudson Marina Deep Sea Fishing,"4575 S Wilson Blvd, Gulf Shores, AL",https://hudsonmarina.net/4-hour-fishing-charter/,,(251) 981-4127,4.3
Endless Summer Condo 2312,"{'city': 'Gulf Shores', 'state': 'Alabama', 'coordinates': {'lat': 30.2316, 'lng': -87.8877}}",http://airbnb.com/h/endlesssummercondo2312,,(251) 281-8071,4.5
Premium Parking - P2651,"610 W Beach Blvd, Gulf Shores, AL 36542, USA",https://www.premiumparking.com/p2651,,(844) 236-2011,
A Perdido Hair Salon,"13309 Mirella St, Gulf Shores, FL",,,(850) 492-0292,4.4
Resort Dealz LLC,"311 Magnolia Ave, Gulf Shores, AL",,,(251) 928-3323,4.5
Whispering Pines East & West,"19648 Co Rd 8, Gulf Shores, AL",https://whisperingpinesgulfshores.com/,,(251) 358-6578,4.8
Doc's RV Park,"{'street': '17595 State Highway 180', 'city': 'Gulf Shores', 'state': 'AL', 'zip': '36542'}",http://www.docsrvpark.com/,,(251) 968-4511,4.5
"Gorgeous Views, Awesome Amenities!!","375 Plantation Rd #5502, Gulf Shores, AL 36542, USA",https://abnb.me/rx2bw1HCHkb,,,4.7
PHO-MO Asian kitchen & grill gulf shores,"229 E 20th Ave #12, Gulf Shores, AL 36542, USA",http://www.phomoasiankitchenandgrill.com/,,#ERROR!,4.8
Vinyl Music Hall,"2 S Palafox St, Gulf Shores, FL",https://www.vinylmusichall.com/,,(850) 607-6758,4.5
Wind Creek Atmore,"Perdido Key, FL 32507, USA, Gulf Shores, AL",http://www.cardtronics.com/,,(866) 946-3360,4.2
Marco's Pizza,"160 Cotton Creek Dr, Gulf Shores, AL 36542, USA",,,,4.1
Supposey Warehouse & Gardens,"101 S F St, Gulf Shores, FL",http://supposeyvenue.com/,,(850) 776-0553,5
Playground at Bayview Park,"2000 E Lloyd St, Gulf Shores, FL",,,,5
Prana Fitness,"19477 Baldwin County Rd 10 Unit F2, Gulf Shores, AL",https://www.facebook.com/pranagtgulfshores/,,(307) 267-2014,5
Florida Botanical Gardens,"12520 Ulmerton Rd, Gulf Shores, FL",https://flbgfoundation.org/,,(727) 753-7840,4.8
Soul Kitchen Music Hall,"219 Dauphin St, Gulf Shores, AL",http://www.soulkitchenmobile.com/,,(251) 433-5958,4.5
Spectrum Resorts,"{'street': '925 Beach Club Trail', 'city': 'Gulf Shores', 'state': 'AL', 'zip': '36542'}",https://spectrumresorts.com/,,(855) 203-1514,4.7
The Catch,"{'street': '300 W Beach Blvd', 'city': 'Gulf Shores', 'state': 'AL', 'zip': '36542', 'coordinates': {}}",https://thecatchgs.com/,,251-280-8975,4.8
ONE Club Gulf Shores,"{'street': '20050 Oak Rd E', 'city': 'Gulf Shores', 'state': 'AL', 'zip': '36542', 'coordinates': {'lat': 30.2554, 'lng': -87.2915}}",https://oneclubgulfshores.com,,+1-251-220-4404,
Phoenix All Suites West Hotel,"533 W Beach Blvd #6435, Gulf Shores, AL 36542, USA",https://www.phoenixallsuites.com/?utm_source=gmb&utm_medium=organic&utm_campaign=website-link&utm_term=phoenix-all-suites-west,,(800) 211-7892,4.2
Plane Sudz Laundromat,"15849 AL-180, Gulf Shores, AL 36542, USA",https://laundromatgulfshores.com/,,(251) 224-1074,4.9
Uptown Plaza,"229 E 20th Ave, Gulf Shores, AL 36542, USA",http://visitowa.com/explore/downtown-owa/?utm_source=Yext,,(251) 923-6475,4.5
Fort Morgan Museum & Gift Shop,"Baldwin County, Gulf Shores, AL",,,(251) 540-7127,4.7
Island Cruizer Boat Rentals,"24689 Canal Rd, Gulf Shores, AL",https://islandcruizerboatrentals.com/,,(251) 407-6333,5
Microtel Inn & Suites by Wyndham Gulf Shores,"{'street': '3600 Gulf Shores Parkway', 'city': 'Gulf Shores', 'state': 'AL', 'zip': '36542', 'coordinates': {'lat': 30.293638, 'lng': -87.683162}}",https://www.wyndhamhotels.com/microtel/gulf-shores-alabama/microtel-inn-and-suites-gulf-shores/overview?CID=LC:5b3ss9kd80xe5ox:28397&iata=00093796,https://www.baldwincountyal.org,(251) 298-8800,3.6
"Walmart Pharmacy in Gulf Shores, AL","{'street': '170 E Fort Morgan Rd', 'city': 'Gulf Shores', 'state': 'AL', 'zip': '36542', 'coordinates': {'lat': 30.267429, 'lng': -87.686246}}",https://www.walmart.com/store/2748-gulf-shores-al/pharmacy/,,251-968-5910,
Premium Parking - P2658,"309 E 21st Ave Entrance, Gulf Shores, AL 36542, USA",https://www.premiumparking.com/p2658,,(844) 236-2011,
"HOW Dance, Music, Drama, & Film","2410 Dawes Rd Suite H, Gulf Shores, AL",https://www.how-mobile.com/,,(251) 599-8571,
Gulf Shores Plantation,"497 Plantation Rd # 1250, Gulf Shores, AL 36542, USA",https://fortmorganoysterfest.com,,,4.3
Caribe Marina,"28101 Perdido Beach Blvd, Gulf Shores, AL",http://www.caribemarina.com/,,(251) 980-8410,4.6
ATM (Hancock Bank Bus Financial Center),"3645 Gulf Shores Pkwy, Gulf Shores, AL 36542, USA",,,,
Lighthouse Nature Trail,"3875 Radford Blvd, Gulf Shores, FL",,,,5
The Beach Moms,"24951 Perdido Beach Blvd #100, Gulf Shores, AL",http://www.thebeachmoms.net/,,(251) 979-8400,4.5
HoodStock Music Festival,"16990 Perdido Key Dr, Gulf Shores, FL",https://perdidokeymusicfestival.com/,,(850) 637-7417,
Perdido River Nature Preserve,"5955 Hurst Hammock Rd, Gulf Shores, FL",https://www.nature.org/en-us/get-involved/how-to-help/places-we-protect/perdido-river-nature-preserve/?en_txn1=bl.ch_fl.eg.x.g,,,5
Truist,"1500 Gulf Shores Pkwy, Gulf Shores, AL 36542, USA",https://www.truist.com/branch/al/gulf-shores/36542/1500-gulf-shores-pkwy,,(251) 968-6893,2.8
Armadillo Pier,"Campground Rd, Gulf Shores, AL",,,,4.8
Casino Shuttles,"8275 AL-59, Gulf Shores, AL",,,,4.6
Bluegreen Paradise Isle Resort,"620 W Beach Blvd, Gulf Shores, AL 36542, USA",https://www.bluegreenvacations.com/resorts/alabama/paradise-isle-resort/?utm_source=googlemybusiness&utm_medium=organic&utm_campaign=GoogleMyBusiness&y_source=1_OTAwMDMyMy03MTUtbG9jYXRpb24ud2Vic2l0ZQ%3D%3D,,(251) 948-6811,4.2
Capt.Rollin's Lost Key Charters,"14050 Canal A Way, Gulf Shores, FL",http://www.captrollinskeywestcharters.com/,,(305) 902-4443,
Surge Entertainment,"3201 Airport Blvd Suite AN-D, Gulf Shores, AL",https://surgefun.com/locations/mobile-al,,(251) 206-5795,4.3
Good Haven House,"14850 Innerarity Point Rd, Gulf Shores, FL",http://www.goodhavenhouse.com/,,(773) 474-2456,4.8
Ike's Beach Service,"800 W Beach Blvd, Gulf Shores, AL 36542, USA",https://www.ikesbeachservice.com/,,(251) 948-3757,4.8
Salt & Light Aesthetics,"1544 West 2nd Street, 105 commerce park, Gulf Shores, AL 36542, USA",http://maganmcinnis.glossgenius.com/,,(251) 504-2802,5
Kindred Yoga,"1108 Dauphin St, Gulf Shores, AL",http://www.kindred-yoga.com/,,(251) 354-9642,5
Griffith Marina Road,"Griffith Marina Rd, Gulf Shores, AL",,,,
The Dune Abides - 5bd/4bath Vacation Rental,"1381 Sandy Ln, Gulf Shores, AL",https://www.vrbo.com/2514813,,(929) 534-7644,4.5
Martinique on the Gulf,"{'street': '987 Boulevard Martinique', 'city': 'Gulf Shores', 'state': 'AL', 'zip': '36542', 'coordinates': {}}",https://www.martinique-gulf.com/?utm_source=google&utm_campaign=local&utm_medium=organic,,(855) 858-6950,4.5
Naval Live Oaks Nature Preserve,"1801 Gulf Breeze Pkwy, Gulf Shores, FL",https://www.nps.gov/guis/planyourvisit/naval-live-oaks-area.htm,,(850) 934-2600,4.7
Fort Morgan Public Boat Launch,"Fort Morgan Road, Gulf Shores, AL",,,,4.5
Alabama Coastal Catering,"25689 Canal Rd Suite C, Gulf Shores, AL",https://www.alabamacoastalcatering.com/,,(251) 233-6003,5
Get It Going Tiki Ride,"26350 Cotton Bayou Dr, Gulf Shores, AL",https://getitgoingtikiride.com/,,(251) 256-9091,5
Beachwalk B,"Ft McRae Rd, Gulf Shores, FL",,,,4.5
Publix Super Market at Colonial Promenade at Craft Farms,"160 Cotton Creek Dr #100, Gulf Shores, AL 36542, USA",https://www.publix.com/?setstorenumber=1292&utm_medium=maps&utm_source=extendednetwork&utm_content=psm_website_url,,(251) 948-1281,4.6
"Gulf Coast BNB Rentals, LLC","316 W Cervantes St, Gulf Shores, FL",https://www.gulfcoastbnbrentals.com/,,(850) 525-0509,4.8
Peninsula Restaurant & Grill,"20 Peninsula Blvd, Gulf Shores, AL 36542, USA",https://peninsulagolfclub.com/bar-and-grill/,,(251) 968-8010,4.5
Perdido Key Beach Rental,"16785 Perdido Key Dr, Gulf Shores, FL",,,(903) 278-8870,
Project Greenshores,"500 Bayfront Pkwy, Gulf Shores, FL",,,,4.4
Perdido Key Bike Rentals,"13700 Perdido Key Dr Unit 104, Gulf Shores, FL",https://perdidokeybikerentals.com/,,(850) 490-2100,5
Pelicans Perch Marina & Boatyard,"40 Audusson Ave, Gulf Shores, FL",http://www.pelicansperchmarina.com/,,(850) 453-3471,4.8
Pedego Electric Bikes Orange Beach,"25405 Perdido Beach Blvd 21, Gulf Shores, AL",https://pedegoelectricbikes.com/dealers/orange-beach/,,(251) 413-0714,4.7
Fast Eddies Fun Center,"505 W Michigan Ave, Gulf Shores, FL",http://www.fasteddiesfuncenter.com/,,(850) 433-7735,4.7
E-Bikes & Boards,"1129 Gulf Shores Pkwy Suite C, Gulf Shores, AL",http://www.e-bikesandboards.com/,,(251) 505-2925,4.9
Bill Dickson park,"3151 Fenceline Rd, Gulf Shores, FL",https://www.brickandspoon.com,,,4.7
"Toni Klutho, PD","3820 Gulf Shores Pkwy, Gulf Shores, AL 36542, USA",http://www.thinkoutsidegulfshores.com/,,(251) 967-7002,4.5
Sassy Bass Quick Stop,"8818 AL-180, Gulf Shores, AL 36542, USA",https://www.sassybass.com/,,,3.2
Tanned & Tip-Sea in Fort Morgan,"5795 Pizarro Ave, Gulf Shores, AL 36542, USA",https://www.facebook.com/TannedAndTipSeaInFoMo,,(678) 687-7050,5
MVMT Pilates and Wellness Studio,"19025 Oak Rd W Suite 1, Gulf Shores, AL",https://mvmt-pilates.com/,,(479) 381-1627,5
Gulf Blues Beach House,"105 W 7th St Unit A, Gulf Shores, AL",,,,5
Isle Dauphine Golf Course,"100 Orleans Dr, Gulf Shores, AL",https://m.facebook.com/IsleDauphine,,(251) 533-0398,4.2
Anonyme Cruises,"27075 Marina Rd, Gulf Shores, AL",http://www.anonymecruises.com/,,(251) 223-6673,5
VCA Magnolia by the Gulf,"19930 Oak Rd W, Gulf Shores, AL",https://vcahospitals.com/magnolia-by-the-gulf?utm_source=maps&utm_medium=organic&utm_campaign=AU_1192,,(251) 968-7523,4.6
Ocean's Edge,"1801 Bienville Blvd Unit 301, Gulf Shores, AL",https://www.dauphinislandbeachrentals.com/vacation-rentals/oceans-edge/,,(800) 771-1480,5
Phnom Penh Fusion,"13260 Wintzell Ave, Gulf Shores, AL",https://purplelight.pw/phnom-penh-fusion-hlbrpnu.html,,(251) 824-6017,4.5
Tony Thagard | Gulf Shores Photographer,"1545 Gulf Shores Pkwy #217, Gulf Shores, AL",http://www.tonythagard.com/,,(251) 928-2323,4.9
Bobcat Branch Trail,"22116 Campground Rd, Gulf Shores, AL",,,,
Clash eSports & VR Experience at OWA,"101-G N Owa Blvd, Gulf Shores, AL",https://clashesportsowa.com/,,(251) 257-1400,3.9
Lacey Marie Photography Gulf Shores Photographer,"633 W Beach Blvd, Gulf Shores, AL",http://www.laceymariephotographysite.com/,,(334) 450-5883,5
Blue Heron Escape RV Resort,"19700 Keller Rd, Gulf Shores, AL",https://blueheronescape.com/,,(251) 949-5101,4.9
Perch at Gulf State Park,"{'street': '21196 East Beach Blvd', 'city': 'Gulf Shores', 'state': 'AL', 'zip': '36542', 'coordinates': {'lat': 30.250184, 'lng': -87.6644393}}",https://perchgsp.com,,(251) 540-6100,
Museum of Commerce,"201 Zaragoza St, Gulf Shores, FL",https://historicpensacola.org/plan-your-visit/museums-properties/museum-of-commerce/,,(850) 595-5985,4.7
Palafox Pier Yacht Harbor Marina,"895 S Palafox St, Gulf Shores, FL",http://www.marinamgmt.com/page/PalafoxPier,,(850) 432-9620,4.6
Rookery Vacation Rentals and Services,"5781 State Highway way #180, Gulf Shores, AL",https://rookery3fortmorgan.com/,,(251) 219-9868,4.8
Sahara Club,"3247 Schillinger Rd N, Gulf Shores, AL",http://www.pshomes.com/city/palm-springs/sahara-park/,,(251) 649-0367,4.2
Sassy Pizza,"8818 AL-180, Gulf Shores, AL 36542, USA",https://www.sassybass.com/,,(251) 540-2261,3.4
Garden Waterfall,"Mobile, Gulf Shores, AL",,,,4.6
Innerarity Point Park,"5828 Cruzat Way, Gulf Shores, FL",,,,4.7
Phineas Phogg's,"E Government St, Gulf Shores, FL",http://www.sevillequarter.com/rooms/phineas-phoggs,,(850) 434-6211,3.9
Pharmacy Management Group Inc,"344 Royal Dr, Gulf Shores, AL 36542, USA",,,(251) 980-1508,
Club Elegance,"208 N Lafayette St, Gulf Shores, AL",,,(251) 438-7322,4.4
Corry Station (Wenzel) Gym,"3711 Chief's Way, Gulf Shores, FL",https://www.navymwrpensacola.com/programs/6e0b37f6-6980-47b6-a983-567ed11a3152,,(850) 452-6198,4.4
Limitless Travel,"31551 Shearwater Dr, Gulf Shores, AL",https://mylimitlesstravel.com/,,(251) 533-6373,5
Sportsplex Trailhead,"Gulf Oak Rdg, Gulf Shores, AL",https://www.orangebeachal.gov/257/Sportsplex,,(251) 981-6979,4.9
The Pines Park Public Boat Launch,"7950 Fort Morgan Road, Gulf Shores, AL",https://www.gulfshores.com/things-to-do/the-pines-boat-launch/,,,4.6
Soundwave,"{'street': '112 W Beach Blvd', 'city': 'Gulf Shores', 'state': 'AL', 'zip': '36542'}",https://soundwavegs.com/,,2512981085,
Gulf Coast Inn,"843 Gulf Breeze Pkwy, Gulf Shores, FL",http://athomeinns.com/,,(850) 932-2222,4.1
"Goat Tree Reserve, Dauphin Island Bird Sanctuaries, Inc.","701 Cadillac Ave, Gulf Shores, AL",http://www.coastalbirding.org/,,,4.1
Eden Condominiums,"16281 Perdido Key Dr, Gulf Shores, FL",http://www.edencondominiums.com/,,(850) 492-3336,4.6
Cornerstone Gardens,"1066 Government St, Gulf Shores, AL",https://cornerstonegarden.org/,,(251) 298-7670,4.8
Centennial Trail,"65RJ+C5, Gulf Shores, AL",,,,4.9
Dinosaurs In The Woods -- Brontosaurus,"Barber Pkwy, Gulf Shores, AL",,,,4.3
Outer Limits VR Game Room,"4700 Main St N-101, Gulf Shores, AL",http://www.vrfunplays.com/,,(251) 240-0647,4.3
Gulf Shores Vacation Rentals by Vacasa,"657 Morgantown Blvd, Gulf Shores, AL 36542, USA",https://www.vacasa.com/usa/Alabama/Gulf-Shores/?utm_source=gmb&utm_medium=organic&utm_campaign=GMB-RelaxonBeachACQ,,(251) 269-6766,4.3
Papa Rocco's,"{'street': '101 West 6th Avenue', 'city': 'Gulf Shores', 'state': 'AL', 'zip': '36542'}",https://paparoccos.com/,,(251) 948-7262,4.2
Tommy's VIP Tours LLC,"4062 Muirfield Ct, Gulf Shores, AL 36542, USA, Gulf Shores, AL",,,(251) 200-0241,5
Coastal Beach,"Perdido Beach Blvd, Gulf Shores, AL",https://www.searchthegulf.com/,,30.2763,4.7
Looks Good From Here Gulf Karts,"{'street': '2380 Wallace Circle', 'city': 'Gulf Shores', 'state': 'Alabama', 'zip': '36542', 'coordinates': {}}",https://www.looksgoodgulfkarts.com/,,251-233-8302,
K. Pierre Art,"{'street': '309 E. 21st Ave, Suite B (East Entrance)', 'city': 'Gulf Shores', 'state': 'AL', 'zip': '36542', 'coordinates': {'lat': 30.274251914635332, 'lng': -87.68422458521059}}",https://www.kpierreart.com,,251-677-1289,
Dauphin Island Heritage and Arts Council,"918 Bienville Blvd, Gulf Shores, AL",http://dauphinislandarts.org/,,(251) 861-3300,4.9
The Banquet Room,"3733 Battleship Pkwy Space A, Gulf Shores, AL",https://www.originaloysterhouse.com/banquet,,(251) 753-5813,4.9
The Beach Club D502,"375 Beach Club Trail, Gulf Shores, AL 36542, USA",,,(866) 602-0032,5
Sanibel Condos,"1524 W Beach Blvd, Gulf Shores, AL 36542, USA",,,(251) 968-6868,4.5
Emerald Coast Tours,"225 Zaragoza St, Gulf Shores, FL",http://www.emeraldcoasttours.net/,,(850) 417-9292,4.9
Pleasure Island Parking & Storage,"19826 W 36th Ave, Gulf Shores, AL 36542, USA",https://www.facebook.com/profile.php?id=61559930946984&mibextid=LQQJ4d,,(251) 677-1899,5
Sunny Lady Dolphin Cruises at The Wharf,"4673 Wharf Pkwy W, Gulf Shores, AL",https://www.dolphincruiseorangebeach.com/,,(251) 589-7117,4.9
Perdido Key State Park West Parking Area,"15880 Perdido Key Dr, Gulf Shores, FL",https://www.floridastateparks.org/parks-and-trails/perdido-key-state-park,,(850) 492-1595,4.5
Elite Salons & Services by Bayside,"24823 Commercial Ave Unit 2, Gulf Shores, AL",,,,5
Reel Attraction Charters,"1577 AL-180, Gulf Shores, AL 36542, USA",,,(251) 422-8665,4.4
Cruiseone Travel Agency,"1023 Tiber Ct, Gulf Shores, AL",,,(251) 952-4748,1
Sea N Suds,"405 E Beach Blvd, Gulf Shores, AL 36542, USA",http://www.sea-n-suds.com/,,(251) 948-7894,4.3
Family Fitness,"Pensacola, Gulf Shores, FL",https://www.navymwrpensacola.com/programs/3e64b872-8302-453d-8f28-cdf1600edea4,,(850) 452-6004,4.3
"Surf Style 206: Surf, Swimwear, Sporting Goods in Gulf Shores","401 Gulf Shores Pkwy, Gulf Shores, AL 36542, USA",https://surfstyle.com/pages/surf-style-store-206?utm_source=google&utm_medium=organic&utm_campaign=gbl,,(954) 924-9779,3.8
Meaher State Park,"5200 Battleship Pkwy, Gulf Shores, AL",http://alapark.com/meaher-state-park,,(251) 626-5529,4.6
Alise & Co. Salon,"{'street': '3849 Gulf Shores Parkway St. 5', 'city': 'Gulf Shores', 'state': 'AL', 'zip': '36542', 'coordinates': {}}",http://www.aliseandcosalon.com/,,(251) 923-4477,4.9
The Village Lawn at The Beach Club,"925 Beach Club Trail, Gulf Shores, AL 36542, USA",https://thebeachclub.spectrumresorts.com/dining/the-village-lawn-2/,,(251) 224-3650,3.5
Truist Gulf Shores Branch,"{'street': '1500 Gulf Shores Pkwy', 'city': 'Gulf Shores', 'state': 'AL', 'zip': '36542', 'coordinates': {'lat': 30.2652, 'lng': -87.688}}",https://www.truist.com,,251-968-6893,
Jeff Friend Trail,"13900 AL-180, Gulf Shores, AL 36542, USA",,,,4.7
Fort Morgan Road Trailhead,"10 Peninsula Blvd, Gulf Shores, AL",,,,4.8
Looks Good Gulf Karts LLC,"5781 AL-180, Gulf Shores, AL 36542, USA",https://www.looksgoodgulfkarts.com/,,(251) 233-8302,
The Park at OWA Roller Coaster,"105 S Owa Blvd, Gulf Shores, AL",https://visitowa.com/attractions/rollin-thunder/,,,4.5
Eastern Shore Lanes,"10460 Eastern Shore Blvd, Gulf Shores, AL",http://www.eslanes.com/,,(251) 625-3400,4.4
Peace of Paradise,"343 S Breakers Ln, Gulf Shores, AL",https://getawaywithrpmrentals.com/listing/peace-of-paradise/,,(251) 281-8071,5
Patient Care Pharmacy,"2033 W 1st St, Gulf Shores, AL 36542, USA",,,(251) 948-3423,
DaVita Gulf Shores Dialysis Center,"3947 Gulf Shores Pkwy #150, Gulf Shores, AL 36542, USA",https://www.davita.com/locations/al/gulf-shores/3947-gulf-shores-pkwy--4402,,(833) 375-1543,5
Publix Pharmacy at Paradise Isle Shopping Center,"1720 Gulf Shores Pkwy Ste 2, Gulf Shores, AL 36542, USA",https://www.publix.com/pharmacy?utm_medium=maps&utm_source=google&utm_content=psmpharm_google_override,,(251) 240-3004,5
The Fairhope Pier,"Fairhope, Gulf Shores, AL",,,,4.7
Pirate's Island Adventure Golf,"3201 Gulf Shores Pkwy, Gulf Shores, AL",https://www.piratesislandgolf.com/our-locations/gulf-shores-al-pirates-island/,,(251) 968-4653,4.7
Felton Lanes,"4315 W Navy Blvd, Gulf Shores, FL",https://m.facebook.com/pages/Felton-Lanes/108168685891040,,(850) 455-9217,2.8
Spanish Trail Veterinary Hospital,"6801 Spanish Trail, Gulf Shores, FL",http://www.spanishtrailvethospital.com/,,(850) 479-1838,4.8
The Rookery Iii 4007 3 Bedroom Cottage,"5781 AL-180, Gulf Shores, AL",,,(510) 404-8220,
Key West Tropical Forest & Botanical Garden,"5210 College Rd, Gulf Shores, FL",https://keywest.garden/,,(305) 296-1504,4.2
Indoor Water Park OWA,"10113 Foley Beach Express, Gulf Shores, AL",,,,5
The Rex,"18 N Palafox St, Gulf Shores, FL",http://rexpensacola.com/,,(850) 479-7210,4.7
Subway,"{'street': '1545 Gulfshore Pky', 'city': 'Gulf Shores', 'state': 'AL', 'zip': '36542', 'coordinates': {}}",https://restaurants.subway.com/united-states/al/orange-beach/25755-perdido-beach-blvd?utm_source=yxt-goog&utm_medium=local&utm_term=acq&utm_content=12619&utm_campaign=evergreen-2020&y_source=1_MTQ5MTUxNDItNzE1LWxvY2F0aW9uLndlYnNpdGU%3D,,(251) 981-6881,3.3
Imax Theater,"5149 Bayou Blvd, Gulf Shores, FL",https://www.amctheatres.com/movie-theatres/pensacola-mobile/amc-bayou-15,,,4.5
Luxury RV Resort,"{'street': '590 Gulf Shores Parkway', 'city': 'Gulf Shores', 'state': 'AL', 'zip': '36542', 'coordinates': {}}",https://www.luxuryrvresort.com/,,(251) 948-5444,4.6
Coast Restaurant at The Beach Club,"453 Beach Club Trail, Gulf Shores, AL 36542, USA",https://dineatcoast.com/,,(251) 224-3600,4.2
From The Ground Up Community Garden,"300 E La Rua St, Gulf Shores, FL",https://www.fromthegroundupgardenpensacola.com/,,(561) 313-2465,4.9
Harrah's Gulf Coast - A Caesars Rewards Destination,"280 Beach Blvd, Gulf Shores, AL",https://www.caesars.com/harrahs-gulf-coast?utm_campaign=gmb&utm_source=goolge&utm_medium=local&utm_term=HarrahsGulfCoast&utm_content=hotel&y_source=1_NDM2Njg0MC03MTUtbG9jYXRpb24ud2Vic2l0ZQ%3D%3D,,(800) 946-2946,4
"Johnson's Beach, Gulf Islands National Seashore","Johnson's Beach, Gulf Shores, FL",https://www.nps.gov/guis/planyourvisit/perdido-key-area.htm,,(850) 934-2600,4.8
Historic Pensacola Village,"205 E Zaragoza St, Gulf Shores, FL",http://www.historicpensacola.org/,,(850) 595-5993,4.8
Pensacola's Catwalk,"Pensacola, Gulf Shores, FL",,,(251) 895-2065,4
Hurricane Lanes,"34876 Emerald Coast Pkwy, Gulf Shores, FL",http://www.hurricanelanesdestin.com/,,(850) 654-5251,4.3
Asbury Place at Cokesbury Church,"750 College Blvd, Gulf Shores, FL",http://www.cokesburychurch.com/locations/asbury-place/,,(850) 476-5818,4.5
"Freedom Boat Club - Perdido Key, FL","14050 Canal A Way, Gulf Shores, FL",https://perdidokeyboatclub.com/?utm_source=google&utm_medium=organic&utm_campaign=gbp,,(850) 497-0130,4.7
Oake Shore Studio,"4790 Wharf Pkwy W Suite F208, Gulf Shores, AL",https://dickslastresort.com,,(850) 686-9048,5
Well Head Spa,"5925 Sweetwater Cir, Gulf Shores, AL",https://wellheadspa.glossgenius.com/,,(251) 850-8192,5
Pure Aloha Adventures,"22922 Alabama's Coastal Connection, Gulf Shores, AL",https://purealohaadventures.com/alabama/,,(251) 391-4832,5
Glory Farms,"13780 Norris Ln, Gulf Shores, AL",https://www.glory-farms.com/,,(251) 228-2462,5
The Beach House Kitchen & Cocktails,"{'street': '1154 West Beach Blvd', 'city': 'Gulf Shores', 'state': 'AL', 'zip': '36542'}",http://beachhousegs.com/,,(251) 948-2431,
Pelican's Perch,"375 Plantation Rd #5710, Gulf Shores, AL 36542, USA",http://vrbo.com/3065054,,(251) 289-9785,
Blue Moose Auto Spa,"{'street': '3890 Gulf Shores Pkwy', 'city': 'Gulf Shores', 'state': 'AL', 'zip': '36561', 'coordinates': {'lat': 30.30751429999999, 'lng': -87.68183409999999}}",https://www.bluemooseautospagulfshores.com/,,(251) 968-2227,4.1
Renea's Hair Studio / Classic Touch,"2404 E 2nd St, Gulf Shores, AL",https://www.styleseat.com/reneabroussard,,(251) 223-3563,5
Bellingrath Gardens,"12401 County Rd 18, Gulf Shores, AL",https://bellingrath.org/,,,4.6
Lafitte Cove Marina,"1010 Fort Pickens Rd, Gulf Shores, FL",https://peglegpetes.com/Marina,,(850) 934-7112,4.9
Palafox Pier,"S Palafox St &, Gulf Shores, FL",http://www.pensacruise.com/,,(850) 435-1603,4.7
Jones Swamp Wetland Preserve & Nature Trail,"198 Patton Dr, Gulf Shores, FL",,,(850) 475-5220,3.7
Heron Bay Wetlands Forever Wild Tract,"Coden, Gulf Shores, AL",,,,4
Big Blue,"2752 Ponce De Leon Ct West, Gulf Shores, AL",https://restandrelaxvacation.com/,,(678) 457-9635,5
Key Sailing,"400 Quietwater Beach Rd, Gulf Shores, FL",https://www.keysailing.com/,,(850) 932-5520,4.7
At The Beach Weddings,"617 Parish Lakes Dr, Gulf Shores, AL",http://www.atthebeachweddings.com/,,(251) 943-3393,4.7
Aqua Spa at Beach Club,"18 Via De Luna Dr, Gulf Shores, FL",http://www.beachclubaquaspa.com/,,(850) 932-5389,4.6
Gulf Islands Waterpark,"17200 16th St, Gulf Shores, AL",http://www.gulfislandswaterpark.com/,,(228) 328-1266,4.3
Garcon Bayou Nature Park,"55 Doug Ford Dr, Gulf Shores, FL",https://myescambia.com/our-services/parks-and-recreation/parks-and-community-centers/park-and-community-center-details/garcon-bayou-nature-park,,(850) 475-5220,4.1
Plaza Ferdinand VII,"East Government St and, Gulf Shores, FL",,,(850) 436-5670,4.6
Pink Pony Pub,"{'street': '137 E Gulf Shores Pl', 'city': 'Gulf Shores', 'state': 'AL', 'zip': '36542', 'coordinates': {'lat': 30.2485551, 'lng': -87.6897651}}",http://www.pinkponypub.net/?utm_source=gbp&utm_medium=organic,,(251) 948-6371,4.1
Sunset Photography LLC,"1002 Woodlore Cir, Gulf Shores, FL",http://sunsetphotography-pcola.com/,,(850) 273-8627,5
Sassy Bass Wine & Spirits,"8818 AL-180, Gulf Shores, AL 36542, USA",https://www.sassybass.com/,,(251) 540-2241,3
Pirates Bay Waterpark Leesburg,"4541 County Rd 147, Gulf Shores, AL",http://piratesbaywaterpark.com/,,(256) 613-8442,4.5
Big Lagoon State Park amphitheater,"Pensacola, Gulf Shores, FL",,,,4.9
Bamahenge,"Elberta, Gulf Shores, AL",,,,4.5
Neptune’s Fountain,"6210 Neptune Blvd, Gulf Shores, AL",https://www.barbermarina.com/,,(251) 987-2698,4.7
Gulfarium Marine Adventure Park,"1010 Miracle Strip Pkwy SE, Gulf Shores, FL",http://www.gulfarium.com/,,(850) 243-9046,4.4
Angela Mott Photography,"26060 Garrett Ln, Gulf Shores, AL",http://angelamottphotography.com/,,(205) 243-9904,4.9
Birmingham Botanical Gardens,"2612 Lane Park Rd, Gulf Shores, AL",https://www.bbgardens.org/,,(205) 414-3950,4.8
Captain Crazy's Paradise,"2139 S McKenzie St, Gulf Shores, AL",https://captaincrazysparadise.com/,,(251) 609-4400,4.8
Surfing Turtle Gulf Shores,"458 E Beach Blvd, Gulf Shores, AL",https://www.surfingturtlegs.com/,,(251) 215-1181,5
Beach Babe Hair,"2033 W 1st St Suite 4, Gulf Shores, AL",https://hair-by-rachel-lawson.square.site/,,(615) 730-2571,5
L.D. Owen Performing Arts Center,"1900 US-31 Bay, Gulf Shores, AL",,,(251) 580-2100,4.7
Splash City Adventures,"6709 Pensacola Blvd, Gulf Shores, FL",http://splashcityadventure.com/,,(850) 505-0800,3.4
Paradise Isle Resort,"{'street': '620 West Beach Boulevard', 'city': 'Gulf Shores', 'state': 'AL', 'zip': '36542', 'coordinates': {'lat': 30.246328, 'lng': -87.701223}}",https://www.bluegreenvacations.com/resorts/alabama/paradise-isle-resort/,,251-948-6811,
Pensacola Marinas,"806 Lakewood Rd, Gulf Shores, FL",http://pensacola-marinas.com/,,(850) 455-4552,4.1
Ike's Bikes,"800 W Beach Blvd, Gulf Shores, AL",https://www.ikesbeachservice.com/,,(251) 984-3757,4.7
Bikes Plus,"2631 Gulf Breeze Pkwy, Gulf Shores, FL",https://www.bikesplusnwfl.com/,,(850) 619-2238,4.4
Bayview Dog Beach,"2000 E Lloyd St, Gulf Shores, FL",,,,4.7
Seville Square,"311 E Government St, Gulf Shores, FL",http://www.ci.pensacola.fl.us/,,(850) 436-5670,4.6
The Hideaway,"925 Beach Club Trail, Gulf Shores, AL 36542, USA",https://thebeachclub.spectrumresorts.com/dining/the-village-hideaway/?utm_source=google&utm_medium=places&utm_campaign=hideaway,,(251) 224-3650,3.8
The Cozy Cottage at Fort Morgan,"3767 Ponce De Leon Ct, Gulf Shores, AL",https://www.simplyrelaxstays.com/the-cozy-cottage-orp5b57ac5x,,(603) 722-7307,4.2
Sassy Bass Amazin' Grill,"5160 AL-180, Gulf Shores, AL 36542, USA",http://www.sassybass.com/,,(251) 975-1010,4.1
Naval Aviation Memorial Theater,"1750 Radford Blvd, Gulf Shores, FL",https://www.navalaviationmuseum.org/,,(800) 327-5002,4.9
Orange Beach Recreation Center,"4849 Wilson Blvd, Gulf Shores, AL",https://www.orangebeachal.gov/380/About,,(251) 981-6028,4.6
Premier Hormone Health and Wellness,"{'street': '1140 Gulf Shores Parkway', 'city': 'Gulf Shores', 'state': 'AL', 'zip': '36542'}",https://premierhormone.com/,,(251) 651-6550,5
The Bowlin' Alley,"3212 20th Ave, Gulf Shores, AL",https://www.thebowlinalley.com/,,(334) 768-2008,3.6
Island Wing Company Grill & Bar - Gulf Shores,"3947 AL-59 #100, Gulf Shores, AL 36542, USA",http://www.islandwing.com/,,(251) 970-1337,4.3
Ebro Card Casino & Racebook,"6558 Dog Track Rd, Gulf Shores, FL",http://www.goebro.com/,,(850) 234-3943,4.1
Gutter Lounge At Phoenix,"3200 N Palafox St, Gulf Shores, FL",http://gutter-phoenix.edan.io/,,(850) 438-0700,4.3
The Bar Fitness-Gym and Spa for Women,"22245 AL-59, Gulf Shores, AL",http://www.thebar4women.com/,,(251) 550-9494,5
The Grid Arcade Bar,"2414 N Pace Blvd, Gulf Shores, FL",http://www.thegridarcadepensacola.com/,,(850) 563-7800,4.8
Apple Annie's,"130 E Government St, Gulf Shores, FL",http://www.sevillequarter.com/rooms/apple-annies,,(850) 434-6211,4.2
The Spot - Night Club & Bar,"7790 Tanner Rd, Gulf Shores, AL",https://www.thespotmobile.com/,,(251) 725-0938,4.6
Treasure Bay Casino and Hotel,"1980 Beach Blvd, Gulf Shores, AL",https://treasurebay.com/,,(228) 385-6000,4.1
Flo & Glo IV Wellness Lounge (Gulf Shores),"3947 Gulf Shores Pkwy #140, Gulf Shores, AL",http://flongloivgulfshores.com/,,(251) 424-1777,5
Wind Creek Wetumpka,"100 River Oaks Dr, Gulf Shores, AL",https://windcreek.com/wetumpka,,(866) 946-3360,4.3
"Johnny B’s Front Porch, Lillian,Al","33925 US-98, Gulf Shores, AL",,,(251) 223-4014,4.4
Cedar Street Social,"4 N Cedar St, Gulf Shores, AL",http://www.outsiderspresents.com/,,(251) 607-6221,4.8
"Seminole Hard Rock Hotel & Casino Hollywood, FL","1 Seminole Way, Gulf Shores, FL",https://casino.hardrock.com/hollywood?utm_campaign=shrss_casino_hard-rock-hotel-and-casino-hollywood_websitelisting&utm_medium=referral&utm_source=gmb,,(866) 502-7529,4.5
Moonshine Saloon,"9722 US-98, Gulf Shores, FL",,,(850) 466-5575,4.2
Bartram Park,"211 Bayfront Pkwy, Gulf Shores, FL",https://cityofpensacola.com/Facilities/Facility/Details/Bartram-Park-17,,(850) 436-5670,4.4
Beautiful Buzz Beauty Bar,"2033 W 1st St Suite 4, Gulf Shores, AL",http://www.beautifulbuzzbeautybar.com/,,(251) 404-4311,5
Sammy's,"500 E Gregory St, Gulf Shores, FL",https://www.sammysonline.com/,,(850) 432-5157,3.4
Neighborhood Barre Gulf Shores,"3800 Gulf Shores Pkwy Unit 118, Gulf Shores, AL 36542, USA, Gulf Shores, AL",https://neighborhoodbarre.com/location/nb-gulf-shores/,,(251) 504-6441,5
O'choppers,"25910 Canal Rd, Gulf Shores, AL",https://www.facebook.com/OChoppers-Irish-Pub-55898211818/,,(251) 974-1300,4.6
Play Pensacola,"16 Palafox Pl Suite 200, Gulf Shores, FL",http://www.iplaypensacola.com/,,(850) 466-2095,4.2
The Laundry Lounge,"{'street': '1700 East 1st St', 'city': 'Gulf Shores', 'state': 'AL', 'zip': '36542', 'coordinates': {}}",https://thelaundryloungegs.com/,,(251) 256-6784,4.9
Legends Bar & Grille,"1 Doug Ford Dr #8707, Gulf Shores, FL",https://www.perdidobaygolf.com/legends-bar-grille/,,(850) 492-1223,3.9
Unique Nails Lounge,"85 W Airport Blvd Unit 8, Gulf Shores, FL",http://uniquenailslounge.com/,,(850) 725-1563,4.8
50/50 lounge,"8380 AL-59, Gulf Shores, AL",,,(251) 943-4004,4.7
Hooligans Arcade,"519 1st St SW, Gulf Shores, AL",https://hooligansarcade.com/,,(205) 230-8750,4.8
The Steamer & Baked Oyster Bar,"{'street': 'Behind Souvenir City', 'city': 'Gulf Shores', 'state': 'AL', 'coordinates': {}}",https://gulfcoaststeamer.com,,,
Doc Holliday's,"203 N Cypress St, Foley, AL 36535, USA, Gulf Shores, AL",http://dochollidaysfoley.com/,,(251) 943-3151,4.6
Spanish Trail Lanes,"2909 Old Spanish Trail, Gulf Shores, AL",https://spanishtraillanes.com/,,(228) 497-2822,4.5
The Pony - Pensacola Gentlemen's Club,"500 E Gregory St, Gulf Shores, FL",https://theponypensacola.com/,https://www.coastalalabama.edu,(850) 285-0139,4.7
Golden Nugget Biloxi Hotel & Casino,"151 Beach Blvd, Gulf Shores, AL",https://www.goldennugget.com/biloxi/,,(228) 435-5400,4.1
Barber Marina,"26986 Fish Trap Rd, Gulf Shores, AL",http://www.barbermarina.com/,,(251) 987-2628,4.6
The Village Hideaway,"925 Beach Club Trail, Gulf Shores, AL",https://thebeachclub.spectrumresorts.com/dining/the-village-hideaway/?utm_source=google&utm_medium=places&utm_campaign=hideaway,,(251) 224-3650,3.8
Hibas Gulf Shores Karaoke & Arcade Bar,"3800 Gulf Shores Pkwy Suite 210, Gulf Shores, AL 36542, USA",https://hibasgulfshores.com/,,(251) 279-0414,4.7
Flight Deck,"3709 W Navy Blvd, Gulf Shores, FL",,,(850) 455-9156,4.5
BF Beauty Bar,"214 Professional Ct # D, Gulf Shores, AL",http://bfbeautybar.com/,,,5
Games and Grub,"1000 Gulf Beach Hwy, Gulf Shores, FL",https://gamesandgrub.netlify.app/,,(850) 287-9430,5
Wild Greg's Saloon,"22 S Palafox St, Gulf Shores, FL",http://wildgregssaloon.com/,,(850) 912-4405,3.1
Blend Lounge,"200 S Palafox St, Gulf Shores, FL",https://blendlounge.com/,,(850) 466-5918,4.2
Patches Lounge,"5100 Girby Rd, Gulf Shores, AL",https://www.aliseandcosalon.com,,(251) 661-8028,4.3
Hibas Karaoke & Arcade Bar,"{'street': '3800 Gulf Shores Pkwy, Unit 210', 'city': 'Gulf Shores', 'state': 'AL', 'zip': '36542', 'coordinates': {'lat': 30.3015609, 'lng': -87.6809302}}",https://hibasgulfshores.com,,,
The Roundup,"560 E Heinberg St, Gulf Shores, FL",,,(850) 433-8482,4.3
Alabama Gulf Coast Music Hall - THE BIG RED BARN - Foley,"12615-A Foley Beach Express, Gulf Shores, AL",https://alabamagulfcoastmusichall.com/,,(251) 978-2462,4.5
Bar 45,"4500 Gulf Shores Pkwy, Gulf Shores, AL 36542, USA",https://oneclubgulfshores.com/45-restaurant-bar/,,(251) 968-3234,4.3
Bleus Burger Restaurant & Bar,"{'street': '3800 Gulf Shores Parkway, Suite 240', 'city': 'Gulf Shores', 'state': 'Alabama', 'zip': '36542', 'coordinates': {'lat': 30.302294, 'lng': -87.680551}}",https://www.bleusburger.com,,251-219-8448,
Sam's Lounge,"1225 N Old Corry Field Rd, Gulf Shores, FL",https://osoalabama.com,,(850) 725-4510,4.1
Whiskey Barrel,"3810 W Navy Blvd, Gulf Shores, FL",https://www.whiskeybarrelpensacola.com/,,(850) 741-2256,3.9
Wind Creek Montgomery,"1801 Eddie L Tullis Rd, Gulf Shores, AL",https://windcreek.com/montgomery,,(866) 946-3360,4.2
The Dirty Rebel Barbershop and Grooming Lounge,"4651 Main St k104, Gulf Shores, AL",https://www.thedirtyrebel.com/?utm_source=google&utm_medium=wix_google_business_profile&utm_campaign=1919119042087944609,,(251) 697-3235,4.9
Pelican Pub,"1102 De Soto Ave, Gulf Shores, AL",,,(251) 861-7180,4.3
HairPhix Salon & ColorBar,"805 Main St, Gulf Shores, AL",http://www.hairphixsalon.com/,,(970) 380-0578,4.7
Dolphin & Sailing Tours by Cetacean Cruises,"4673 Wharf Pkwy W b, Gulf Shores, AL",http://cetaceancruises.com/,,(251) 550-8000,4.9
Cordova Lanes Inc.,"2111 Airport Blvd, Gulf Shores, FL",https://www.cordovalanes.com/,,(850) 477-2300,4.3
Agave Bar & Grill,"3800 Gulf Shores Pkwy # 370, Gulf Shores, AL 36542, USA",https://agavebargrillal.com/,https://www.alabama.travel,(251) 948-0550,4.5
Oops Alley Family Entertainment Center,"3721 US-90, Gulf Shores, FL",http://oopsalley.com/,,(850) 995-9393,4.3
DeLuna Lanes,"590 E 9 Mile Rd, Gulf Shores, FL",http://delunalanes.com/,,(850) 478-9522,4.3
Mudbugs Dive Bar,"624 Gulf Shores Pkwy, Gulf Shores, AL 36542, USA",https://www.facebook.com/MudBugs-Pub-113373175361869/,,(251) 948-8081,3.9
San Bar at the wharf,"4851 Wharf Pkwy W, Orange Beach, AL 36561, USA, Gulf Shores, AL",https://alwharf.com/?utm_source=GBP&utm_medium=organic&utm_campaign=website,,(251) 224-1000,4.5
Bleus Burger Restaurant and Bar,"3800 Gulf Shores Pkwy #240, Gulf Shores, AL 36542, USA",http://www.bleusburger.com/,,(251) 219-8448,4.4
Zebra Club,"2343 Dauphin Island Pkwy, Gulf Shores, AL",http://thebeachclub.spectrumresorts.com/,,(251) 391-1377,4.4
Sleepy Hollow Bar,"5701 W Jackson St, Gulf Shores, FL",http://www.divebarkaraoke.com/,,(850) 455-9288,4.4
Tillys Dance Club,"7939 Cottage Hill Rd, Gulf Shores, AL",https://www.facebook.com/profile.php?id=61558948550181&mibextid=LQQJ4d,https://www.baldwinmls.com,,4.5
Seville Quarter,"130 E Government St, Gulf Shores, FL",http://www.sevillequarter.com/,,(850) 434-6211,4.4
Wild and Barefoot Photo,"505 E 21st Ave, Gulf Shores, AL",http://wildandbarefootphoto.com/,,(251) 948-8141,4.8
Vibar nails Pensacola,"5331 Bellamy Ave, Gulf Shores, FL",https://vibarnails.com/,,(305) 504-1511,4.7
Rocky's Bar,"3703 Gulf Beach Hwy, Gulf Shores, FL",http://rockysbar.net/,,(850) 455-9310,4.3
Barkley House,"410 S Florida Blanca St, Gulf Shores, FL",https://historicpensacola.org/plan-your-visit/museums-properties/barkley-house/,,(850) 595-5985,4.6
Cabaret,"101 S Jefferson St E, Gulf Shores, FL",,,(850) 607-2020,4.5
Signature Event Lounge,"100 Boeing St, Gulf Shores, FL",,,,5
Public beach Fort Morgan,"2542 Ponce De Leon Ct, Gulf Shores, AL 36542, USA",,,,4.8
West End Public Beach,"West End Public Beach, Gulf Shores, AL",,,(251) 861-5525,4.6
Escambia County Public Beach Access #1,"13549 Sandy Key Dr, Gulf Shores, FL",https://www.dep.state.fl.us/cmp/beachaccess/documents/amenities_escambia.pdf,,(850) 475-5220,4.3
Public Beach,"Public Beach, Gulf Shores, AL",http://dauphinisland.org/public-beach/,,,4.5
Gulf Shores Public Beach,"101 Gulf Shores Pkwy, Gulf Shores, AL 36542, USA",https://www.gulfshores.com/things-to-do/gulf-shores-main-public-beach-gulf-place/,,(251) 968-2040,4.8
Public beach access,"2542 Ponce De Leon Ct, Gulf Shores, AL 36542, USA",,,,4.8
Perdido Key Public Beach Access #4,"16470 Perdido Key Dr, Gulf Shores, FL",,,,4.9
Dauphin Island East End Public Beach,"Dauphin Island East End Public Beach, Gulf Shores, AL",http://dauphinisland.org/east-end-landing/,,,4.6
Public Beach 13th Street Access,"1499 W Beach Blvd, Gulf Shores, AL",https://www.gulfshores.com/things-to-do/gulf-shores-13th-street-public-access/,,,4.7
Cotton Bayou Public Beach Access,"25900 Perdido Beach Blvd, Gulf Shores, AL",https://www.gulfshores.com/things-to-do/cotton-bayou-a-gulf-state-park-beach-area/,,(251) 948-7275,4.7
Gulf Shores 12th Street Public Beach Access,"Gulf Shores, Gulf Shores, AL",https://www.gulfshoresal.gov/1133/Beaches,,,4.8
Morgantown Public Beach Access,"Gulf Shores, Gulf Shores, AL",,,,4.7
Sassy Bass Cookout Tiki Bar,"8818 AL-180 Ste C, Gulf Shores, AL 36542, USA",https://www.sassybass.com/,,(251) 948-3052,4.3
BEACH BARBER & SALON,"13621 Innerarity Point Rd, Gulf Shores, FL",http://vagaro.com/BeachBarberAndSalon,,(850) 857-9552,4.4
Picnic Beach Bar & Grill,"128 E 1st Ave, Gulf Shores, AL 36542, USA",https://www.picnicbeach.com/,,(251) 540-0117,4.8
Bamboo Willie's Beachside Bar on Pensacola Beach,"400 Quietwater Beach Rd Suite 14, Gulf Shores, FL",https://bamboowillies.com/,,(850) 916-9888,4.5
Beachy Blowout Bar,"117 E 14th Ave Suite A 3-4, Gulf Shores, AL",http://www.beachyblowoutbar.com/,,(251) 397-7299,4.8
ATM Beach Club Restaurant & Bar,"925 Beach Club Trail, Gulf Shores, AL 36542, USA",https://online.citibank.com,,(800) 627-3999,5
Casino Beach Bar & Grille,"41 Fort Pickens Rd, Gulf Shores, FL",https://casinobeachbar.com/home/,,(850) 932-6313,4.4
Delectable Delights by Tarolyn,"901 Massachusetts Ave #163, Gulf Shores, FL",http://delectabledelightsbytarolyn.com/,,(850) 375-3417,4.9
TCBY,"1301 Gulf Shores Pkwy, Gulf Shores, AL",https://store.tcby.com/menu/gulfshoresal,,(251) 968-8229,4.4
Pelican Scoops Ice Cream - Fort Morgan,"1577 AL-180, Gulf Shores, AL 36542, USA",,,(251) 609-1515,4.9
Hershey's Ice Cream on the Beach,"17288 Perdido Key Dr, Gulf Shores, FL",https://www.canva.com/design/DAG2ucZ3Lu0/gea8hkQmwMH1glJzaR0Skw/view?utm_content=DAG2ucZ3Lu0&utm_campaign=designshare&utm_medium=link2&utm_source=uniquelinks&utlId=hbf699e93f5,,(850) 444-8858,4.5
Black Cat Vegan Bakery,"105 W Orange Ave, Gulf Shores, AL",https://www.instagram.com/blackcatveganbakery__/?fbclid=IwZXh0bgNhZW0CMTEAAR01KaeBMtonn1SN9llP-2zr2ZnvAhsHFJQ5yfEQ0shjeX-IePaD_oMc8Ww_aem_2qP7ttofY0crLLM_eCwDzw,,251-500-1788,4.7
Smallcakes of Pensacola,"5046 Bayou Blvd, Gulf Shores, FL",,,(850) 332-5245,4.3
SWEET CONE ALABAMA ICE CREAM,"10427 Sorrento Rd ste. 103 ste. 103, Gulf Shores, FL",http://www.hersheyicecream.com/,,(850) 456-0585,4.6
Happy Pappys Coffee,"{'street': '1550 West 2nd Street, Unit A5', 'city': 'Gulf Shores', 'state': 'AL', 'zip': '36542', 'coordinates': {}}",https://www.happypappyscoffee.com,,(251) 967-2779,
Sherry's Cake Shop,"510 Massachusetts Ave, Gulf Shores, FL",,,(850) 433-4208,4.6
Foam Coffee,"{'street': '313 East 22nd Avenue', 'city': 'Gulf Shores', 'state': 'AL', 'zip': '36542', 'coordinates': {}}",http://foamcoffeeandshop.com/,,(251) 284-1620,4.5
New Orleans Original Snoballs,"320 E Beach Blvd, Gulf Shores, AL",https://www.facebook.com/New-Orleans-Original-Snoballs-Gulf-Shores-AL-139812446084035/,,,4.7
A Specialty Bakery and Party Shoppe,"{'street': '2200 East 2nd Street, Suite I', 'city': 'Gulf Shores', 'state': 'AL'}",http://aspecialtybakery.net/,,251-968-2253,
Chocolate Corner & Ice Cream,"{'street': '200 W Fort Morgan Rd', 'city': 'Gulf Shores', 'state': 'AL', 'zip': '36542', 'coordinates': {'lat': 30.264748, 'lng': -87.690071}}",http://chocolatecorneronline.com/,,(251) 948-2462,4.8
Smallcakes Foley,"2163 S McKenzie St suite i, Gulf Shores, AL",https://www.smallcakesfoley.com/,,(251) 407-1004,4.8
Matt's Homemade Ice Cream,"1308 Gulf Shores Pkwy, Gulf Shores, AL",,,(251) 948-7098,4.5
Craft Gourmet Bakery,"5555 N Davis Hwy, Gulf Shores, FL",https://www.craftgourmetbakery.com/,,(850) 332-5921,4.6
Yumm Twister & Ice Cream,"229 E 20th Ave Suite 8, Gulf Shores, AL",http://www.yummtcf.com/,,(251) 281-8288,4.8
R'Reileigh's Daybreak Cafe',"34291 US-98, Gulf Shores, AL",https://www.facebook.com/Reileighsdaybreak1211/,,(251) 961-8000,4.7
Bam Coffee 3,"13160 Sorrento Rd Unit BAM, Gulf Shores, FL",http://foamcoffeeandshop.com,,(850) 490-4233,4.7
Beach Bums Coffee & Deli,"15849 AL-180, Gulf Shores, AL",,,#ERROR!,4.7
Adonna's Garden St Cafe and Bakery,"811 W Garden St, Gulf Shores, FL",http://www.gardenstcafe.com/,,(850) 696-2227,4.2
Kilwins Ice Cream - Chocolate - Fudge,"4751 Main St F 113, Gulf Shores, AL",https://www.kilwins.com/pages/stores-near-me-orange-beach-al-36561-0178,,(251) 981-3120,4.7
Beach Girl Coffee,"3500 Gulf Shores Pkwy, Gulf Shores, AL",https://www.beachgirlcoffee.com/,,(251) 948-0474,4.7
Exploreum Science Center & PCI Digital Dome Theater,"65 Government St, Gulf Shores, AL",http://www.exploreum.com/,,(251) 208-6893,4.4
Frost Bites Gulf Shores/Orange Beach,"27853 Perdido Beach Blvd, Gulf Shores, AL",http://www.facebook.com/frostbitesgulfshores,,(214) 578-2014,5
The Sugar Shack & Cafe,"4851 Wharf Pkwy, Gulf Shores, AL",(251) 555-0400,,30.2803,3.7
Bodacious Shops,"407 S Palafox St, Gulf Shores, FL",https://bodaciousshops.com/,,(850) 434-6300,4.5
Dirty Dough Cookies - Pensacola,"85 W Airport Blvd suite 2, Gulf Shores, FL",https://dirtydoughcookies.com/,,(850) 542-7068,4.7
J's Bakery and Cafe,"2014 N 12th Ave, Gulf Shores, FL",http://www.jsbakeryandcafe.com/,,(850) 439-6546,4.3
Foxy's Waffle Bar and Sugar Den,"202 Lemoyne Dr, Gulf Shores, AL",https://www.facebook.com/foxyswafflebar/,,(251) 861-5683,4.6
Spoonz Rolled Ice Cream,"1544 Gulf Shores Pkwy, Gulf Shores, AL",https://facebook.com/SpoonzRolledIceCream,,(256) 736-4021,4.9
A Specialty Bakery,"2200 E 2nd St STE I, Gulf Shores, AL 36542, USA",http://aspecialtybakery.net/,,(251) 968-2253,4.8
Tropical Sno,"520 W Beach Blvd #6436, Gulf Shores, AL",,,(251) 213-5651,4.7
Starbucks Coffee Company,"3820 Gulf Shores Pkwy, Gulf Shores, AL 36542, USA",https://www.starbucks.com/store-locator/store/13748,,(251) 967-7001,3.8
Cherry on Top,"132 W 1st Ave #1, Gulf Shores, AL",https://m.facebook.com/profile.php?id=100063713581591,,(251) 224-4160,4.8
Beachside Brew,"24132 Perdido Beach Blvd 2nd Floor, Gulf Shores, AL",,,(251) 496-8079,5
Bikini Blini Bakery,"101 D S Owa Blvd, Gulf Shores, AL",http://bikiniblini.com/,,(251) 609-1226,4.7
Happy Pappys Coffeehouse,"1550 W 2nd St Unit A5, Gulf Shores, AL 36542, USA",https://www.happypappyscoffee.com/,,#ERROR!,4.8
Walmart Bakery - Gulf Shores Supercenter,"{'street': '170 E Fort Morgan Rd', 'city': 'Gulf Shores', 'state': 'AL', 'zip': '36542', 'coordinates': {'lat': 30.267429, 'lng': -87.686246}}",https://www.walmart.com/store/2748-gulf-shores-al/bakery/,,251-968-5879,
Lighthouse Bakery,"919 Chaumont Ave, Gulf Shores, AL",https://www.facebook.com/LighthouseBakery/,,(251) 861-2253,4.7
Cowbell Rolled Ice Cream,"2200 E 2nd St STE D, Gulf Shores, AL",http://cowbellrolledicecream.com/?utm_source=gmb&utm_medium=referral,,(251) 970-2355,4.9
Petes Ice Cream and Donuts,"8 Market St, Gulf Shores, AL",,,(251) 981-0115,4.5
Craft Gourmet Bakery & Cafe,"615 Scenic Hwy, Gulf Shores, FL",http://craftgourmetbakery.com/,,(850) 332-5921,4.9
Island Sweets Ice Cream And Coffee Shop,"13700 Perdido Key Dr UNIT 108, Gulf Shores, FL",,,(850) 332-5821,4.3
West Beach Coffee House,"900 W Beach Blvd #200, Gulf Shores, AL 36542, USA",,,,4.4
Del's Ice Cream,"400 Gulf Shores Pkwy, Gulf Shores, AL",https://www.delsicecream.com/,,(251) 317-4042,4.9
Milkshake Momma (Mama) Orange Beach,"25908 Canal Rd Suite F, Gulf Shores, AL",http://milkshakemomma.com/,,(251) 228-4970,4.5
Surfside Pizza & Ice Cream,"520 W Beach Blvd, Gulf Shores, AL",https://surfsidepizza.com/,,(251) 948-0078,4.2
Island Ice Cream & Treats,"1154 W Beach Blvd, Gulf Shores, AL",http://www.islandicecreamandtreats.com/,,(251) 540-2423,4.6
Sugar Beach Bakery,"3489 Gulf Breeze Pkwy, Gulf Shores, FL",https://98bakery.com/,,(850) 789-0333,4.6
Gelato Scoop - Gulf Shores,"101 E Beach Blvd Suite G, Gulf Shores, AL",https://iscream-gelato.com/locations/ice-cream-the-hangout-gulf-shores-alabama/,,(251) 286-3129,4.4
Scoops Ice Cream,"601 Gulf Shores Pkwy, Gulf Shores, AL",,,(251) 948-4800,4.6
Gourmet World Market,"Pelican Place At Craft Farms, Gulf Shores, AL",https://www.facebook.com/gourmetworldmarketal,,(251) 285-5431,4.8
Pelican Scoops Ice Cream - Gulf Shores,"2429 E 2nd St, Gulf Shores, AL",https://www.facebook.com/profile.php?id=61557149854084&mibextid=kFxxJD,,(251) 609-1515,4.9
The Yard Milkshake Bar,"3800 Gulf Shores Pkwy, Gulf Shores, AL",https://www.theyardmilkshakebar.com/gulf-shores-menu,,(251) 948-0121,4
Kilwins Ice Cream & Chocolate Shop,"4751 Main St Unit F113, Gulf Shores, AL",https://www.kilwins.com/pages/stores-near-me-orange-beach-al-36561-0269,,(251) 424-7425,5
Anchored Coffee House,"{'street': '1229 Gulf Shores Pkwy, Suite 101', 'city': 'Gulf Shores', 'state': 'AL', 'zip': '36542', 'coordinates': {}}",https://anchoredcoffeehouse0557.s4shops.com/,,(251) 486-0600,4.4
Gage's Ice Cream,"1538 Gulf Shores Pkwy #5, Gulf Shores, AL",,,(251) 219-0382,5
Dippin' Dots,"217 Gulf Shores Pkwy, Gulf Shores, AL",http://dippindots.com/,,(251) 923-4334,4
Bear Fruit Bowls and Coffee,"13440 Perdido Key Dr, Gulf Shores, FL",https://www.bearfruitbowls.com/,https://www.gsflorida.com/library,(850) 972-0469,4.8
Bahama Buck's - Orange Beach,"25747 Perdido Beach Blvd, Gulf Shores, AL",https://bahamabucks.com/shop/orange-beach/,,(251) 395-4209,4.9
The Village Creamery,"925 Beach Club Trail, Gulf Shores, AL",https://thebeachclub.spectrumresorts.com/dining/village-creamery/,,(251) 224-3660,4.3
Sweet Meltdown,"25054 State Ave, Gulf Shores, AL",,,(251) 228-1999,4.8
Anthony Jones Hair Salons,"23175 Perdido Beach Blvd, Gulf Shores, AL",https://www.anthonyjonesinc.net/,,(251) 974-1514,4.8
Lee Nails,"25299 Canal Rd unit a2, Gulf Shores, AL",https://mapsjoy.top/lee-nails-nm5p7i4,,(251) 981-2880,4.5
Serene Orchid Wellness Spa,"1008 W Garden St, Gulf Shores, FL",http://sereneorchid.com/,,(850) 332-6349,4.9
Michelle's Salon of Gulf Shores,"229 E 20th Ave, Gulf Shores, AL",,,(251) 948-5777,5
Posh Nail Salon,"2200 E 2nd St, Gulf Shores, AL",https://placeice.pw/posh-nail-salon-3q48ysu,,(251) 948-0404,4
Très Jolie Salon Lofts,"8154 AL-59 Suite 208, Gulf Shores, AL",http://www.tresjoliesalonlofts.com/,,(251) 923-0369,4.9
Beauty & Bliss,"311 Main St, Gulf Shores, AL",,,(970) 867-9370,4.4
Hertz Car Rental - Pensacola - Pensacola International Airport (PNS),"2430 Airport Blvd, Gulf Shores, FL",https://www.hertz.com/us/en/location/unitedstates/florida/pensacola/pnst11?utm_campaign=gmb-Hertz-Car-Rental---Pensacola---Pensacola-International-Airport--PNS-&utm_medium=gmb-websitelink&utm_source=Google,,(850) 432-2345,2.7
Divine Nails & Spa,"3645 Gulf Shores Pkwy Suite 105, Gulf Shores, AL",https://divine-nail-tan.edan.io/,,(251) 968-3838,4.6
Cutter's Corner,"7857 AL-59, Gulf Shores, AL",http://www.mycutterscorner.com/,,(251) 987-0999,4.7
Beauty Nails,"120 Chief's Way # 16, Gulf Shores, FL",,,(850) 456-8999,4.4
mission25,"236 E 20th Ave, Gulf Shores, AL",,,(251) 215-9333,4
Davis White Salon,"3501 Gulf Shores Pkwy STE 2, Gulf Shores, AL",https://www.facebook.com/DavisWhiteSalon/,,(251) 968-8911,4.8
Solar Nails,"208 W Fort Morgan Rd, Gulf Shores, AL",https://gssolarnails.com/,,(251) 968-9090,4.6
Diva Nails LLC,"15 Brent Ln unit 6, Gulf Shores, FL",https://divanailspensacola.com/,,(850) 378-0220,4.7
Boyd Rental Cars,"206 E Anderson St, Gulf Shores, FL",,,(850) 287-9036,4.6
Sete Beauty Lab,"3817 Gulf Shores Pkwy STE 9, Gulf Shores, AL",http://setebeautylab.com/,,(251) 850-7777,5
YVS Nails,"25741 Perdido Beach Blvd Suite H, Gulf Shores, AL",,,,5
Hertz Car Rental,"4145 Jerry L Maygarden Rd, Gulf Shores, FL",https://www.hertz.com/us/en/location/unitedstates/florida/pensacola/pnsc14?utm_campaign=gmb-Hertz-Car-Rental&utm_medium=gmb-websitelink&utm_source=Google,,(850) 432-2345,1
Reputation The Salon,"3639 Gulf Shores Pkwy STE 3, Gulf Shores, AL",https://www.reputationthesalon.com/,,(251) 493-8018,5
Dollar Car Rental - Pensacola International Airport,"2430 Airport Blvd, Gulf Shores, FL",https://www.dollar.com/us/en/location/unitedstates/florida/pensacola/pns?utm_campaign=gmb-Dollar-Car-Rental---Pensacola-International-Airport&utm_medium=gmb-websitelink&utm_source=Google,,(866) 434-2226,2.7
National Car Rental,"2430 Airport Blvd, Gulf Shores, FL",https://www.nationalcar.com/en/car-rental-locations/us/fl/pensacola-international-airport-55pn.html?mcid=yext:245709,,(844) 370-3976,4.3
Lux Nail Spa,"4651 Main St Unit K5, Gulf Shores, AL",https://luxnailspaob.com/,,(251) 215-6000,4.4
Elite Nails & Tan,"9409 US-98 Ste 60, Gulf Shores, FL",,,(850) 453-5333,4.5
Guardian Rent A Car,"101 S New Warrington Rd, Gulf Shores, FL",http://www.guardianrentacar.com/,,(850) 456-0351,4.3
Gigi's Hair & Beauty Salon,"1949 Athens Ave, Gulf Shores, FL",,,(850) 455-4567,4.8
Scandles Hair & Nailz Salon,"9071 Gulf Beach Hwy, Gulf Shores, FL",,,(850) 455-6657,4.8
Angel Nail & Spa,"160 Cotton Creek Dr Unit 210, Gulf Shores, AL",http://angel-nail-spa-gulf-shores.poi.place/,,(251) 968-9123,4.4
Budget Car Rental,"2430 Airport Blvd, Gulf Shores, FL",https://www.budget.com/en/locations/us/fl/pensacola/pns?utm_source=google&utm_medium=gbp&utm_campaign=budget_gbp,,(850) 432-5499,3.1
Lavish Nail Gulf Shores.,"3849 Gulf Shores Pkwy STE 6, Gulf Shores, AL",,,(251) 968-0005,4.6
HAIR + CO,"1627 W Garden St, Gulf Shores, FL",http://www.hairandco.salon/,,(850) 378-8366,4.8
Nails Envy,"4469 Mobile Hwy ste e, Gulf Shores, FL",https://nailenvyflorida.com/,,(850) 287-3962,4.1
American Rent-A-Car,"2430 Airport Blvd, Gulf Shores, FL",http://www.americanrentacar.com/,,(850) 542-8600,4.9
"Lovely Nails and Spa, 3800 Gulf Shores Pkwy, Gulf Shores, AL","3800 Gulf Shores Pkwy, Gulf Shores, AL",,,(251) 948-4712,4.4
Salon San Carlos,"528 W Garden St #1-3, Gulf Shores, FL",https://salonsancarlos.com/,,(850) 437-0007,4.9
Seaside Salon & Co.,"24821 Commercial Ave Suite 1B, Gulf Shores, AL",,,(205) 294-2496,
Sunset Nails,"25595 Canal Rd D, Gulf Shores, AL",,,(251) 981-0743,4.8
Reflexions Hair Salon,"25814 Canal Rd Suite 8, Gulf Shores, AL",http://www.reflexionshairsalon.com/,,(251) 981-3539,4.8
Classic Touch Hair Salon,"2404 E 2nd St, Gulf Shores, AL",https://hairgulfshores.com/,,(251) 752-7462,4.9
Ocean Nails & Spa,"25405 Perdido Beach Blvd # 17, Gulf Shores, AL",https://www.gulfshores.com/things-to-do/ocean-nails-spa/,,(251) 981-4224,4.4
M Spa & Nail,"4051 Barrancas Ave ste h, Gulf Shores, FL",http://mspaandnailpensacola.com/,,(850) 457-8664,4.4
SmartStyle Hair Salon,"170 E Fort Morgan Rd, Gulf Shores, AL",https://www.smartstyle.com/locations/nearme/haircut/al/gulf-shores/170-e-fort-morgan-rd/11514,,(251) 968-6130,4.5
Blowout & Beauty Co.,"5555 N Davis Hwy C, Gulf Shores, FL",http://blowoutandbeautyco.glossgenius.com/,,(850) 332-5529,4.9
Lovely Nails,"1089 W Navy Blvd ste b, Gulf Shores, FL",https://lovelynailspensacola.top/,,(850) 456-6030,4.3
Nail Boutique Spa,"9506 US-98 Suite 500, Gulf Shores, FL",https://nailboutiquespapensacola.com/,,(850) 903-2203,4.8
Spa at the Grand,"1 Grand Blvd, Gulf Shores, AL",https://www.grand1847.com/spa,,(251) 990-6385,4.8
Pink Goddess Palace,"2506 W Fairfield Dr, Gulf Shores, FL",http://www.pinkgoddesspalace.com/,,(850) 542-2254,4.9
Alamo Rent A Car,"2430 Airport Blvd, Gulf Shores, FL",https://www.alamo.com/en/car-rental-locations/us/fl/pensacola-international-airport-55pq.html?mcid=yext:245709,,(844) 370-3977,4.2
Elite Nails & Spa,"25755 Perdido Beach Blvd, Gulf Shores, AL",https://www.facebook.com/elitenailsorangebeach?mibextid=YMEMSu,,(251) 967-5554,3.7
Choice Signature Luxury Car Rental,"3404 Barrancas Ave, Gulf Shores, FL",https://www.choicesignature.com/pensacola-fl/,,(850) 721-1278,5
Beachside Salon,"2200 E 2nd St STE B, Gulf Shores, AL",https://www.beachsidesalon.com/,,(251) 968-3737,5
Hertz Car Rental - Pensacola - Pensacola Boulevard,"5500 Pensacola Blvd, Gulf Shores, FL",https://www.hertz.com/us/en/location/unitedstates/florida/pensacola/pnsc06?utm_campaign=gmb-Hertz-Car-Rental---Pensacola---Pensacola-Boulevard&utm_medium=gmb-websitelink&utm_source=Google,,(850) 857-4441,3.2
Still Waters Day & Medical Spa,"20 N Tarragona St, Gulf Shores, FL",https://stillwatersmedspa.com/?utm_source=omg-gbp&utm_medium=webclick,,(850) 432-6772,4.7
Nouveau on Dauphin - a salon and day spa,"2513 Dauphin St, Gulf Shores, AL",http://www.nouveaudayspa.com/,,(251) 380-2900,4.7
Nail Boutique and Spa,"Paradise Isle Shopping Center, Gulf Shores, AL",https://boutique-nailspa.com/,,(251) 504-1181,4.9
Studio 98,"7575 US-98, Gulf Shores, FL",,,(850) 456-6200,4.5
Stay The Spa,"240 S Jefferson St, Gulf Shores, FL",http://www.staythespa.com/,,(850) 438-3580,4.7
Escape Wellness Spa,"4400 Bayou Blvd #24, Gulf Shores, FL",http://www.escapeandfeelbetter.com/,,(850) 478-2273,4.9
Sun Kissed Hair Salon & Boutique,"1008 De Soto Ave, Gulf Shores, AL",http://sunkissedsalon-boutique.square.site/,,(251) 861-4247,4.4
Gulf Shores Sports,"{'city': 'Gulf Shores', 'state': 'AL', 'coordinates': {}}",https://gulfshoressports.bookdirect.net,,,
Beach Girl At Home,"3947 AL-59, Gulf Shores, AL 36542, USA, Gulf Shores, AL",https://www.beachgirlathome.com/,,(251) 223-4914,4.9
Pelican Nest RV Resort & Campground,"Orange Beach, AL 36561, USA, Gulf Shores, AL",http://www.dauphinislandcampground.com/,,(251) 861-2338,4.6
Gulf Coast Arts Alliance,"{'street': '225 East 24th Avenue', 'city': 'Gulf Shores', 'state': 'AL', 'zip': '36542', 'coordinates': {'lat': 30.277963, 'lng': -87.684716}}",http://gulfcoastartsalliance.com/,,(251) 948-2627,4.7
City of Gulf Shores,"{'street': '1905 W 1st Street', 'city': 'Gulf Shores', 'state': 'AL', 'zip': '36547', 'coordinates': {'lat': 30.25, 'lng': -87.28}}",https://www.gulfshoresal.gov,,251-968-2425,
Woodside Restaurant,"{'street': '20249 State Park Road', 'city': 'Gulf Shores', 'state': 'Alabama', 'zip': '36542', 'coordinates': {'lat': 30.2667117, 'lng': -87.6795341}}",https://woodsideatgsp.com,,251-923-3100,4.4
The Sloop,"{'street': '103 West Canal Drive', 'city': 'Gulf Shores', 'state': 'AL', 'zip': '36542'}",https://www.thesloop.biz,,251-500-1007,4.7
Foley Model Train Exhibit,"127 E Laurel Ave, Foley, AL 36535, USA, Gulf Shores, AL",https://foleyrailroadmuseum.com/,,(251) 943-1818,4.8
Icehouse Tap Room Gulf Shores,"{'street': '112 Windmill Ridge Road', 'city': 'Gulf Shores', 'state': 'AL', 'zip': '36542-6422', 'coordinates': {'lat': 30.2539215, 'lng': -87.6903732}}",https://www.icehousegs.com,,(251) 200-0157,
Sea N Suds - Restaurant and Oyster Bar,"{'street': '409 E Beach Blvd', 'city': 'Gulf Shores', 'state': 'AL', 'zip': '36542'}",https://sea-n-suds.com,,+251-948-7894,
Prosperous Pelican Gallery,"24823 Commercial Ave #4, Orange Beach, AL 36561, USA, Gulf Shores, AL",,,(251) 981-2022,4.6
Gone Coastal in Gulf Shores LLC,"{'city': 'Gulf Shores', 'state': 'Alabama', 'country': 'USA'}",https://gonecoastalgs.com/,,251-330-5143,
Mo's Landing,"{'street': 'Fort Morgan Road (Highway 180)', 'city': 'Gulf Shores', 'state': 'AL', 'zip': '36542', 'coordinates': {'lat': 30.2456, 'lng': -87.7289}}",https://www.gulfshoresal.gov/1221/Mos-Landing,,251-968-2425,
Gulf Island Grill,"{'street': '244 E Beach Blvd', 'city': 'Gulf Shores', 'state': 'AL', 'zip': '36542', 'coordinates': {}}",https://www.gulfislandgrill.co,,251-968-4440,4.2
Holmes Medical Museum,"111 W Laurel Ave, Foley, AL 36535, USA, Gulf Shores, AL",http://www.visitfoley.com/,,(251) 970-1818,4.9
Foley Railroad Museum,"125 E Laurel Ave, Foley, AL 36535, USA, Gulf Shores, AL",http://www.foleyrailroadmuseum.com/,,(251) 943-1818,4.8
Lazy Lake R.V. Park,"{'street': '18950 Old Plash Island Road', 'city': 'Gulf Shores', 'state': 'Alabama', 'zip': '36542', 'coordinates': {}}",http://www.lazylakervpark.com/,,(251) 968-7875,
Meyer Park Pavilion,"{'street': '400 East 22nd Ave', 'city': 'Gulf Shores', 'state': 'AL', 'zip': '36542'}",https://www.gulfshoresal.gov/1173/Meyer-Park-Pavilion,,251-968-1173,
